ref_name,rx_name,iso_name,section,assay_name,potency_type,potency,cumulative_count,potency_upper_limit,potency_lower_limit,potency_unit,date_added,source_file,cleaned_potency,mutation_list,dedupe_key
Aggarwal22,Casirivimab,hCoV-19/Australia/NSW2715/2020,Table 1,Virus isolate,IC50,27.0,1.0,10000.0,1.0,ng/ml,2022-11-04,aggarwal22-pot.csv,27.0,"['hCoV', '19/Australia/NSW2715/2020']","('Aggarwal22', 'Casirivimab', 'hCoV-19/Australia/NSW2715/2020', 27.0)"
Aggarwal22,Imdevimab,hCoV-19/Australia/NSW2715/2020,Table 1,Virus isolate,IC50,25.0,1.0,10000.0,1.0,ng/ml,2022-11-04,aggarwal22-pot.csv,25.0,"['hCoV', '19/Australia/NSW2715/2020']","('Aggarwal22', 'Imdevimab', 'hCoV-19/Australia/NSW2715/2020', 25.0)"
Aggarwal22,Casirivimab,hCoV-19/Australia/NSW-RPAH-1933/2021,Table 1,Virus isolate,IC50,1000.0,1.0,1000.0,1.0,ng/ml,2022-11-04,aggarwal22-pot.csv,1000.0,"['142D', '143del', '144del', '145del', '211I', '212del', '339D', '371L', '373P', '375F', '417N', '440K', '446S', '477N', '478K', '484A', '493R', '496S', '498R', '501Y', '505H', '547K', '614G', '655Y', '679K', '67V', '681H', '69del', '70del', '764K', '796Y', '856K', '954H', '95I', '969K', '981F']","('Aggarwal22', 'Casirivimab', 'hCoV-19/Australia/NSW-RPAH-1933/2021', 1000.0)"
Aggarwal22,Imdevimab,hCoV-19/Australia/NSW-RPAH-1933/2021,Table 1,Virus isolate,IC50,1000.0,1.0,1000.0,1.0,ng/ml,2022-11-04,aggarwal22-pot.csv,1000.0,"['142D', '143del', '144del', '145del', '211I', '212del', '339D', '371L', '373P', '375F', '417N', '440K', '446S', '477N', '478K', '484A', '493R', '496S', '498R', '501Y', '505H', '547K', '614G', '655Y', '679K', '67V', '681H', '69del', '70del', '764K', '796Y', '856K', '954H', '95I', '969K', '981F']","('Aggarwal22', 'Imdevimab', 'hCoV-19/Australia/NSW-RPAH-1933/2021', 1000.0)"
Ai22,Imdevimab,BA.1 Spike,Figure 3A,Pseudovirus (VSV),IC50,10000.0,1.0,10000.0,0.1,ng/ml,2022-04-12,ai22-pot.csv,10000.0,"['142D', '143del', '144del', '145del', '211I', '212del', '339D', '371L', '373P', '375F', '417N', '440K', '446S', '477N', '478K', '484A', '493R', '496S', '498R', '501Y', '505H', '547K', '614G', '655Y', '679K', '67V', '681H', '69del', '70del', '764K', '796Y', '856K', '954H', '95I', '969K', '981F']","('Ai22', 'Imdevimab', 'BA.1 Spike', 10000.0)"
Ai22,Imdevimab,BA.1.1 Spike,Figure 3A,Pseudovirus (VSV),IC50,10000.0,1.0,10000.0,0.1,ng/ml,2022-04-12,ai22-pot.csv,10000.0,"['142D', '143del', '144del', '145del', '211I', '212del', '339D', '346K', '371L', '373P', '375F', '417N', '440K', '446S', '477N', '478K', '484A', '493R', '496S', '498R', '501Y', '505H', '547K', '614G', '655Y', '679K', '67V', '681H', '69del', '70del', '764K', '796Y', '856K', '954H', '95I', '969K', '981F']","('Ai22', 'Imdevimab', 'BA.1.1 Spike', 10000.0)"
Ai22,Imdevimab,BA.2 Spike,Figure 3A,Pseudovirus (VSV),IC50,353.0,1.0,10000.0,0.1,ng/ml,2022-04-12,ai22-pot.csv,353.0,"['142D', '19I', '213G', '24S', '25del', '26del', '27del', '339D', '371F', '373P', '375F', '376A', '405N', '408S', '417N', '440K', '477N', '478K', '484A', '493R', '498R', '501Y', '505H', '614G', '655Y', '679K', '681H', '764K', '796Y', '954H', '969K']","('Ai22', 'Imdevimab', 'BA.2 Spike', 353.0)"
Ai22,Imdevimab,BA.3 Spike,Figure 3A,Pseudovirus (VSV),IC50,10000.0,1.0,10000.0,0.1,ng/ml,2022-04-12,ai22-pot.csv,10000.0,"['142D', '143del', '144del', '145del', '211I', '212del', '339D', '371F', '373P', '375F', '405N', '417N', '440K', '446S', '477N', '478K', '484A', '493R', '498R', '501Y', '505H', '614G', '655Y', '679K', '67V', '681H', '69del', '70del', '764K', '796Y', '954H', '95I', '969K']","('Ai22', 'Imdevimab', 'BA.3 Spike', 10000.0)"
Ai22,Casirivimab,BA.1 Spike,Figure 3A,Pseudovirus (VSV),IC50,10000.0,1.0,10000.0,0.1,ng/ml,2022-04-12,ai22-pot.csv,10000.0,"['142D', '143del', '144del', '145del', '211I', '212del', '339D', '371L', '373P', '375F', '417N', '440K', '446S', '477N', '478K', '484A', '493R', '496S', '498R', '501Y', '505H', '547K', '614G', '655Y', '679K', '67V', '681H', '69del', '70del', '764K', '796Y', '856K', '954H', '95I', '969K', '981F']","('Ai22', 'Casirivimab', 'BA.1 Spike', 10000.0)"
Ai22,Casirivimab,BA.1.1 Spike,Figure 3A,Pseudovirus (VSV),IC50,10000.0,1.0,10000.0,0.1,ng/ml,2022-04-12,ai22-pot.csv,10000.0,"['142D', '143del', '144del', '145del', '211I', '212del', '339D', '346K', '371L', '373P', '375F', '417N', '440K', '446S', '477N', '478K', '484A', '493R', '496S', '498R', '501Y', '505H', '547K', '614G', '655Y', '679K', '67V', '681H', '69del', '70del', '764K', '796Y', '856K', '954H', '95I', '969K', '981F']","('Ai22', 'Casirivimab', 'BA.1.1 Spike', 10000.0)"
Ai22,Casirivimab,BA.2 Spike,Figure 3A,Pseudovirus (VSV),IC50,10000.0,1.0,10000.0,0.1,ng/ml,2022-04-12,ai22-pot.csv,10000.0,"['142D', '19I', '213G', '24S', '25del', '26del', '27del', '339D', '371F', '373P', '375F', '376A', '405N', '408S', '417N', '440K', '477N', '478K', '484A', '493R', '498R', '501Y', '505H', '614G', '655Y', '679K', '681H', '764K', '796Y', '954H', '969K']","('Ai22', 'Casirivimab', 'BA.2 Spike', 10000.0)"
Ai22,Casirivimab,BA.3 Spike,Figure 3A,Pseudovirus (VSV),IC50,10000.0,1.0,10000.0,0.1,ng/ml,2022-04-12,ai22-pot.csv,10000.0,"['142D', '143del', '144del', '145del', '211I', '212del', '339D', '371F', '373P', '375F', '405N', '417N', '440K', '446S', '477N', '478K', '484A', '493R', '498R', '501Y', '505H', '614G', '655Y', '679K', '67V', '681H', '69del', '70del', '764K', '796Y', '954H', '95I', '969K']","('Ai22', 'Casirivimab', 'BA.3 Spike', 10000.0)"
Annavajhala21b,Casirivimab,S:614G,Figure 3a,Pseudovirus (VSV),IC50,1.83,1.0,10000.0,1.0,ng/ml,2021-08-30,annavajhala21b-pot.csv,1.83,['614G'],"('Annavajhala21b', 'Casirivimab', 'S:614G', 1.83)"
Annavajhala21b,Imdevimab,S:614G,Figure 3a,Pseudovirus (VSV),IC50,2.02,1.0,10000.0,1.0,ng/ml,2021-08-30,annavajhala21b-pot.csv,2.02,['614G'],"('Annavajhala21b', 'Imdevimab', 'S:614G', 2.02)"
Annavajhala21b,Casirivimab,S:484K+614G,Figure 3a,Pseudovirus (VSV),IC50,24.07,1.0,10000.0,1.0,ng/ml,2021-08-30,annavajhala21b-pot.csv,24.07,"['484K', '614G']","('Annavajhala21b', 'Casirivimab', 'S:484K+614G', 24.07)"
Annavajhala21b,Imdevimab,S:484K+614G,Figure 3a,Pseudovirus (VSV),IC50,2.02,1.0,10000.0,1.0,ng/ml,2021-08-30,annavajhala21b-pot.csv,2.02,"['484K', '614G']","('Annavajhala21b', 'Imdevimab', 'S:484K+614G', 2.02)"
Annavajhala21b,Casirivimab,S:5F+95I+253G+484K+614G+701V,Figure 3a,Pseudovirus (VSV),IC50,17.26,1.0,10000.0,1.0,ng/ml,2021-08-30,annavajhala21b-pot.csv,17.26,"['253G', '484K', '5F', '614G', '701V', '95I']","('Annavajhala21b', 'Casirivimab', 'S:5F+95I+253G+484K+614G+701V', 17.26)"
Annavajhala21b,Imdevimab,S:5F+95I+253G+484K+614G+701V,Figure 3a,Pseudovirus (VSV),IC50,2.44,1.0,10000.0,1.0,ng/ml,2021-08-30,annavajhala21b-pot.csv,2.44,"['253G', '484K', '5F', '614G', '701V', '95I']","('Annavajhala21b', 'Imdevimab', 'S:5F+95I+253G+484K+614G+701V', 2.44)"
Annavajhala21b,Casirivimab,hCoV-19/USA/NY-NP-DOH1/2021,Figure 3a,Virus isolate,IC50,71.72,1.0,10000.0,1.0,ng/ml,2021-08-30,annavajhala21b-pot.csv,71.72,"['253G', '484K', '5F', '614G', '701V', '95I']","('Annavajhala21b', 'Casirivimab', 'hCoV-19/USA/NY-NP-DOH1/2021', 71.72)"
Annavajhala21b,Imdevimab,hCoV-19/USA/NY-NP-DOH1/2021,Figure 3a,Virus isolate,IC50,4.68,1.0,10000.0,1.0,ng/ml,2021-08-30,annavajhala21b-pot.csv,4.68,"['253G', '484K', '5F', '614G', '701V', '95I']","('Annavajhala21b', 'Imdevimab', 'hCoV-19/USA/NY-NP-DOH1/2021', 4.68)"
Arora21,Casirivimab,S:19R+142D+156del+157del+158G+452R+478K+614G+681R+950N,Figure 1F,Pseudovirus (VSV),IC50,0.48,1.0,10000.0,0.01,ng/ml,2021-08-03,arora21-pot.csv,0.48,"['142D', '156del', '157del', '158G', '19R', '452R', '478K', '614G', '681R', '950N']","('Arora21', 'Casirivimab', 'S:19R+142D+156del+157del+158G+452R+478K+614G+681R+950N', 0.48)"
Arora21,Imdevimab,S:19R+142D+156del+157del+158G+452R+478K+614G+681R+950N,Figure 1F,Pseudovirus (VSV),IC50,4.35,1.0,10000.0,0.01,ng/ml,2021-08-03,arora21-pot.csv,4.35,"['142D', '156del', '157del', '158G', '19R', '452R', '478K', '614G', '681R', '950N']","('Arora21', 'Imdevimab', 'S:19R+142D+156del+157del+158G+452R+478K+614G+681R+950N', 4.35)"
Arora21b,Casirivimab,S:19R+142D+156del+157del+158G+452R+478K+614G+681R+950N,Figure 1D,Pseudovirus (VSV),IC50,11.5,1.0,10000.0,0.01,ng/ml,2021-11-09,arora21b-pot.csv,11.5,"['142D', '156del', '157del', '158G', '19R', '452R', '478K', '614G', '681R', '950N']","('Arora21b', 'Casirivimab', 'S:19R+142D+156del+157del+158G+452R+478K+614G+681R+950N', 11.5)"
Arora21b,Casirivimab,S:19R+142D+156del+157del+158G+417N+452R+478K+614G+681R+950N,Figure 1D,Pseudovirus (VSV),IC50,9.2,1.0,10000.0,0.01,ng/ml,2021-11-09,arora21b-pot.csv,9.2,"['142D', '156del', '157del', '158G', '19R', '417N', '452R', '478K', '614G', '681R', '950N']","('Arora21b', 'Casirivimab', 'S:19R+142D+156del+157del+158G+417N+452R+478K+614G+681R+950N', 9.2)"
Arora21b,Imdevimab,S:19R+142D+156del+157del+158G+452R+478K+614G+681R+950N,Figure 1D,Pseudovirus (VSV),IC50,33.5,1.0,10000.0,0.01,ng/ml,2021-11-09,arora21b-pot.csv,33.5,"['142D', '156del', '157del', '158G', '19R', '452R', '478K', '614G', '681R', '950N']","('Arora21b', 'Imdevimab', 'S:19R+142D+156del+157del+158G+452R+478K+614G+681R+950N', 33.5)"
Arora21b,Imdevimab,S:19R+142D+156del+157del+158G+417N+452R+478K+614G+681R+950N,Figure 1D,Pseudovirus (VSV),IC50,13.7,1.0,10000.0,0.01,ng/ml,2021-11-09,arora21b-pot.csv,13.7,"['142D', '156del', '157del', '158G', '19R', '417N', '452R', '478K', '614G', '681R', '950N']","('Arora21b', 'Imdevimab', 'S:19R+142D+156del+157del+158G+417N+452R+478K+614G+681R+950N', 13.7)"
Arora22b,Casirivimab,S:614G,Supplementary Table 1,Pseudovirus (VSV),IC50,19.15,1.0,10000.0,1.0,ng/ml,2022-05-24,arora22b-pot.csv,19.15,['614G'],"('Arora22b', 'Casirivimab', 'S:614G', 19.15)"
Arora22b,Imdevimab,S:614G,Supplementary Table 1,Pseudovirus (VSV),IC50,23.73,1.0,10000.0,1.0,ng/ml,2022-05-24,arora22b-pot.csv,23.73,['614G'],"('Arora22b', 'Imdevimab', 'S:614G', 23.73)"
Arora22b,Casirivimab+Imdevimab,S:614G,Supplementary Table 1,Pseudovirus (VSV),IC50,7.605,1.0,10000.0,1.0,ng/ml,2022-05-24,arora22b-pot.csv,7.605,['614G'],"('Arora22b', 'Casirivimab+Imdevimab', 'S:614G', 7.605)"
Arora22b,Casirivimab,BA.1 Spike,Supplementary Table 1,Pseudovirus (VSV),IC50,2266.0,1.0,10000.0,1.0,ng/ml,2022-05-24,arora22b-pot.csv,2266.0,"['142D', '143del', '144del', '145del', '211I', '212del', '339D', '371L', '373P', '375F', '417N', '440K', '446S', '477N', '478K', '484A', '493R', '496S', '498R', '501Y', '505H', '547K', '614G', '655Y', '679K', '67V', '681H', '69del', '70del', '764K', '796Y', '856K', '954H', '95I', '969K', '981F']","('Arora22b', 'Casirivimab', 'BA.1 Spike', 2266.0)"
Arora22b,Imdevimab,BA.1 Spike,Supplementary Table 1,Pseudovirus (VSV),IC50,10000.0,1.0,10000.0,1.0,ng/ml,2022-05-24,arora22b-pot.csv,10000.0,"['142D', '143del', '144del', '145del', '211I', '212del', '339D', '371L', '373P', '375F', '417N', '440K', '446S', '477N', '478K', '484A', '493R', '496S', '498R', '501Y', '505H', '547K', '614G', '655Y', '679K', '67V', '681H', '69del', '70del', '764K', '796Y', '856K', '954H', '95I', '969K', '981F']","('Arora22b', 'Imdevimab', 'BA.1 Spike', 10000.0)"
Arora22b,Casirivimab+Imdevimab,BA.1 Spike,Supplementary Table 1,Pseudovirus (VSV),IC50,2372.0,1.0,10000.0,1.0,ng/ml,2022-05-24,arora22b-pot.csv,2372.0,"['142D', '143del', '144del', '145del', '211I', '212del', '339D', '371L', '373P', '375F', '417N', '440K', '446S', '477N', '478K', '484A', '493R', '496S', '498R', '501Y', '505H', '547K', '614G', '655Y', '679K', '67V', '681H', '69del', '70del', '764K', '796Y', '856K', '954H', '95I', '969K', '981F']","('Arora22b', 'Casirivimab+Imdevimab', 'BA.1 Spike', 2372.0)"
Arora22b,Casirivimab,BA.2 Spike,Supplementary Table 1,Pseudovirus (VSV),IC50,1998.0,1.0,10000.0,1.0,ng/ml,2022-05-24,arora22b-pot.csv,1998.0,"['142D', '19I', '213G', '24S', '25del', '26del', '27del', '339D', '371F', '373P', '375F', '376A', '405N', '408S', '417N', '440K', '477N', '478K', '484A', '493R', '498R', '501Y', '505H', '614G', '655Y', '679K', '681H', '764K', '796Y', '954H', '969K']","('Arora22b', 'Casirivimab', 'BA.2 Spike', 1998.0)"
Arora22b,Imdevimab,BA.2 Spike,Supplementary Table 1,Pseudovirus (VSV),IC50,1166.0,1.0,10000.0,1.0,ng/ml,2022-05-24,arora22b-pot.csv,1166.0,"['142D', '19I', '213G', '24S', '25del', '26del', '27del', '339D', '371F', '373P', '375F', '376A', '405N', '408S', '417N', '440K', '477N', '478K', '484A', '493R', '498R', '501Y', '505H', '614G', '655Y', '679K', '681H', '764K', '796Y', '954H', '969K']","('Arora22b', 'Imdevimab', 'BA.2 Spike', 1166.0)"
Arora22b,Casirivimab+Imdevimab,BA.2 Spike,Supplementary Table 1,Pseudovirus (VSV),IC50,485.9,1.0,10000.0,1.0,ng/ml,2022-05-24,arora22b-pot.csv,485.9,"['142D', '19I', '213G', '24S', '25del', '26del', '27del', '339D', '371F', '373P', '375F', '376A', '405N', '408S', '417N', '440K', '477N', '478K', '484A', '493R', '498R', '501Y', '505H', '614G', '655Y', '679K', '681H', '764K', '796Y', '954H', '969K']","('Arora22b', 'Casirivimab+Imdevimab', 'BA.2 Spike', 485.9)"
Arora22b,Casirivimab,BA.3 Spike,Supplementary Table 1,Pseudovirus (VSV),IC50,3475.0,1.0,10000.0,1.0,ng/ml,2022-05-24,arora22b-pot.csv,3475.0,"['142D', '143del', '144del', '145del', '211I', '212del', '339D', '371F', '373P', '375F', '405N', '417N', '440K', '446S', '477N', '478K', '484A', '493R', '498R', '501Y', '505H', '614G', '655Y', '679K', '67V', '681H', '69del', '70del', '764K', '796Y', '954H', '95I', '969K']","('Arora22b', 'Casirivimab', 'BA.3 Spike', 3475.0)"
Arora22b,Imdevimab,BA.3 Spike,Supplementary Table 1,Pseudovirus (VSV),IC50,10000.0,1.0,10000.0,1.0,ng/ml,2022-05-24,arora22b-pot.csv,10000.0,"['142D', '143del', '144del', '145del', '211I', '212del', '339D', '371F', '373P', '375F', '405N', '417N', '440K', '446S', '477N', '478K', '484A', '493R', '498R', '501Y', '505H', '614G', '655Y', '679K', '67V', '681H', '69del', '70del', '764K', '796Y', '954H', '95I', '969K']","('Arora22b', 'Imdevimab', 'BA.3 Spike', 10000.0)"
Arora22b,Casirivimab+Imdevimab,BA.3 Spike,Supplementary Table 1,Pseudovirus (VSV),IC50,5092.0,1.0,10000.0,1.0,ng/ml,2022-05-24,arora22b-pot.csv,5092.0,"['142D', '143del', '144del', '145del', '211I', '212del', '339D', '371F', '373P', '375F', '405N', '417N', '440K', '446S', '477N', '478K', '484A', '493R', '498R', '501Y', '505H', '614G', '655Y', '679K', '67V', '681H', '69del', '70del', '764K', '796Y', '954H', '95I', '969K']","('Arora22b', 'Casirivimab+Imdevimab', 'BA.3 Spike', 5092.0)"
Arora22c,Casirivimab,B.1 Spike,Supplementary Figure 1D,Pseudovirus (VSV),IC50,9.7,1.0,2000.0,1.0,ng/ml,2022-07-19,arora22c-pot.csv,9.7,['614G'],"('Arora22c', 'Casirivimab', 'B.1 Spike', 9.7)"
Arora22c,Imdevimab,B.1 Spike,Supplementary Figure 1D,Pseudovirus (VSV),IC50,10.5,1.0,2000.0,1.0,ng/ml,2022-07-19,arora22c-pot.csv,10.5,['614G'],"('Arora22c', 'Imdevimab', 'B.1 Spike', 10.5)"
Arora22c,Casirivimab+Imdevimab,B.1 Spike,Supplementary Figure 1D,Pseudovirus (VSV),IC50,11.1,1.0,2000.0,1.0,ng/ml,2022-07-19,arora22c-pot.csv,11.1,['614G'],"('Arora22c', 'Casirivimab+Imdevimab', 'B.1 Spike', 11.1)"
Arora22c,Casirivimab,C.1.2 Spike:-144del-243del-244del-859N,Supplementary Figure 1D,Pseudovirus (VSV),IC50,71.6,1.0,2000.0,1.0,ng/ml,2022-07-19,arora22c-pot.csv,71.6,"['136F', '190S', '215G', '449H', '484K', '501Y', '614G', '655Y', '679K', '716I', '9L']","('Arora22c', 'Casirivimab', 'C.1.2 Spike:-144del-243del-244del-859N', 71.6)"
Arora22c,Imdevimab,C.1.2 Spike:-144del-243del-244del-859N,Supplementary Figure 1D,Pseudovirus (VSV),IC50,8.6,1.0,2000.0,1.0,ng/ml,2022-07-19,arora22c-pot.csv,8.6,"['136F', '190S', '215G', '449H', '484K', '501Y', '614G', '655Y', '679K', '716I', '9L']","('Arora22c', 'Imdevimab', 'C.1.2 Spike:-144del-243del-244del-859N', 8.6)"
Arora22c,Casirivimab+Imdevimab,C.1.2 Spike:-144del-243del-244del-859N,Supplementary Figure 1D,Pseudovirus (VSV),IC50,9.0,1.0,2000.0,1.0,ng/ml,2022-07-19,arora22c-pot.csv,9.0,"['136F', '190S', '215G', '449H', '484K', '501Y', '614G', '655Y', '679K', '716I', '9L']","('Arora22c', 'Casirivimab+Imdevimab', 'C.1.2 Spike:-144del-243del-244del-859N', 9.0)"
Arora22c,Casirivimab,C.1.2 Spike:25L+152R+478K+879T,Supplementary Figure 1D,Pseudovirus (VSV),IC50,29.5,1.0,2000.0,1.0,ng/ml,2022-07-19,arora22c-pot.csv,29.5,"['136F', '144del', '152R', '190S', '215G', '242del', '243del', '25L', '449H', '478K', '484K', '501Y', '614G', '655Y', '679K', '716I', '859N', '879T', '9L']","('Arora22c', 'Casirivimab', 'C.1.2 Spike:25L+152R+478K+879T', 29.5)"
Arora22c,Imdevimab,C.1.2 Spike:25L+152R+478K+879T,Supplementary Figure 1D,Pseudovirus (VSV),IC50,7.3,1.0,2000.0,1.0,ng/ml,2022-07-19,arora22c-pot.csv,7.3,"['136F', '144del', '152R', '190S', '215G', '242del', '243del', '25L', '449H', '478K', '484K', '501Y', '614G', '655Y', '679K', '716I', '859N', '879T', '9L']","('Arora22c', 'Imdevimab', 'C.1.2 Spike:25L+152R+478K+879T', 7.3)"
Arora22c,Casirivimab+Imdevimab,C.1.2 Spike:25L+152R+478K+879T,Supplementary Figure 1D,Pseudovirus (VSV),IC50,6.7,1.0,2000.0,1.0,ng/ml,2022-07-19,arora22c-pot.csv,6.7,"['136F', '144del', '152R', '190S', '215G', '242del', '243del', '25L', '449H', '478K', '484K', '501Y', '614G', '655Y', '679K', '716I', '859N', '879T', '9L']","('Arora22c', 'Casirivimab+Imdevimab', 'C.1.2 Spike:25L+152R+478K+879T', 6.7)"
Arora22c,Casirivimab,S:95I+144S+145N+346K+484K+501Y+614G+681H+950N,Supplementary Figure 1D,Pseudovirus (VSV),IC50,58.6,1.0,2000.0,1.0,ng/ml,2022-07-19,arora22c-pot.csv,58.6,"['144S', '145N', '346K', '484K', '501Y', '614G', '681H', '950N', '95I']","('Arora22c', 'Casirivimab', 'S:95I+144S+145N+346K+484K+501Y+614G+681H+950N', 58.6)"
Arora22c,Imdevimab,S:95I+144S+145N+346K+484K+501Y+614G+681H+950N,Supplementary Figure 1D,Pseudovirus (VSV),IC50,10.1,1.0,2000.0,1.0,ng/ml,2022-07-19,arora22c-pot.csv,10.1,"['144S', '145N', '346K', '484K', '501Y', '614G', '681H', '950N', '95I']","('Arora22c', 'Imdevimab', 'S:95I+144S+145N+346K+484K+501Y+614G+681H+950N', 10.1)"
Arora22c,Casirivimab+Imdevimab,S:95I+144S+145N+346K+484K+501Y+614G+681H+950N,Supplementary Figure 1D,Pseudovirus (VSV),IC50,18.7,1.0,2000.0,1.0,ng/ml,2022-07-19,arora22c-pot.csv,18.7,"['144S', '145N', '346K', '484K', '501Y', '614G', '681H', '950N', '95I']","('Arora22c', 'Casirivimab+Imdevimab', 'S:95I+144S+145N+346K+484K+501Y+614G+681H+950N', 18.7)"
Arora22c,Casirivimab,B.1.351 Spike,Supplementary Figure 1D,Pseudovirus (VSV),IC50,220.6,1.0,2000.0,1.0,ng/ml,2022-07-19,arora22c-pot.csv,220.6,"['18F', '215G', '242del', '243del', '244del', '246I', '417N', '484K', '501Y', '614G', '701V', '80A']","('Arora22c', 'Casirivimab', 'B.1.351 Spike', 220.6)"
Arora22c,Imdevimab,B.1.351 Spike,Supplementary Figure 1D,Pseudovirus (VSV),IC50,5.8,1.0,2000.0,1.0,ng/ml,2022-07-19,arora22c-pot.csv,5.8,"['18F', '215G', '242del', '243del', '244del', '246I', '417N', '484K', '501Y', '614G', '701V', '80A']","('Arora22c', 'Imdevimab', 'B.1.351 Spike', 5.8)"
Arora22c,Casirivimab+Imdevimab,B.1.351 Spike,Supplementary Figure 1D,Pseudovirus (VSV),IC50,17.8,1.0,2000.0,1.0,ng/ml,2022-07-19,arora22c-pot.csv,17.8,"['18F', '215G', '242del', '243del', '244del', '246I', '417N', '484K', '501Y', '614G', '701V', '80A']","('Arora22c', 'Casirivimab+Imdevimab', 'B.1.351 Spike', 17.8)"
Arora22d,Casirivimab,S:614G,Figure 1F,Pseudovirus (VSV),IC50,3.6,1.0,10000.0,1.0,ng/ml,2022-07-29,arora22d-pot.csv,3.6,['614G'],"('Arora22d', 'Casirivimab', 'S:614G', 3.6)"
Arora22d,Casirivimab,B.1.640.2 Spike,Figure 1F,Pseudovirus (VSV),IC50,10.0,1.0,10000.0,1.0,ng/ml,2022-07-29,arora22d-pot.csv,10.0,"['1139H', '136del', '137del', '138del', '139del', '140del', '141del', '142del', '143del', '144del', '156G', '157del', '158del', '190R', '190S', '215D', '215H', '215N', '215Y', '346S', '394S', '449N', '484K', '490S', '501Y', '614G', '681H', '859N', '96Q', '9L']","('Arora22d', 'Casirivimab', 'B.1.640.2 Spike', 10.0)"
Arora22d,Imdevimab,S:614G,Figure 1F,Pseudovirus (VSV),IC50,4.9,1.0,10000.0,1.0,ng/ml,2022-07-29,arora22d-pot.csv,4.9,['614G'],"('Arora22d', 'Imdevimab', 'S:614G', 4.9)"
Arora22d,Imdevimab,B.1.640.2 Spike,Figure 1F,Pseudovirus (VSV),IC50,2.1,1.0,10000.0,1.0,ng/ml,2022-07-29,arora22d-pot.csv,2.1,"['1139H', '136del', '137del', '138del', '139del', '140del', '141del', '142del', '143del', '144del', '156G', '157del', '158del', '190R', '190S', '215D', '215H', '215N', '215Y', '346S', '394S', '449N', '484K', '490S', '501Y', '614G', '681H', '859N', '96Q', '9L']","('Arora22d', 'Imdevimab', 'B.1.640.2 Spike', 2.1)"
Arora22e,Casirivimab,S:614G,Supplementary Figure B,Pseudovirus (VSV),IC50,12.1,1.0,5000.0,1.0,ng/ml,2022-07-30,arora22e-pot.csv,12.1,['614G'],"('Arora22e', 'Casirivimab', 'S:614G', 12.1)"
Arora22e,Imdevimab,S:614G,Supplementary Figure B,Pseudovirus (VSV),IC50,11.8,1.0,5000.0,1.0,ng/ml,2022-07-30,arora22e-pot.csv,11.8,['614G'],"('Arora22e', 'Imdevimab', 'S:614G', 11.8)"
Arora22e,Casirivimab+Imdevimab,S:614G,Supplementary Figure B,Pseudovirus (VSV),IC50,6.6,1.0,5000.0,1.0,ng/ml,2022-07-30,arora22e-pot.csv,6.6,['614G'],"('Arora22e', 'Casirivimab+Imdevimab', 'S:614G', 6.6)"
Arora22e,Casirivimab,BA.1 Spike,Supplementary Figure B,Pseudovirus (VSV),IC50,1456.0,1.0,5000.0,1.0,ng/ml,2022-07-30,arora22e-pot.csv,1456.0,"['142D', '143del', '144del', '145del', '211I', '212del', '339D', '371L', '373P', '375F', '417N', '440K', '446S', '477N', '478K', '484A', '493R', '496S', '498R', '501Y', '505H', '547K', '614G', '655Y', '679K', '67V', '681H', '69del', '70del', '764K', '796Y', '856K', '954H', '95I', '969K', '981F']","('Arora22e', 'Casirivimab', 'BA.1 Spike', 1456.0)"
Arora22e,Imdevimab,BA.1 Spike,Supplementary Figure B,Pseudovirus (VSV),IC50,5000.0,1.0,5000.0,1.0,ng/ml,2022-07-30,arora22e-pot.csv,5000.0,"['142D', '143del', '144del', '145del', '211I', '212del', '339D', '371L', '373P', '375F', '417N', '440K', '446S', '477N', '478K', '484A', '493R', '496S', '498R', '501Y', '505H', '547K', '614G', '655Y', '679K', '67V', '681H', '69del', '70del', '764K', '796Y', '856K', '954H', '95I', '969K', '981F']","('Arora22e', 'Imdevimab', 'BA.1 Spike', 5000.0)"
Arora22e,Casirivimab+Imdevimab,BA.1 Spike,Supplementary Figure B,Pseudovirus (VSV),IC50,1469.0,1.0,5000.0,1.0,ng/ml,2022-07-30,arora22e-pot.csv,1469.0,"['142D', '143del', '144del', '145del', '211I', '212del', '339D', '371L', '373P', '375F', '417N', '440K', '446S', '477N', '478K', '484A', '493R', '496S', '498R', '501Y', '505H', '547K', '614G', '655Y', '679K', '67V', '681H', '69del', '70del', '764K', '796Y', '856K', '954H', '95I', '969K', '981F']","('Arora22e', 'Casirivimab+Imdevimab', 'BA.1 Spike', 1469.0)"
Arora22e,Casirivimab,BA.2 Spike,Supplementary Figure B,Pseudovirus (VSV),IC50,938.0,1.0,5000.0,1.0,ng/ml,2022-07-30,arora22e-pot.csv,938.0,"['142D', '19I', '213G', '24S', '25del', '26del', '27del', '339D', '371F', '373P', '375F', '376A', '405N', '408S', '417N', '440K', '477N', '478K', '484A', '493R', '498R', '501Y', '505H', '614G', '655Y', '679K', '681H', '764K', '796Y', '954H', '969K']","('Arora22e', 'Casirivimab', 'BA.2 Spike', 938.0)"
Arora22e,Imdevimab,BA.2 Spike,Supplementary Figure B,Pseudovirus (VSV),IC50,415.0,1.0,5000.0,1.0,ng/ml,2022-07-30,arora22e-pot.csv,415.0,"['142D', '19I', '213G', '24S', '25del', '26del', '27del', '339D', '371F', '373P', '375F', '376A', '405N', '408S', '417N', '440K', '477N', '478K', '484A', '493R', '498R', '501Y', '505H', '614G', '655Y', '679K', '681H', '764K', '796Y', '954H', '969K']","('Arora22e', 'Imdevimab', 'BA.2 Spike', 415.0)"
Arora22e,Casirivimab+Imdevimab,BA.2 Spike,Supplementary Figure B,Pseudovirus (VSV),IC50,267.0,1.0,5000.0,1.0,ng/ml,2022-07-30,arora22e-pot.csv,267.0,"['142D', '19I', '213G', '24S', '25del', '26del', '27del', '339D', '371F', '373P', '375F', '376A', '405N', '408S', '417N', '440K', '477N', '478K', '484A', '493R', '498R', '501Y', '505H', '614G', '655Y', '679K', '681H', '764K', '796Y', '954H', '969K']","('Arora22e', 'Casirivimab+Imdevimab', 'BA.2 Spike', 267.0)"
Arora22e,Casirivimab,BA.2.12.1 Spike,Supplementary Figure B,Pseudovirus (VSV),IC50,480.0,1.0,5000.0,1.0,ng/ml,2022-07-30,arora22e-pot.csv,480.0,"['142D', '19I', '213G', '24S', '25del', '26del', '27del', '339D', '371F', '373P', '375F', '376A', '405N', '408S', '417N', '440K', '452Q', '477N', '478K', '484A', '493R', '498R', '501Y', '505H', '614G', '655Y', '679K', '681H', '704L', '764K', '796Y', '954H', '969K']","('Arora22e', 'Casirivimab', 'BA.2.12.1 Spike', 480.0)"
Arora22e,Imdevimab,BA.2.12.1 Spike,Supplementary Figure B,Pseudovirus (VSV),IC50,345.0,1.0,5000.0,1.0,ng/ml,2022-07-30,arora22e-pot.csv,345.0,"['142D', '19I', '213G', '24S', '25del', '26del', '27del', '339D', '371F', '373P', '375F', '376A', '405N', '408S', '417N', '440K', '452Q', '477N', '478K', '484A', '493R', '498R', '501Y', '505H', '614G', '655Y', '679K', '681H', '704L', '764K', '796Y', '954H', '969K']","('Arora22e', 'Imdevimab', 'BA.2.12.1 Spike', 345.0)"
Arora22e,Casirivimab+Imdevimab,BA.2.12.1 Spike,Supplementary Figure B,Pseudovirus (VSV),IC50,293.0,1.0,5000.0,1.0,ng/ml,2022-07-30,arora22e-pot.csv,293.0,"['142D', '19I', '213G', '24S', '25del', '26del', '27del', '339D', '371F', '373P', '375F', '376A', '405N', '408S', '417N', '440K', '452Q', '477N', '478K', '484A', '493R', '498R', '501Y', '505H', '614G', '655Y', '679K', '681H', '704L', '764K', '796Y', '954H', '969K']","('Arora22e', 'Casirivimab+Imdevimab', 'BA.2.12.1 Spike', 293.0)"
Arora22e,Casirivimab,BA.4/5 Spike,Supplementary Figure B,Pseudovirus (VSV),IC50,5000.0,1.0,5000.0,1.0,ng/ml,2022-07-30,arora22e-pot.csv,5000.0,"['142D', '19I', '213G', '24S', '25del', '26del', '27del', '339D', '371F', '373P', '375F', '376A', '405N', '408S', '417N', '440K', '452R', '477N', '478K', '484A', '486V', '498R', '501Y', '505H', '614G', '655Y', '679K', '681H', '69del', '70del', '764K', '796Y', '954H', '969K']","('Arora22e', 'Casirivimab', 'BA.4/5 Spike', 5000.0)"
Arora22e,Imdevimab,BA.4/5 Spike,Supplementary Figure B,Pseudovirus (VSV),IC50,844.0,1.0,5000.0,1.0,ng/ml,2022-07-30,arora22e-pot.csv,844.0,"['142D', '19I', '213G', '24S', '25del', '26del', '27del', '339D', '371F', '373P', '375F', '376A', '405N', '408S', '417N', '440K', '452R', '477N', '478K', '484A', '486V', '498R', '501Y', '505H', '614G', '655Y', '679K', '681H', '69del', '70del', '764K', '796Y', '954H', '969K']","('Arora22e', 'Imdevimab', 'BA.4/5 Spike', 844.0)"
Arora22e,Casirivimab+Imdevimab,BA.4/5 Spike,Supplementary Figure B,Pseudovirus (VSV),IC50,966.0,1.0,5000.0,1.0,ng/ml,2022-07-30,arora22e-pot.csv,966.0,"['142D', '19I', '213G', '24S', '25del', '26del', '27del', '339D', '371F', '373P', '375F', '376A', '405N', '408S', '417N', '440K', '452R', '477N', '478K', '484A', '486V', '498R', '501Y', '505H', '614G', '655Y', '679K', '681H', '69del', '70del', '764K', '796Y', '954H', '969K']","('Arora22e', 'Casirivimab+Imdevimab', 'BA.4/5 Spike', 966.0)"
Arora22f,Casirivimab,B.1 Spike,Figure B,Pseudovirus (VSV),IC50,21.0,1.0,50000.0,1.0,ng/ml,2022-12-15,arora22f-pot.csv,21.0,['614G'],"('Arora22f', 'Casirivimab', 'B.1 Spike', 21.0)"
Arora22f,Imdevimab,B.1 Spike,Figure B,Pseudovirus (VSV),IC50,19.0,1.0,50000.0,1.0,ng/ml,2022-12-15,arora22f-pot.csv,19.0,['614G'],"('Arora22f', 'Imdevimab', 'B.1 Spike', 19.0)"
Arora22f,Casirivimab+Imdevimab,B.1 Spike,Figure B,Pseudovirus (VSV),IC50,9.0,1.0,50000.0,1.0,ng/ml,2022-12-15,arora22f-pot.csv,9.0,['614G'],"('Arora22f', 'Casirivimab+Imdevimab', 'B.1 Spike', 9.0)"
Arora22f,Casirivimab,BA.1 Spike,Figure B,Pseudovirus (VSV),IC50,1890.0,1.0,50000.0,1.0,ng/ml,2022-12-15,arora22f-pot.csv,1890.0,"['142D', '143del', '144del', '145del', '211I', '212del', '339D', '371L', '373P', '375F', '417N', '440K', '446S', '477N', '478K', '484A', '493R', '496S', '498R', '501Y', '505H', '547K', '614G', '655Y', '679K', '67V', '681H', '69del', '70del', '764K', '796Y', '856K', '954H', '95I', '969K', '981F']","('Arora22f', 'Casirivimab', 'BA.1 Spike', 1890.0)"
Arora22f,Imdevimab,BA.1 Spike,Figure B,Pseudovirus (VSV),IC50,50000.0,1.0,50000.0,1.0,ng/ml,2022-12-15,arora22f-pot.csv,50000.0,"['142D', '143del', '144del', '145del', '211I', '212del', '339D', '371L', '373P', '375F', '417N', '440K', '446S', '477N', '478K', '484A', '493R', '496S', '498R', '501Y', '505H', '547K', '614G', '655Y', '679K', '67V', '681H', '69del', '70del', '764K', '796Y', '856K', '954H', '95I', '969K', '981F']","('Arora22f', 'Imdevimab', 'BA.1 Spike', 50000.0)"
Arora22f,Casirivimab+Imdevimab,BA.1 Spike,Figure B,Pseudovirus (VSV),IC50,3642.0,1.0,50000.0,1.0,ng/ml,2022-12-15,arora22f-pot.csv,3642.0,"['142D', '143del', '144del', '145del', '211I', '212del', '339D', '371L', '373P', '375F', '417N', '440K', '446S', '477N', '478K', '484A', '493R', '496S', '498R', '501Y', '505H', '547K', '614G', '655Y', '679K', '67V', '681H', '69del', '70del', '764K', '796Y', '856K', '954H', '95I', '969K', '981F']","('Arora22f', 'Casirivimab+Imdevimab', 'BA.1 Spike', 3642.0)"
Arora22f,Casirivimab,BA.4/5 Spike,Figure B,Pseudovirus (VSV),IC50,50000.0,1.0,50000.0,1.0,ng/ml,2022-12-15,arora22f-pot.csv,50000.0,"['142D', '19I', '213G', '24S', '25del', '26del', '27del', '339D', '371F', '373P', '375F', '376A', '405N', '408S', '417N', '440K', '452R', '477N', '478K', '484A', '486V', '498R', '501Y', '505H', '614G', '655Y', '679K', '681H', '69del', '70del', '764K', '796Y', '954H', '969K']","('Arora22f', 'Casirivimab', 'BA.4/5 Spike', 50000.0)"
Arora22f,Imdevimab,BA.4/5 Spike,Figure B,Pseudovirus (VSV),IC50,994.0,1.0,50000.0,1.0,ng/ml,2022-12-15,arora22f-pot.csv,994.0,"['142D', '19I', '213G', '24S', '25del', '26del', '27del', '339D', '371F', '373P', '375F', '376A', '405N', '408S', '417N', '440K', '452R', '477N', '478K', '484A', '486V', '498R', '501Y', '505H', '614G', '655Y', '679K', '681H', '69del', '70del', '764K', '796Y', '954H', '969K']","('Arora22f', 'Imdevimab', 'BA.4/5 Spike', 994.0)"
Arora22f,Casirivimab+Imdevimab,BA.4/5 Spike,Figure B,Pseudovirus (VSV),IC50,2611.0,1.0,50000.0,1.0,ng/ml,2022-12-15,arora22f-pot.csv,2611.0,"['142D', '19I', '213G', '24S', '25del', '26del', '27del', '339D', '371F', '373P', '375F', '376A', '405N', '408S', '417N', '440K', '452R', '477N', '478K', '484A', '486V', '498R', '501Y', '505H', '614G', '655Y', '679K', '681H', '69del', '70del', '764K', '796Y', '954H', '969K']","('Arora22f', 'Casirivimab+Imdevimab', 'BA.4/5 Spike', 2611.0)"
Arora22f,Casirivimab,BA.4.6 Spike,Figure B,Pseudovirus (VSV),IC50,50000.0,1.0,50000.0,1.0,ng/ml,2022-12-15,arora22f-pot.csv,50000.0,"['142D', '19I', '213G', '24S', '25del', '26del', '27del', '339D', '346T', '371F', '373P', '375F', '376A', '405N', '408S', '417N', '440K', '452R', '477N', '478K', '484A', '486V', '498R', '501Y', '505H', '614G', '655Y', '658S', '679K', '681H', '69del', '70del', '764K', '796Y', '954H', '969K']","('Arora22f', 'Casirivimab', 'BA.4.6 Spike', 50000.0)"
Arora22f,Imdevimab,BA.4.6 Spike,Figure B,Pseudovirus (VSV),IC50,2109.0,1.0,50000.0,1.0,ng/ml,2022-12-15,arora22f-pot.csv,2109.0,"['142D', '19I', '213G', '24S', '25del', '26del', '27del', '339D', '346T', '371F', '373P', '375F', '376A', '405N', '408S', '417N', '440K', '452R', '477N', '478K', '484A', '486V', '498R', '501Y', '505H', '614G', '655Y', '658S', '679K', '681H', '69del', '70del', '764K', '796Y', '954H', '969K']","('Arora22f', 'Imdevimab', 'BA.4.6 Spike', 2109.0)"
Arora22f,Casirivimab+Imdevimab,BA.4.6 Spike,Figure B,Pseudovirus (VSV),IC50,5395.0,1.0,50000.0,1.0,ng/ml,2022-12-15,arora22f-pot.csv,5395.0,"['142D', '19I', '213G', '24S', '25del', '26del', '27del', '339D', '346T', '371F', '373P', '375F', '376A', '405N', '408S', '417N', '440K', '452R', '477N', '478K', '484A', '486V', '498R', '501Y', '505H', '614G', '655Y', '658S', '679K', '681H', '69del', '70del', '764K', '796Y', '954H', '969K']","('Arora22f', 'Casirivimab+Imdevimab', 'BA.4.6 Spike', 5395.0)"
Arora22f,Casirivimab,BA.2.75.2 Spike,Figure B,Pseudovirus (VSV),IC50,50000.0,1.0,50000.0,1.0,ng/ml,2022-12-15,arora22f-pot.csv,50000.0,"['1199N', '142D', '147E', '152R', '157L', '19I', '210V', '213G', '24S', '257S', '25del', '26del', '27del', '339H', '346T', '371F', '373P', '375F', '376A', '405N', '408S', '417N', '440K', '446S', '460K', '477N', '478K', '484A', '486S', '498R', '501Y', '505H', '614G', '655Y', '679K', '681H', '764K', '796Y', '954H', '969K']","('Arora22f', 'Casirivimab', 'BA.2.75.2 Spike', 50000.0)"
Arora22f,Imdevimab,BA.2.75.2 Spike,Figure B,Pseudovirus (VSV),IC50,50000.0,1.0,50000.0,1.0,ng/ml,2022-12-15,arora22f-pot.csv,50000.0,"['1199N', '142D', '147E', '152R', '157L', '19I', '210V', '213G', '24S', '257S', '25del', '26del', '27del', '339H', '346T', '371F', '373P', '375F', '376A', '405N', '408S', '417N', '440K', '446S', '460K', '477N', '478K', '484A', '486S', '498R', '501Y', '505H', '614G', '655Y', '679K', '681H', '764K', '796Y', '954H', '969K']","('Arora22f', 'Imdevimab', 'BA.2.75.2 Spike', 50000.0)"
Arora22f,Casirivimab+Imdevimab,BA.2.75.2 Spike,Figure B,Pseudovirus (VSV),IC50,50000.0,1.0,50000.0,1.0,ng/ml,2022-12-15,arora22f-pot.csv,50000.0,"['1199N', '142D', '147E', '152R', '157L', '19I', '210V', '213G', '24S', '257S', '25del', '26del', '27del', '339H', '346T', '371F', '373P', '375F', '376A', '405N', '408S', '417N', '440K', '446S', '460K', '477N', '478K', '484A', '486S', '498R', '501Y', '505H', '614G', '655Y', '679K', '681H', '764K', '796Y', '954H', '969K']","('Arora22f', 'Casirivimab+Imdevimab', 'BA.2.75.2 Spike', 50000.0)"
Arora22f,Casirivimab,BJ.1 Spike,Figure B,Pseudovirus (VSV),IC50,880.0,1.0,50000.0,1.0,ng/ml,2022-12-15,arora22f-pot.csv,880.0,"['1003I', '142D', '144del', '146Q', '183E', '19I', '213E', '24S', '25del', '26del', '27del', '339H', '346T', '368I', '371F', '373P', '375F', '376A', '405N', '408S', '417N', '440K', '445P', '446S', '477N', '478K', '483A', '484A', '490V', '493R', '498R', '501Y', '505H', '614G', '655Y', '679K', '681H', '764K', '796Y', '798D', '83A', '954H', '969K']","('Arora22f', 'Casirivimab', 'BJ.1 Spike', 880.0)"
Arora22f,Imdevimab,BJ.1 Spike,Figure B,Pseudovirus (VSV),IC50,50000.0,1.0,50000.0,1.0,ng/ml,2022-12-15,arora22f-pot.csv,50000.0,"['1003I', '142D', '144del', '146Q', '183E', '19I', '213E', '24S', '25del', '26del', '27del', '339H', '346T', '368I', '371F', '373P', '375F', '376A', '405N', '408S', '417N', '440K', '445P', '446S', '477N', '478K', '483A', '484A', '490V', '493R', '498R', '501Y', '505H', '614G', '655Y', '679K', '681H', '764K', '796Y', '798D', '83A', '954H', '969K']","('Arora22f', 'Imdevimab', 'BJ.1 Spike', 50000.0)"
Arora22f,Casirivimab+Imdevimab,BJ.1 Spike,Figure B,Pseudovirus (VSV),IC50,2456.0,1.0,50000.0,1.0,ng/ml,2022-12-15,arora22f-pot.csv,2456.0,"['1003I', '142D', '144del', '146Q', '183E', '19I', '213E', '24S', '25del', '26del', '27del', '339H', '346T', '368I', '371F', '373P', '375F', '376A', '405N', '408S', '417N', '440K', '445P', '446S', '477N', '478K', '483A', '484A', '490V', '493R', '498R', '501Y', '505H', '614G', '655Y', '679K', '681H', '764K', '796Y', '798D', '83A', '954H', '969K']","('Arora22f', 'Casirivimab+Imdevimab', 'BJ.1 Spike', 2456.0)"
Arora22f,Casirivimab,BQ.1.1 Spike,Figure B,Pseudovirus (VSV),IC50,50000.0,1.0,50000.0,1.0,ng/ml,2022-12-15,arora22f-pot.csv,50000.0,"['142D', '19I', '213G', '24S', '25del', '26del', '27del', '339D', '346T', '371F', '373P', '375F', '376A', '405N', '408S', '417N', '440K', '444T', '452R', '460K', '477N', '478K', '484A', '486V', '498R', '501Y', '505H', '614G', '655Y', '679K', '681H', '69del', '70del', '764K', '796Y', '954H', '969K']","('Arora22f', 'Casirivimab', 'BQ.1.1 Spike', 50000.0)"
Arora22f,Imdevimab,BQ.1.1 Spike,Figure B,Pseudovirus (VSV),IC50,50000.0,1.0,50000.0,1.0,ng/ml,2022-12-15,arora22f-pot.csv,50000.0,"['142D', '19I', '213G', '24S', '25del', '26del', '27del', '339D', '346T', '371F', '373P', '375F', '376A', '405N', '408S', '417N', '440K', '444T', '452R', '460K', '477N', '478K', '484A', '486V', '498R', '501Y', '505H', '614G', '655Y', '679K', '681H', '69del', '70del', '764K', '796Y', '954H', '969K']","('Arora22f', 'Imdevimab', 'BQ.1.1 Spike', 50000.0)"
Arora22f,Casirivimab+Imdevimab,BQ.1.1 Spike,Figure B,Pseudovirus (VSV),IC50,50000.0,1.0,50000.0,1.0,ng/ml,2022-12-15,arora22f-pot.csv,50000.0,"['142D', '19I', '213G', '24S', '25del', '26del', '27del', '339D', '346T', '371F', '373P', '375F', '376A', '405N', '408S', '417N', '440K', '444T', '452R', '460K', '477N', '478K', '484A', '486V', '498R', '501Y', '505H', '614G', '655Y', '679K', '681H', '69del', '70del', '764K', '796Y', '954H', '969K']","('Arora22f', 'Casirivimab+Imdevimab', 'BQ.1.1 Spike', 50000.0)"
Arora23,Casirivimab,B.1 Spike,Figure 1A,Pseudovirus (VSV),IC50,7.0,1.0,50000.0,1.0,ng/ml,2023-02-17,arora23-pot.csv,7.0,['614G'],"('Arora23', 'Casirivimab', 'B.1 Spike', 7.0)"
Arora23,Imdevimab,B.1 Spike,Figure 1A,Pseudovirus (VSV),IC50,7.0,1.0,50000.0,1.0,ng/ml,2023-02-17,arora23-pot.csv,7.0,['614G'],"('Arora23', 'Imdevimab', 'B.1 Spike', 7.0)"
Arora23,Casirivimab+Imdevimab,B.1 Spike,Figure 1A,Pseudovirus (VSV),IC50,6.0,1.0,50000.0,1.0,ng/ml,2023-02-17,arora23-pot.csv,6.0,['614G'],"('Arora23', 'Casirivimab+Imdevimab', 'B.1 Spike', 6.0)"
Arora23,Casirivimab,XBB.1 Spike,Figure 1A,Pseudovirus (VSV),IC50,50000.0,1.0,50000.0,1.0,ng/ml,2023-02-17,arora23-pot.csv,50000.0,"['142D', '144del', '146Q', '183E', '19I', '213E', '24S', '252V', '25del', '26del', '27del', '339H', '346T', '368I', '371F', '373P', '375F', '376A', '405N', '408S', '417N', '440K', '445P', '446S', '460K', '477N', '478K', '484A', '486S', '490S', '498R', '501Y', '505H', '614G', '655Y', '679K', '681H', '764K', '796Y', '83A', '954H', '969K']","('Arora23', 'Casirivimab', 'XBB.1 Spike', 50000.0)"
Arora23,Imdevimab,XBB.1 Spike,Figure 1A,Pseudovirus (VSV),IC50,50000.0,1.0,50000.0,1.0,ng/ml,2023-02-17,arora23-pot.csv,50000.0,"['142D', '144del', '146Q', '183E', '19I', '213E', '24S', '252V', '25del', '26del', '27del', '339H', '346T', '368I', '371F', '373P', '375F', '376A', '405N', '408S', '417N', '440K', '445P', '446S', '460K', '477N', '478K', '484A', '486S', '490S', '498R', '501Y', '505H', '614G', '655Y', '679K', '681H', '764K', '796Y', '83A', '954H', '969K']","('Arora23', 'Imdevimab', 'XBB.1 Spike', 50000.0)"
Arora23,Casirivimab+Imdevimab,XBB.1 Spike,Figure 1A,Pseudovirus (VSV),IC50,50000.0,1.0,50000.0,1.0,ng/ml,2023-02-17,arora23-pot.csv,50000.0,"['142D', '144del', '146Q', '183E', '19I', '213E', '24S', '252V', '25del', '26del', '27del', '339H', '346T', '368I', '371F', '373P', '375F', '376A', '405N', '408S', '417N', '440K', '445P', '446S', '460K', '477N', '478K', '484A', '486S', '490S', '498R', '501Y', '505H', '614G', '655Y', '679K', '681H', '764K', '796Y', '83A', '954H', '969K']","('Arora23', 'Casirivimab+Imdevimab', 'XBB.1 Spike', 50000.0)"
Baum20,Imdevimab,S:417E,Table 2,Pseudovirus (VSV),IC50,4.7,1.0,10000.0,0.169350878,ng/ml,2021-01-27,baum20-pot.csv,4.7,['417E'],"('Baum20', 'Imdevimab', 'S:417E', 4.7)"
Baum20,Imdevimab,S:444Q,Table 2,Pseudovirus (VSV),IC50,10000.0,1.0,10000.0,0.169350878,ng/ml,2021-01-27,baum20-pot.csv,10000.0,['444Q'],"('Baum20', 'Imdevimab', 'S:444Q', 10000.0)"
Baum20,Imdevimab,S:445A,Table 2,Pseudovirus (VSV),IC50,10000.0,1.0,10000.0,0.169350878,ng/ml,2021-01-27,baum20-pot.csv,10000.0,['445A'],"('Baum20', 'Imdevimab', 'S:445A', 10000.0)"
Baum20,Imdevimab,S:450D,Table 2,Pseudovirus (VSV),IC50,180.0,1.0,10000.0,0.169350878,ng/ml,2021-01-27,baum20-pot.csv,180.0,['450D'],"('Baum20', 'Imdevimab', 'S:450D', 180.0)"
Baum20,Imdevimab,S:453F,Table 2,Pseudovirus (VSV),IC50,15.6,1.0,10000.0,0.169350878,ng/ml,2021-01-27,baum20-pot.csv,15.6,['453F'],"('Baum20', 'Imdevimab', 'S:453F', 15.6)"
Baum20,Imdevimab,S:455F,Table 2,Pseudovirus (VSV),IC50,5.8,1.0,10000.0,0.169350878,ng/ml,2021-01-27,baum20-pot.csv,5.8,['455F'],"('Baum20', 'Imdevimab', 'S:455F', 5.8)"
Baum20,Imdevimab,S:484K,Table 2,Pseudovirus (VSV),IC50,9.4,1.0,10000.0,0.169350878,ng/ml,2021-01-27,baum20-pot.csv,9.4,['484K'],"('Baum20', 'Imdevimab', 'S:484K', 9.4)"
Baum20,Imdevimab,S:485D,Table 2,Pseudovirus (VSV),IC50,3.5,1.0,10000.0,0.169350878,ng/ml,2021-01-27,baum20-pot.csv,3.5,['485D'],"('Baum20', 'Imdevimab', 'S:485D', 3.5)"
Baum20,Imdevimab,S:486V,Table 2,Pseudovirus (VSV),IC50,4.7,1.0,10000.0,0.169350878,ng/ml,2021-01-27,baum20-pot.csv,4.7,['486V'],"('Baum20', 'Imdevimab', 'S:486V', 4.7)"
Baum20,Imdevimab,S:490L,Table 2,Pseudovirus (VSV),IC50,5.3,1.0,10000.0,0.169350878,ng/ml,2021-01-27,baum20-pot.csv,5.3,['490L'],"('Baum20', 'Imdevimab', 'S:490L', 5.3)"
Baum20,Imdevimab,S:490S,Table 2,Pseudovirus (VSV),IC50,6.6,1.0,10000.0,0.169350878,ng/ml,2021-01-27,baum20-pot.csv,6.6,['490S'],"('Baum20', 'Imdevimab', 'S:490S', 6.6)"
Baum20,Imdevimab,S:493K,Table 2,Pseudovirus (VSV),IC50,6.3,1.0,10000.0,0.169350878,ng/ml,2021-01-27,baum20-pot.csv,6.3,['493K'],"('Baum20', 'Imdevimab', 'S:493K', 6.3)"
Baum20,Casirivimab,S:417E,Table 2,Pseudovirus (VSV),IC50,1249.5,1.0,10000.0,0.169350878,ng/ml,2021-01-27,baum20-pot.csv,1249.5,['417E'],"('Baum20', 'Casirivimab', 'S:417E', 1249.5)"
Baum20,Casirivimab,S:444Q,Table 2,Pseudovirus (VSV),IC50,11.7,1.0,10000.0,0.169350878,ng/ml,2021-01-27,baum20-pot.csv,11.7,['444Q'],"('Baum20', 'Casirivimab', 'S:444Q', 11.7)"
Baum20,Casirivimab,S:445A,Table 2,Pseudovirus (VSV),IC50,13.2,1.0,10000.0,0.169350878,ng/ml,2021-01-27,baum20-pot.csv,13.2,['445A'],"('Baum20', 'Casirivimab', 'S:445A', 13.2)"
Baum20,Casirivimab,S:450D,Table 2,Pseudovirus (VSV),IC50,11.4,1.0,10000.0,0.169350878,ng/ml,2021-01-27,baum20-pot.csv,11.4,['450D'],"('Baum20', 'Casirivimab', 'S:450D', 11.4)"
Baum20,Casirivimab,S:453F,Table 2,Pseudovirus (VSV),IC50,10000.0,1.0,10000.0,0.169350878,ng/ml,2021-01-27,baum20-pot.csv,10000.0,['453F'],"('Baum20', 'Casirivimab', 'S:453F', 10000.0)"
Baum20,Casirivimab,S:455F,Table 2,Pseudovirus (VSV),IC50,10000.0,1.0,10000.0,0.169350878,ng/ml,2021-01-27,baum20-pot.csv,10000.0,['455F'],"('Baum20', 'Casirivimab', 'S:455F', 10000.0)"
Baum20,Casirivimab,S:484K,Table 2,Pseudovirus (VSV),IC50,169.5,1.0,10000.0,0.169350878,ng/ml,2021-01-27,baum20-pot.csv,169.5,['484K'],"('Baum20', 'Casirivimab', 'S:484K', 169.5)"
Baum20,Casirivimab,S:485D,Table 2,Pseudovirus (VSV),IC50,30.8,1.0,10000.0,0.169350878,ng/ml,2021-01-27,baum20-pot.csv,30.8,['485D'],"('Baum20', 'Casirivimab', 'S:485D', 30.8)"
Baum20,Casirivimab,S:486V,Table 2,Pseudovirus (VSV),IC50,10000.0,1.0,10000.0,0.169350878,ng/ml,2021-01-27,baum20-pot.csv,10000.0,['486V'],"('Baum20', 'Casirivimab', 'S:486V', 10000.0)"
Baum20,Casirivimab,S:490L,Table 2,Pseudovirus (VSV),IC50,6.8,1.0,10000.0,0.169350878,ng/ml,2021-01-27,baum20-pot.csv,6.8,['490L'],"('Baum20', 'Casirivimab', 'S:490L', 6.8)"
Baum20,Casirivimab,S:490S,Table 2,Pseudovirus (VSV),IC50,9.9,1.0,10000.0,0.169350878,ng/ml,2021-01-27,baum20-pot.csv,9.9,['490S'],"('Baum20', 'Casirivimab', 'S:490S', 9.9)"
Baum20,Casirivimab,S:493K,Table 2,Pseudovirus (VSV),IC50,10000.0,1.0,10000.0,0.169350878,ng/ml,2021-01-27,baum20-pot.csv,10000.0,['493K'],"('Baum20', 'Casirivimab', 'S:493K', 10000.0)"
Bruel22,Casirivimab,hCoV-19/France/IDF-APHP-HEGP-20-23-2131905084/2021,Table 1,Virus isolate,IC50,0.58,1.0,9000.0,1.0,ng/ml,2022-03-22,bruel22-pot.csv,0.58,"['156G', '157del', '158del', '19R', '452R', '478K', '614G', '681R', '950N']","('Bruel22', 'Casirivimab', 'hCoV-19/France/IDF-APHP-HEGP-20-23-2131905084/2021', 0.58)"
Bruel22,Imdevimab,hCoV-19/France/IDF-APHP-HEGP-20-23-2131905084/2021,Table 1,Virus isolate,IC50,1.2,1.0,9000.0,1.0,ng/ml,2022-03-22,bruel22-pot.csv,1.2,"['156G', '157del', '158del', '19R', '452R', '478K', '614G', '681R', '950N']","('Bruel22', 'Imdevimab', 'hCoV-19/France/IDF-APHP-HEGP-20-23-2131905084/2021', 1.2)"
Bruel22,Casirivimab,hCoV-19/Belgium/rega-20174/2021,Table 1,Virus isolate,IC50,9000.0,1.0,9000.0,1.0,ng/ml,2022-03-22,bruel22-pot.csv,9000.0,"['142D', '143del', '144del', '145del', '211I', '212del', '339D', '371L', '373P', '375F', '417N', '440K', '446S', '477N', '478K', '484A', '493R', '496S', '498R', '501Y', '505H', '547K', '614G', '655Y', '679K', '67V', '681H', '69del', '70del', '764K', '796Y', '856K', '954H', '95I', '969K', '981F']","('Bruel22', 'Casirivimab', 'hCoV-19/Belgium/rega-20174/2021', 9000.0)"
Bruel22,Imdevimab,hCoV-19/Belgium/rega-20174/2021,Table 1,Virus isolate,IC50,9000.0,1.0,9000.0,1.0,ng/ml,2022-03-22,bruel22-pot.csv,9000.0,"['142D', '143del', '144del', '145del', '211I', '212del', '339D', '371L', '373P', '375F', '417N', '440K', '446S', '477N', '478K', '484A', '493R', '496S', '498R', '501Y', '505H', '547K', '614G', '655Y', '679K', '67V', '681H', '69del', '70del', '764K', '796Y', '856K', '954H', '95I', '969K', '981F']","('Bruel22', 'Imdevimab', 'hCoV-19/Belgium/rega-20174/2021', 9000.0)"
Bruel22,Casirivimab,hCoV-19/Belgium/1WLU10/2022,Table 1,Virus isolate,IC50,9000.0,1.0,9000.0,1.0,ng/ml,2022-03-22,bruel22-pot.csv,9000.0,"['142D', '19I', '213G', '24del', '25del', '26del', '27S', '339D', '371F', '373P', '375F', '376A', '405N', '408S', '417N', '440K', '477N', '478K', '484A', '493R', '498R', '501Y', '505H', '614G', '655Y', '679K', '681H', '682W', '764K', '796Y', '954H', '969K']","('Bruel22', 'Casirivimab', 'hCoV-19/Belgium/1WLU10/2022', 9000.0)"
Bruel22,Imdevimab,hCoV-19/Belgium/1WLU10/2022,Table 1,Virus isolate,IC50,693.0,1.0,9000.0,1.0,ng/ml,2022-03-22,bruel22-pot.csv,693.0,"['142D', '19I', '213G', '24del', '25del', '26del', '27S', '339D', '371F', '373P', '375F', '376A', '405N', '408S', '417N', '440K', '477N', '478K', '484A', '493R', '498R', '501Y', '505H', '614G', '655Y', '679K', '681H', '682W', '764K', '796Y', '954H', '969K']","('Bruel22', 'Imdevimab', 'hCoV-19/Belgium/1WLU10/2022', 693.0)"
Bruel22b,Casirivimab,hCoV-19/France/IDF-APHP-HEGP-20-23-2131905084/2021,Table 1,Virus isolate,IC50,1.3,1.0,9000.0,1.0,ng/ml,2023-01-12,bruel22b-pot.csv,1.3,"['156G', '157del', '158del', '19R', '452R', '478K', '614G', '681R', '950N']","('Bruel22b', 'Casirivimab', 'hCoV-19/France/IDF-APHP-HEGP-20-23-2131905084/2021', 1.3)"
Bruel22b,Imdevimab,hCoV-19/France/IDF-APHP-HEGP-20-23-2131905084/2021,Table 1,Virus isolate,IC50,2.4,1.0,9000.0,1.0,ng/ml,2023-01-12,bruel22b-pot.csv,2.4,"['156G', '157del', '158del', '19R', '452R', '478K', '614G', '681R', '950N']","('Bruel22b', 'Imdevimab', 'hCoV-19/France/IDF-APHP-HEGP-20-23-2131905084/2021', 2.4)"
Bruel22b,Casirivimab,hCoV-19/Belgium/1WLU10/2022,Table 1,Virus isolate,IC50,9000.0,1.0,9000.0,1.0,ng/ml,2023-01-12,bruel22b-pot.csv,9000.0,"['142D', '19I', '213G', '24del', '25del', '26del', '27S', '339D', '371F', '373P', '375F', '376A', '405N', '408S', '417N', '440K', '477N', '478K', '484A', '493R', '498R', '501Y', '505H', '614G', '655Y', '679K', '681H', '682W', '764K', '796Y', '954H', '969K']","('Bruel22b', 'Casirivimab', 'hCoV-19/Belgium/1WLU10/2022', 9000.0)"
Bruel22b,Imdevimab,hCoV-19/Belgium/1WLU10/2022,Table 1,Virus isolate,IC50,1120.0,1.0,9000.0,1.0,ng/ml,2023-01-12,bruel22b-pot.csv,1120.0,"['142D', '19I', '213G', '24del', '25del', '26del', '27S', '339D', '371F', '373P', '375F', '376A', '405N', '408S', '417N', '440K', '477N', '478K', '484A', '493R', '498R', '501Y', '505H', '614G', '655Y', '679K', '681H', '682W', '764K', '796Y', '954H', '969K']","('Bruel22b', 'Imdevimab', 'hCoV-19/Belgium/1WLU10/2022', 1120.0)"
Bruel22b,Casirivimab,hCoV-19/Belgium/1-JE22/2022,Table 1,Virus isolate,IC50,9000.0,1.0,9000.0,1.0,ng/ml,2023-01-12,bruel22b-pot.csv,9000.0,"['19/Belgium/1', 'hCoV', 'JE22/2022']","('Bruel22b', 'Casirivimab', 'hCoV-19/Belgium/1-JE22/2022', 9000.0)"
Bruel22b,Imdevimab,hCoV-19/Belgium/1-JE22/2022,Table 1,Virus isolate,IC50,265.0,1.0,9000.0,1.0,ng/ml,2023-01-12,bruel22b-pot.csv,265.0,"['19/Belgium/1', 'hCoV', 'JE22/2022']","('Bruel22b', 'Imdevimab', 'hCoV-19/Belgium/1-JE22/2022', 265.0)"
Bruel22b,Casirivimab,hCoV-19/France/CVL-ChuTo-9800086928/2022,Table 1,Virus isolate,IC50,9000.0,1.0,9000.0,1.0,ng/ml,2023-01-12,bruel22b-pot.csv,9000.0,"['9800086928/2022', 'hCoV', '19/France/CVL', 'ChuTo']","('Bruel22b', 'Casirivimab', 'hCoV-19/France/CVL-ChuTo-9800086928/2022', 9000.0)"
Bruel22b,Imdevimab,hCoV-19/France/CVL-ChuTo-9800086928/2022,Table 1,Virus isolate,IC50,208.0,1.0,9000.0,1.0,ng/ml,2023-01-12,bruel22b-pot.csv,208.0,"['9800086928/2022', 'hCoV', '19/France/CVL', 'ChuTo']","('Bruel22b', 'Imdevimab', 'hCoV-19/France/CVL-ChuTo-9800086928/2022', 208.0)"
Cameroni21,Casirivimab,S:614G,"Figure 3b, 3c, Extended Data Table 2",Pseudovirus (VSV),IC50,8.9,1.0,10000.0,1.0,ng/ml,2022-01-24,cameroni21-pot.csv,8.9,['614G'],"('Cameroni21', 'Casirivimab', 'S:614G', 8.9)"
Cameroni21,Imdevimab,S:614G,"Figure 3b, 3c, Extended Data Table 2",Pseudovirus (VSV),IC50,25.1,1.0,10000.0,1.0,ng/ml,2022-01-24,cameroni21-pot.csv,25.1,['614G'],"('Cameroni21', 'Imdevimab', 'S:614G', 25.1)"
Cameroni21,Casirivimab,S:67V+69del+70del+95I+142D+143del+144del+145del+211I+212del+214EPEins+339D+371L+373P+375F+417N+440K+446S+477N+478K+484A+493R+496S+498R+501Y+505H+547K+614G+655Y+679K+681H+764K+796Y+856K+954H+969K+981F,"Figure 3b, 3c, Extended Data Table 2",Pseudovirus (VSV),IC50,10000.0,1.0,10000.0,1.0,ng/ml,2022-01-24,cameroni21-pot.csv,10000.0,"['142D', '143del', '144del', '145del', '211I', '212del', '339D', '371L', '373P', '375F', '417N', '440K', '446S', '477N', '478K', '484A', '493R', '496S', '498R', '501Y', '505H', '547K', '614G', '655Y', '679K', '67V', '681H', '69del', '70del', '764K', '796Y', '856K', '954H', '95I', '969K', '981F']","('Cameroni21', 'Casirivimab', 'S:67V+69del+70del+95I+142D+143del+144del+145del+211I+212del+214EPEins+339D+371L+373P+375F+417N+440K+446S+477N+478K+484A+493R+496S+498R+501Y+505H+547K+614G+655Y+679K+681H+764K+796Y+856K+954H+969K+981F', 10000.0)"
Cameroni21,Imdevimab,S:67V+69del+70del+95I+142D+143del+144del+145del+211I+212del+214EPEins+339D+371L+373P+375F+417N+440K+446S+477N+478K+484A+493R+496S+498R+501Y+505H+547K+614G+655Y+679K+681H+764K+796Y+856K+954H+969K+981F,"Figure 3b, 3c, Extended Data Table 2",Pseudovirus (VSV),IC50,10000.0,1.0,10000.0,1.0,ng/ml,2022-01-24,cameroni21-pot.csv,10000.0,"['142D', '143del', '144del', '145del', '211I', '212del', '339D', '371L', '373P', '375F', '417N', '440K', '446S', '477N', '478K', '484A', '493R', '496S', '498R', '501Y', '505H', '547K', '614G', '655Y', '679K', '67V', '681H', '69del', '70del', '764K', '796Y', '856K', '954H', '95I', '969K', '981F']","('Cameroni21', 'Imdevimab', 'S:67V+69del+70del+95I+142D+143del+144del+145del+211I+212del+214EPEins+339D+371L+373P+375F+417N+440K+446S+477N+478K+484A+493R+496S+498R+501Y+505H+547K+614G+655Y+679K+681H+764K+796Y+856K+954H+969K+981F', 10000.0)"
Cao22,Casirivimab,S:614G,Table S2,Pseudovirus (VSV),IC50,5.31,1.0,10000.0,1.0,ng/ml,2022-02-24,cao22-pot.csv,5.31,['614G'],"('Cao22', 'Casirivimab', 'S:614G', 5.31)"
Cao22,Imdevimab,S:614G,Table S2,Pseudovirus (VSV),IC50,5.39,1.0,10000.0,1.0,ng/ml,2022-02-24,cao22-pot.csv,5.39,['614G'],"('Cao22', 'Imdevimab', 'S:614G', 5.39)"
Cao22,Casirivimab,SARS-CoV Spike,Table S2,Pseudovirus (VSV),IC50,10000.0,1.0,10000.0,1.0,ng/ml,2022-02-24,cao22-pot.csv,10000.0,"['100V', '101V', '1055A', '105V', '1070S', '1073R', '1084E', '1088Y', '108S', '1097F', '1101S', '1104I', '110M', '1110F', '1111S', '111N', '112N', '1133I', '114S', '117V', '118I', '11T', '120I', '1216V', '1233L', '123S', '1247A', '129R', '130A', '132N', '134E', '135L', '137D', '138N', '141F', '142A', '144S', '145K', '146P', '147del', '148M', '149G', '14D', '150del', '151del', '152del', '153T', '154Q', '155T', '156H', '157T', '158M', '159I', '15L', '160F', '161D', '162N', '164F', '16D', '171I', '173D', '174A', '176S', '177L', '179V', '17R', '180S', '181E', '183S', '188H', '18C', '197K', '200F', '201L', '202Y', '203V', '205K', '206G', '207Y', '208Q', '211D', '212V', '218S', '21F', '221N', '222T', '224K', '226I', '227F', '228K', '22D', '231L', '237N', '239R', '23D', '240A', '241I', '243T', '244A', '245del', '246del', '247F', '248S', '249P', '24V', '250A', '251Q', '252D', '253I', '254del', '255del', '256del', '257del', '259G', '260T', '261S', '266F', '271K', '273T', '276M', '27N', '280D', '292S', '293Q', '294N', '297A', '299L', '302S', '303V', '307E', '308I', '309D', '321V', '323S', '324G', '325D', '326V', '32S', '33M', '346K', '348P', '354E', '357K', '372T', '373F', '384A', '393S', '3I', '402V', '403K', '406D', '417V', '41E', '42I', '430M', '434L', '438T', '439R', '441I', '443A', '444T', '445S', '446T', '452K', '455Y', '456L', '458H', '459G', '460K', '462R', '46D', '470N', '471V', '472P', '473F', '474S', '475P', '476D', '477G', '478K', '47T', '481T', '482P', '483del', '484P', '485A', '486L', '490W', '493N', '494D', '498Y', '499T', '49Y', '501T', '503I', '50L', '519N', '529L', '532D', '534I', '537Q', '554P', '556S', '558R', '560Q', '569V', '570S', '572F', '575S', '580K', '582S', '588S', '591A', '59Y', '604A', '606S', '607E', '619D', '621S', '622T', '632A', '635I', '640N', '646Q', '64G', '657D', '658T', '675H', '677V', '678S', '679L', '67T', '680L', '681del', '682del', '683del', '684del', '687T', '688S', '689Q', '690K', '693V', '69N', '6L', '702D', '703S', '705I', '70H', '711T', '719S', '71T', '722I', '726V', '727M', '72del', '732A', '739N', '73del', '74del', '750A', '75del', '768S', '76del', '772A', '776R', '779R', '77del', '788M', '78del', '793T', '794L', '796Y', '7F', '80G', '810L', '813T', '834M', '839E', '845N', '84I', '868D', '872A', '875A', '878V', '879S', '87K', '882A', '884A', '90I', '922Q', '929K', '932S', '933Q', '936E', '939T', '940T', '942S', '943T', '94A', '9T']","('Cao22', 'Casirivimab', 'SARS-CoV Spike', 10000.0)"
Cao22,Imdevimab,SARS-CoV Spike,Table S2,Pseudovirus (VSV),IC50,10000.0,1.0,10000.0,1.0,ng/ml,2022-02-24,cao22-pot.csv,10000.0,"['100V', '101V', '1055A', '105V', '1070S', '1073R', '1084E', '1088Y', '108S', '1097F', '1101S', '1104I', '110M', '1110F', '1111S', '111N', '112N', '1133I', '114S', '117V', '118I', '11T', '120I', '1216V', '1233L', '123S', '1247A', '129R', '130A', '132N', '134E', '135L', '137D', '138N', '141F', '142A', '144S', '145K', '146P', '147del', '148M', '149G', '14D', '150del', '151del', '152del', '153T', '154Q', '155T', '156H', '157T', '158M', '159I', '15L', '160F', '161D', '162N', '164F', '16D', '171I', '173D', '174A', '176S', '177L', '179V', '17R', '180S', '181E', '183S', '188H', '18C', '197K', '200F', '201L', '202Y', '203V', '205K', '206G', '207Y', '208Q', '211D', '212V', '218S', '21F', '221N', '222T', '224K', '226I', '227F', '228K', '22D', '231L', '237N', '239R', '23D', '240A', '241I', '243T', '244A', '245del', '246del', '247F', '248S', '249P', '24V', '250A', '251Q', '252D', '253I', '254del', '255del', '256del', '257del', '259G', '260T', '261S', '266F', '271K', '273T', '276M', '27N', '280D', '292S', '293Q', '294N', '297A', '299L', '302S', '303V', '307E', '308I', '309D', '321V', '323S', '324G', '325D', '326V', '32S', '33M', '346K', '348P', '354E', '357K', '372T', '373F', '384A', '393S', '3I', '402V', '403K', '406D', '417V', '41E', '42I', '430M', '434L', '438T', '439R', '441I', '443A', '444T', '445S', '446T', '452K', '455Y', '456L', '458H', '459G', '460K', '462R', '46D', '470N', '471V', '472P', '473F', '474S', '475P', '476D', '477G', '478K', '47T', '481T', '482P', '483del', '484P', '485A', '486L', '490W', '493N', '494D', '498Y', '499T', '49Y', '501T', '503I', '50L', '519N', '529L', '532D', '534I', '537Q', '554P', '556S', '558R', '560Q', '569V', '570S', '572F', '575S', '580K', '582S', '588S', '591A', '59Y', '604A', '606S', '607E', '619D', '621S', '622T', '632A', '635I', '640N', '646Q', '64G', '657D', '658T', '675H', '677V', '678S', '679L', '67T', '680L', '681del', '682del', '683del', '684del', '687T', '688S', '689Q', '690K', '693V', '69N', '6L', '702D', '703S', '705I', '70H', '711T', '719S', '71T', '722I', '726V', '727M', '72del', '732A', '739N', '73del', '74del', '750A', '75del', '768S', '76del', '772A', '776R', '779R', '77del', '788M', '78del', '793T', '794L', '796Y', '7F', '80G', '810L', '813T', '834M', '839E', '845N', '84I', '868D', '872A', '875A', '878V', '879S', '87K', '882A', '884A', '90I', '922Q', '929K', '932S', '933Q', '936E', '939T', '940T', '942S', '943T', '94A', '9T']","('Cao22', 'Imdevimab', 'SARS-CoV Spike', 10000.0)"
Cao22,Casirivimab,BA.1 Spike,Table S2,Pseudovirus (VSV),IC50,10000.0,1.0,10000.0,1.0,ng/ml,2022-02-24,cao22-pot.csv,10000.0,"['142D', '143del', '144del', '145del', '211I', '212del', '339D', '371L', '373P', '375F', '417N', '440K', '446S', '477N', '478K', '484A', '493R', '496S', '498R', '501Y', '505H', '547K', '614G', '655Y', '679K', '67V', '681H', '69del', '70del', '764K', '796Y', '856K', '954H', '95I', '969K', '981F']","('Cao22', 'Casirivimab', 'BA.1 Spike', 10000.0)"
Cao22,Imdevimab,BA.1 Spike,Table S2,Pseudovirus (VSV),IC50,10000.0,1.0,10000.0,1.0,ng/ml,2022-02-24,cao22-pot.csv,10000.0,"['142D', '143del', '144del', '145del', '211I', '212del', '339D', '371L', '373P', '375F', '417N', '440K', '446S', '477N', '478K', '484A', '493R', '496S', '498R', '501Y', '505H', '547K', '614G', '655Y', '679K', '67V', '681H', '69del', '70del', '764K', '796Y', '856K', '954H', '95I', '969K', '981F']","('Cao22', 'Imdevimab', 'BA.1 Spike', 10000.0)"
Cao22,Casirivimab,BA.1.1 Spike,Table S2,Pseudovirus (VSV),IC50,10000.0,1.0,10000.0,1.0,ng/ml,2022-02-24,cao22-pot.csv,10000.0,"['142D', '143del', '144del', '145del', '211I', '212del', '339D', '346K', '371L', '373P', '375F', '417N', '440K', '446S', '477N', '478K', '484A', '493R', '496S', '498R', '501Y', '505H', '547K', '614G', '655Y', '679K', '67V', '681H', '69del', '70del', '764K', '796Y', '856K', '954H', '95I', '969K', '981F']","('Cao22', 'Casirivimab', 'BA.1.1 Spike', 10000.0)"
Cao22,Imdevimab,BA.1.1 Spike,Table S2,Pseudovirus (VSV),IC50,10000.0,1.0,10000.0,1.0,ng/ml,2022-02-24,cao22-pot.csv,10000.0,"['142D', '143del', '144del', '145del', '211I', '212del', '339D', '346K', '371L', '373P', '375F', '417N', '440K', '446S', '477N', '478K', '484A', '493R', '496S', '498R', '501Y', '505H', '547K', '614G', '655Y', '679K', '67V', '681H', '69del', '70del', '764K', '796Y', '856K', '954H', '95I', '969K', '981F']","('Cao22', 'Imdevimab', 'BA.1.1 Spike', 10000.0)"
Cao22,Casirivimab,BA.2 Spike,Table S2,Pseudovirus (VSV),IC50,10000.0,1.0,10000.0,1.0,ng/ml,2022-02-24,cao22-pot.csv,10000.0,"['142D', '19I', '213G', '24S', '25del', '26del', '27del', '339D', '371F', '373P', '375F', '376A', '405N', '408S', '417N', '440K', '477N', '478K', '484A', '493R', '498R', '501Y', '505H', '614G', '655Y', '679K', '681H', '764K', '796Y', '954H', '969K']","('Cao22', 'Casirivimab', 'BA.2 Spike', 10000.0)"
Cao22,Imdevimab,BA.2 Spike,Table S2,Pseudovirus (VSV),IC50,549.0,1.0,10000.0,1.0,ng/ml,2022-02-24,cao22-pot.csv,549.0,"['142D', '19I', '213G', '24S', '25del', '26del', '27del', '339D', '371F', '373P', '375F', '376A', '405N', '408S', '417N', '440K', '477N', '478K', '484A', '493R', '498R', '501Y', '505H', '614G', '655Y', '679K', '681H', '764K', '796Y', '954H', '969K']","('Cao22', 'Imdevimab', 'BA.2 Spike', 549.0)"
Cao22b,Casirivimab,B.1 Spike,Suppmentary Table 2,Pseudovirus (VSV),IC50,5.65,1.0,10000.0,1.0,ng/ml,2022-05-04,cao22b-pot.csv,5.65,['614G'],"('Cao22b', 'Casirivimab', 'B.1 Spike', 5.65)"
Cao22b,Casirivimab,SARS-CoV Spike,Suppmentary Table 2,Pseudovirus (VSV),IC50,10000.0,1.0,10000.0,1.0,ng/ml,2022-05-04,cao22b-pot.csv,10000.0,"['100V', '101V', '1055A', '105V', '1070S', '1073R', '1084E', '1088Y', '108S', '1097F', '1101S', '1104I', '110M', '1110F', '1111S', '111N', '112N', '1133I', '114S', '117V', '118I', '11T', '120I', '1216V', '1233L', '123S', '1247A', '129R', '130A', '132N', '134E', '135L', '137D', '138N', '141F', '142A', '144S', '145K', '146P', '147del', '148M', '149G', '14D', '150del', '151del', '152del', '153T', '154Q', '155T', '156H', '157T', '158M', '159I', '15L', '160F', '161D', '162N', '164F', '16D', '171I', '173D', '174A', '176S', '177L', '179V', '17R', '180S', '181E', '183S', '188H', '18C', '197K', '200F', '201L', '202Y', '203V', '205K', '206G', '207Y', '208Q', '211D', '212V', '218S', '21F', '221N', '222T', '224K', '226I', '227F', '228K', '22D', '231L', '237N', '239R', '23D', '240A', '241I', '243T', '244A', '245del', '246del', '247F', '248S', '249P', '24V', '250A', '251Q', '252D', '253I', '254del', '255del', '256del', '257del', '259G', '260T', '261S', '266F', '271K', '273T', '276M', '27N', '280D', '292S', '293Q', '294N', '297A', '299L', '302S', '303V', '307E', '308I', '309D', '321V', '323S', '324G', '325D', '326V', '32S', '33M', '346K', '348P', '354E', '357K', '372T', '373F', '384A', '393S', '3I', '402V', '403K', '406D', '417V', '41E', '42I', '430M', '434L', '438T', '439R', '441I', '443A', '444T', '445S', '446T', '452K', '455Y', '456L', '458H', '459G', '460K', '462R', '46D', '470N', '471V', '472P', '473F', '474S', '475P', '476D', '477G', '478K', '47T', '481T', '482P', '483del', '484P', '485A', '486L', '490W', '493N', '494D', '498Y', '499T', '49Y', '501T', '503I', '50L', '519N', '529L', '532D', '534I', '537Q', '554P', '556S', '558R', '560Q', '569V', '570S', '572F', '575S', '580K', '582S', '588S', '591A', '59Y', '604A', '606S', '607E', '619D', '621S', '622T', '632A', '635I', '640N', '646Q', '64G', '657D', '658T', '675H', '677V', '678S', '679L', '67T', '680L', '681del', '682del', '683del', '684del', '687T', '688S', '689Q', '690K', '693V', '69N', '6L', '702D', '703S', '705I', '70H', '711T', '719S', '71T', '722I', '726V', '727M', '72del', '732A', '739N', '73del', '74del', '750A', '75del', '768S', '76del', '772A', '776R', '779R', '77del', '788M', '78del', '793T', '794L', '796Y', '7F', '80G', '810L', '813T', '834M', '839E', '845N', '84I', '868D', '872A', '875A', '878V', '879S', '87K', '882A', '884A', '90I', '922Q', '929K', '932S', '933Q', '936E', '939T', '940T', '942S', '943T', '94A', '9T']","('Cao22b', 'Casirivimab', 'SARS-CoV Spike', 10000.0)"
Cao22b,Casirivimab,BA.1 Spike,Suppmentary Table 2,Pseudovirus (VSV),IC50,10000.0,1.0,10000.0,1.0,ng/ml,2022-05-04,cao22b-pot.csv,10000.0,"['142D', '143del', '144del', '145del', '211I', '212del', '339D', '371L', '373P', '375F', '417N', '440K', '446S', '477N', '478K', '484A', '493R', '496S', '498R', '501Y', '505H', '547K', '614G', '655Y', '679K', '67V', '681H', '69del', '70del', '764K', '796Y', '856K', '954H', '95I', '969K', '981F']","('Cao22b', 'Casirivimab', 'BA.1 Spike', 10000.0)"
Cao22b,Casirivimab,BA.1.1 Spike,Suppmentary Table 2,Pseudovirus (VSV),IC50,8910.0,1.0,10000.0,1.0,ng/ml,2022-05-04,cao22b-pot.csv,8910.0,"['142D', '143del', '144del', '145del', '211I', '212del', '339D', '346K', '371L', '373P', '375F', '417N', '440K', '446S', '477N', '478K', '484A', '493R', '496S', '498R', '501Y', '505H', '547K', '614G', '655Y', '679K', '67V', '681H', '69del', '70del', '764K', '796Y', '856K', '954H', '95I', '969K', '981F']","('Cao22b', 'Casirivimab', 'BA.1.1 Spike', 8910.0)"
Cao22b,Casirivimab,BA.3 Spike,Suppmentary Table 2,Pseudovirus (VSV),IC50,10000.0,1.0,10000.0,1.0,ng/ml,2022-05-04,cao22b-pot.csv,10000.0,"['142D', '143del', '144del', '145del', '211I', '212del', '339D', '371F', '373P', '375F', '405N', '417N', '440K', '446S', '477N', '478K', '484A', '493R', '498R', '501Y', '505H', '614G', '655Y', '679K', '67V', '681H', '69del', '70del', '764K', '796Y', '954H', '95I', '969K']","('Cao22b', 'Casirivimab', 'BA.3 Spike', 10000.0)"
Cao22b,Casirivimab,BA.2 Spike:446S,Suppmentary Table 2,Pseudovirus (VSV),IC50,10000.0,1.0,10000.0,1.0,ng/ml,2022-05-04,cao22b-pot.csv,10000.0,"['142D', '19I', '213G', '24S', '25del', '26del', '27del', '339D', '371F', '373P', '375F', '376A', '405N', '408S', '417N', '440K', '446S', '477N', '478K', '484A', '493R', '498R', '501Y', '505H', '614G', '655Y', '679K', '681H', '764K', '796Y', '954H', '969K']","('Cao22b', 'Casirivimab', 'BA.2 Spike:446S', 10000.0)"
Cao22b,Casirivimab,BA.2.12.1 Spike,Suppmentary Table 2,Pseudovirus (VSV),IC50,10000.0,1.0,10000.0,1.0,ng/ml,2022-05-04,cao22b-pot.csv,10000.0,"['142D', '19I', '213G', '24S', '25del', '26del', '27del', '339D', '371F', '373P', '375F', '376A', '405N', '408S', '417N', '440K', '452Q', '477N', '478K', '484A', '493R', '498R', '501Y', '505H', '614G', '655Y', '679K', '681H', '704L', '764K', '796Y', '954H', '969K']","('Cao22b', 'Casirivimab', 'BA.2.12.1 Spike', 10000.0)"
Cao22b,Casirivimab,BA.2.13 Spike,Suppmentary Table 2,Pseudovirus (VSV),IC50,9220.0,1.0,10000.0,1.0,ng/ml,2022-05-04,cao22b-pot.csv,9220.0,"['142D', '19I', '213G', '24S', '25del', '26del', '27del', '339D', '371F', '373P', '375F', '376A', '405N', '408S', '417N', '440K', '452M', '477N', '478K', '484A', '493R', '498R', '501Y', '505H', '614G', '655Y', '679K', '681H', '764K', '796Y', '954H', '969K']","('Cao22b', 'Casirivimab', 'BA.2.13 Spike', 9220.0)"
Cao22b,Casirivimab,BA.4/5 Spike,Suppmentary Table 2,Pseudovirus (VSV),IC50,10000.0,1.0,10000.0,1.0,ng/ml,2022-05-04,cao22b-pot.csv,10000.0,"['142D', '19I', '213G', '24S', '25del', '26del', '27del', '339D', '371F', '373P', '375F', '376A', '405N', '408S', '417N', '440K', '452R', '477N', '478K', '484A', '486V', '498R', '501Y', '505H', '614G', '655Y', '679K', '681H', '69del', '70del', '764K', '796Y', '954H', '969K']","('Cao22b', 'Casirivimab', 'BA.4/5 Spike', 10000.0)"
Cao22b,Casirivimab,hCoV-19/pangolin/Guangdong/1/2019 Spike,Suppmentary Table 2,Pseudovirus (VSV),IC50,157.0,1.0,10000.0,1.0,ng/ml,2022-05-04,cao22b-pot.csv,157.0,"['101V', '1070S', '1078T', '1084E', '1125S', '112N', '113T', '114S', '1228I', '127I', '12N', '132N', '137Y', '140Y', '142S', '143G', '147del', '151T', '153S', '154T', '155R', '158A', '163Y', '164A', '173K', '174S', '176M', '177L', '179I', '180A', '183V', '184A', '186I', '188H', '189I', '190K', '195R', '197V', '207Y', '20G', '210V', '212V', '213N', '214S', '215N', '218I', '228E', '229I', '22A', '231A', '237K', '239R', '23A', '243T', '244I', '247G', '248D', '249P', '24I', '250M', '252del', '253del', '254del', '25Q', '260V', '261F', '262S', '271A', '276M', '278N', '27S', '28F', '299A', '306L', '32S', '33Q', '346T', '372T', '402V', '417R', '41T', '42I', '46N', '47T', '498H', '50L', '519N', '51S', '529Q', '53G', '54Y', '556S', '59Y', '634S', '63S', '65Y', '66Y', '681del', '682del', '683del', '684del', '688S', '68L', '691A', '69del', '708A', '70del', '71T', '72K', '747I', '75A', '76E', '79V', '7H', '85D', '87K', '8F', '90I', '94A', '9A']","('Cao22b', 'Casirivimab', 'hCoV-19/pangolin/Guangdong/1/2019 Spike', 157.0)"
Cao22b,Casirivimab,RaTG13 Spike,Suppmentary Table 2,Pseudovirus (VSV),IC50,10000.0,1.0,10000.0,1.0,ng/ml,2022-05-04,cao22b-pot.csv,10000.0,"['1125S', '1228I', '218P', '324D', '32S', '346T', '372T', '403T', '439K', '440H', '441I', '443A', '445E', '449F', '459A', '478K', '483Q', '484T', '486L', '490Y', '493Y', '494R', '498Y', '501D', '505H', '50L', '519N', '604A', '681del', '682del', '683del', '684del', '76I']","('Cao22b', 'Casirivimab', 'RaTG13 Spike', 10000.0)"
Cao22b,Imdevimab,B.1 Spike,Suppmentary Table 2,Pseudovirus (VSV),IC50,5.73,1.0,10000.0,1.0,ng/ml,2022-05-04,cao22b-pot.csv,5.73,['614G'],"('Cao22b', 'Imdevimab', 'B.1 Spike', 5.73)"
Cao22b,Imdevimab,SARS-CoV Spike,Suppmentary Table 2,Pseudovirus (VSV),IC50,10000.0,1.0,10000.0,1.0,ng/ml,2022-05-04,cao22b-pot.csv,10000.0,"['100V', '101V', '1055A', '105V', '1070S', '1073R', '1084E', '1088Y', '108S', '1097F', '1101S', '1104I', '110M', '1110F', '1111S', '111N', '112N', '1133I', '114S', '117V', '118I', '11T', '120I', '1216V', '1233L', '123S', '1247A', '129R', '130A', '132N', '134E', '135L', '137D', '138N', '141F', '142A', '144S', '145K', '146P', '147del', '148M', '149G', '14D', '150del', '151del', '152del', '153T', '154Q', '155T', '156H', '157T', '158M', '159I', '15L', '160F', '161D', '162N', '164F', '16D', '171I', '173D', '174A', '176S', '177L', '179V', '17R', '180S', '181E', '183S', '188H', '18C', '197K', '200F', '201L', '202Y', '203V', '205K', '206G', '207Y', '208Q', '211D', '212V', '218S', '21F', '221N', '222T', '224K', '226I', '227F', '228K', '22D', '231L', '237N', '239R', '23D', '240A', '241I', '243T', '244A', '245del', '246del', '247F', '248S', '249P', '24V', '250A', '251Q', '252D', '253I', '254del', '255del', '256del', '257del', '259G', '260T', '261S', '266F', '271K', '273T', '276M', '27N', '280D', '292S', '293Q', '294N', '297A', '299L', '302S', '303V', '307E', '308I', '309D', '321V', '323S', '324G', '325D', '326V', '32S', '33M', '346K', '348P', '354E', '357K', '372T', '373F', '384A', '393S', '3I', '402V', '403K', '406D', '417V', '41E', '42I', '430M', '434L', '438T', '439R', '441I', '443A', '444T', '445S', '446T', '452K', '455Y', '456L', '458H', '459G', '460K', '462R', '46D', '470N', '471V', '472P', '473F', '474S', '475P', '476D', '477G', '478K', '47T', '481T', '482P', '483del', '484P', '485A', '486L', '490W', '493N', '494D', '498Y', '499T', '49Y', '501T', '503I', '50L', '519N', '529L', '532D', '534I', '537Q', '554P', '556S', '558R', '560Q', '569V', '570S', '572F', '575S', '580K', '582S', '588S', '591A', '59Y', '604A', '606S', '607E', '619D', '621S', '622T', '632A', '635I', '640N', '646Q', '64G', '657D', '658T', '675H', '677V', '678S', '679L', '67T', '680L', '681del', '682del', '683del', '684del', '687T', '688S', '689Q', '690K', '693V', '69N', '6L', '702D', '703S', '705I', '70H', '711T', '719S', '71T', '722I', '726V', '727M', '72del', '732A', '739N', '73del', '74del', '750A', '75del', '768S', '76del', '772A', '776R', '779R', '77del', '788M', '78del', '793T', '794L', '796Y', '7F', '80G', '810L', '813T', '834M', '839E', '845N', '84I', '868D', '872A', '875A', '878V', '879S', '87K', '882A', '884A', '90I', '922Q', '929K', '932S', '933Q', '936E', '939T', '940T', '942S', '943T', '94A', '9T']","('Cao22b', 'Imdevimab', 'SARS-CoV Spike', 10000.0)"
Cao22b,Imdevimab,BA.1 Spike,Suppmentary Table 2,Pseudovirus (VSV),IC50,10000.0,1.0,10000.0,1.0,ng/ml,2022-05-04,cao22b-pot.csv,10000.0,"['142D', '143del', '144del', '145del', '211I', '212del', '339D', '371L', '373P', '375F', '417N', '440K', '446S', '477N', '478K', '484A', '493R', '496S', '498R', '501Y', '505H', '547K', '614G', '655Y', '679K', '67V', '681H', '69del', '70del', '764K', '796Y', '856K', '954H', '95I', '969K', '981F']","('Cao22b', 'Imdevimab', 'BA.1 Spike', 10000.0)"
Cao22b,Imdevimab,BA.1.1 Spike,Suppmentary Table 2,Pseudovirus (VSV),IC50,10000.0,1.0,10000.0,1.0,ng/ml,2022-05-04,cao22b-pot.csv,10000.0,"['142D', '143del', '144del', '145del', '211I', '212del', '339D', '346K', '371L', '373P', '375F', '417N', '440K', '446S', '477N', '478K', '484A', '493R', '496S', '498R', '501Y', '505H', '547K', '614G', '655Y', '679K', '67V', '681H', '69del', '70del', '764K', '796Y', '856K', '954H', '95I', '969K', '981F']","('Cao22b', 'Imdevimab', 'BA.1.1 Spike', 10000.0)"
Cao22b,Imdevimab,BA.3 Spike,Suppmentary Table 2,Pseudovirus (VSV),IC50,10000.0,1.0,10000.0,1.0,ng/ml,2022-05-04,cao22b-pot.csv,10000.0,"['142D', '143del', '144del', '145del', '211I', '212del', '339D', '371F', '373P', '375F', '405N', '417N', '440K', '446S', '477N', '478K', '484A', '493R', '498R', '501Y', '505H', '614G', '655Y', '679K', '67V', '681H', '69del', '70del', '764K', '796Y', '954H', '95I', '969K']","('Cao22b', 'Imdevimab', 'BA.3 Spike', 10000.0)"
Cao22b,Imdevimab,BA.2 Spike:446S,Suppmentary Table 2,Pseudovirus (VSV),IC50,590.0,1.0,10000.0,1.0,ng/ml,2022-05-04,cao22b-pot.csv,590.0,"['142D', '19I', '213G', '24S', '25del', '26del', '27del', '339D', '371F', '373P', '375F', '376A', '405N', '408S', '417N', '440K', '446S', '477N', '478K', '484A', '493R', '498R', '501Y', '505H', '614G', '655Y', '679K', '681H', '764K', '796Y', '954H', '969K']","('Cao22b', 'Imdevimab', 'BA.2 Spike:446S', 590.0)"
Cao22b,Imdevimab,BA.2.12.1 Spike,Suppmentary Table 2,Pseudovirus (VSV),IC50,499.0,1.0,10000.0,1.0,ng/ml,2022-05-04,cao22b-pot.csv,499.0,"['142D', '19I', '213G', '24S', '25del', '26del', '27del', '339D', '371F', '373P', '375F', '376A', '405N', '408S', '417N', '440K', '452Q', '477N', '478K', '484A', '493R', '498R', '501Y', '505H', '614G', '655Y', '679K', '681H', '704L', '764K', '796Y', '954H', '969K']","('Cao22b', 'Imdevimab', 'BA.2.12.1 Spike', 499.0)"
Cao22b,Imdevimab,BA.2.13 Spike,Suppmentary Table 2,Pseudovirus (VSV),IC50,417.0,1.0,10000.0,1.0,ng/ml,2022-05-04,cao22b-pot.csv,417.0,"['142D', '19I', '213G', '24S', '25del', '26del', '27del', '339D', '371F', '373P', '375F', '376A', '405N', '408S', '417N', '440K', '452M', '477N', '478K', '484A', '493R', '498R', '501Y', '505H', '614G', '655Y', '679K', '681H', '764K', '796Y', '954H', '969K']","('Cao22b', 'Imdevimab', 'BA.2.13 Spike', 417.0)"
Cao22b,Imdevimab,BA.4/5 Spike,Suppmentary Table 2,Pseudovirus (VSV),IC50,520.0,1.0,10000.0,1.0,ng/ml,2022-05-04,cao22b-pot.csv,520.0,"['142D', '19I', '213G', '24S', '25del', '26del', '27del', '339D', '371F', '373P', '375F', '376A', '405N', '408S', '417N', '440K', '452R', '477N', '478K', '484A', '486V', '498R', '501Y', '505H', '614G', '655Y', '679K', '681H', '69del', '70del', '764K', '796Y', '954H', '969K']","('Cao22b', 'Imdevimab', 'BA.4/5 Spike', 520.0)"
Cao22b,Imdevimab,hCoV-19/pangolin/Guangdong/1/2019 Spike,Suppmentary Table 2,Pseudovirus (VSV),IC50,83.7,1.0,10000.0,1.0,ng/ml,2022-05-04,cao22b-pot.csv,83.7,"['101V', '1070S', '1078T', '1084E', '1125S', '112N', '113T', '114S', '1228I', '127I', '12N', '132N', '137Y', '140Y', '142S', '143G', '147del', '151T', '153S', '154T', '155R', '158A', '163Y', '164A', '173K', '174S', '176M', '177L', '179I', '180A', '183V', '184A', '186I', '188H', '189I', '190K', '195R', '197V', '207Y', '20G', '210V', '212V', '213N', '214S', '215N', '218I', '228E', '229I', '22A', '231A', '237K', '239R', '23A', '243T', '244I', '247G', '248D', '249P', '24I', '250M', '252del', '253del', '254del', '25Q', '260V', '261F', '262S', '271A', '276M', '278N', '27S', '28F', '299A', '306L', '32S', '33Q', '346T', '372T', '402V', '417R', '41T', '42I', '46N', '47T', '498H', '50L', '519N', '51S', '529Q', '53G', '54Y', '556S', '59Y', '634S', '63S', '65Y', '66Y', '681del', '682del', '683del', '684del', '688S', '68L', '691A', '69del', '708A', '70del', '71T', '72K', '747I', '75A', '76E', '79V', '7H', '85D', '87K', '8F', '90I', '94A', '9A']","('Cao22b', 'Imdevimab', 'hCoV-19/pangolin/Guangdong/1/2019 Spike', 83.7)"
Cao22b,Imdevimab,RaTG13 Spike,Suppmentary Table 2,Pseudovirus (VSV),IC50,10000.0,1.0,10000.0,1.0,ng/ml,2022-05-04,cao22b-pot.csv,10000.0,"['1125S', '1228I', '218P', '324D', '32S', '346T', '372T', '403T', '439K', '440H', '441I', '443A', '445E', '449F', '459A', '478K', '483Q', '484T', '486L', '490Y', '493Y', '494R', '498Y', '501D', '505H', '50L', '519N', '604A', '681del', '682del', '683del', '684del', '76I']","('Cao22b', 'Imdevimab', 'RaTG13 Spike', 10000.0)"
Cao22c,Casirivimab,S:614G,Figure 5b,Pseudovirus (VSV),IC50,5.6,1.0,10000.0,1.0,ng/ml,2022-07-29,cao22c-pot.csv,5.6,['614G'],"('Cao22c', 'Casirivimab', 'S:614G', 5.6)"
Cao22c,Casirivimab,BA.2 Spike,Figure 5b,Pseudovirus (VSV),IC50,10000.0,1.0,10000.0,1.0,ng/ml,2022-07-29,cao22c-pot.csv,10000.0,"['142D', '19I', '213G', '24S', '25del', '26del', '27del', '339D', '371F', '373P', '375F', '376A', '405N', '408S', '417N', '440K', '477N', '478K', '484A', '493R', '498R', '501Y', '505H', '614G', '655Y', '679K', '681H', '764K', '796Y', '954H', '969K']","('Cao22c', 'Casirivimab', 'BA.2 Spike', 10000.0)"
Cao22c,Casirivimab,BA.2.12.1 Spike,Figure 5b,Pseudovirus (VSV),IC50,10000.0,1.0,10000.0,1.0,ng/ml,2022-07-29,cao22c-pot.csv,10000.0,"['142D', '19I', '213G', '24S', '25del', '26del', '27del', '339D', '371F', '373P', '375F', '376A', '405N', '408S', '417N', '440K', '452Q', '477N', '478K', '484A', '493R', '498R', '501Y', '505H', '614G', '655Y', '679K', '681H', '704L', '764K', '796Y', '954H', '969K']","('Cao22c', 'Casirivimab', 'BA.2.12.1 Spike', 10000.0)"
Cao22c,Casirivimab,BA.4/5 Spike,Figure 5b,Pseudovirus (VSV),IC50,10000.0,1.0,10000.0,1.0,ng/ml,2022-07-29,cao22c-pot.csv,10000.0,"['142D', '19I', '213G', '24S', '25del', '26del', '27del', '339D', '371F', '373P', '375F', '376A', '405N', '408S', '417N', '440K', '452R', '477N', '478K', '484A', '486V', '498R', '501Y', '505H', '614G', '655Y', '679K', '681H', '69del', '70del', '764K', '796Y', '954H', '969K']","('Cao22c', 'Casirivimab', 'BA.4/5 Spike', 10000.0)"
Cao22c,Casirivimab,BA.2.38 Spike,Figure 5b,Pseudovirus (VSV),IC50,10000.0,1.0,10000.0,1.0,ng/ml,2022-07-29,cao22c-pot.csv,10000.0,"['142D', '19I', '213G', '24S', '25del', '26del', '27del', '339D', '371F', '373P', '375F', '376A', '405N', '408S', '417T', '440K', '477N', '478K', '484A', '493R', '498R', '501Y', '505H', '614G', '655Y', '679K', '681H', '764K', '796Y', '954H', '969K']","('Cao22c', 'Casirivimab', 'BA.2.38 Spike', 10000.0)"
Cao22c,Casirivimab,BA.2.75 Spike,Figure 5b,Pseudovirus (VSV),IC50,278.0,1.0,10000.0,1.0,ng/ml,2022-07-29,cao22c-pot.csv,278.0,"['142D', '147E', '152R', '157L', '19I', '210V', '213G', '24S', '257S', '25del', '26del', '27del', '339H', '371F', '373P', '375F', '376A', '405N', '408S', '417N', '440K', '446S', '460K', '477N', '478K', '484A', '498R', '501Y', '505H', '614G', '655Y', '679K', '681H', '764K', '796Y', '954H', '969K']","('Cao22c', 'Casirivimab', 'BA.2.75 Spike', 278.0)"
Cao22c,Casirivimab,SARS-CoV Spike,Figure 5b,Pseudovirus (VSV),IC50,10000.0,1.0,10000.0,1.0,ng/ml,2022-07-29,cao22c-pot.csv,10000.0,"['100V', '101V', '1055A', '105V', '1070S', '1073R', '1084E', '1088Y', '108S', '1097F', '1101S', '1104I', '110M', '1110F', '1111S', '111N', '112N', '1133I', '114S', '117V', '118I', '11T', '120I', '1216V', '1233L', '123S', '1247A', '129R', '130A', '132N', '134E', '135L', '137D', '138N', '141F', '142A', '144S', '145K', '146P', '147del', '148M', '149G', '14D', '150del', '151del', '152del', '153T', '154Q', '155T', '156H', '157T', '158M', '159I', '15L', '160F', '161D', '162N', '164F', '16D', '171I', '173D', '174A', '176S', '177L', '179V', '17R', '180S', '181E', '183S', '188H', '18C', '197K', '200F', '201L', '202Y', '203V', '205K', '206G', '207Y', '208Q', '211D', '212V', '218S', '21F', '221N', '222T', '224K', '226I', '227F', '228K', '22D', '231L', '237N', '239R', '23D', '240A', '241I', '243T', '244A', '245del', '246del', '247F', '248S', '249P', '24V', '250A', '251Q', '252D', '253I', '254del', '255del', '256del', '257del', '259G', '260T', '261S', '266F', '271K', '273T', '276M', '27N', '280D', '292S', '293Q', '294N', '297A', '299L', '302S', '303V', '307E', '308I', '309D', '321V', '323S', '324G', '325D', '326V', '32S', '33M', '346K', '348P', '354E', '357K', '372T', '373F', '384A', '393S', '3I', '402V', '403K', '406D', '417V', '41E', '42I', '430M', '434L', '438T', '439R', '441I', '443A', '444T', '445S', '446T', '452K', '455Y', '456L', '458H', '459G', '460K', '462R', '46D', '470N', '471V', '472P', '473F', '474S', '475P', '476D', '477G', '478K', '47T', '481T', '482P', '483del', '484P', '485A', '486L', '490W', '493N', '494D', '498Y', '499T', '49Y', '501T', '503I', '50L', '519N', '529L', '532D', '534I', '537Q', '554P', '556S', '558R', '560Q', '569V', '570S', '572F', '575S', '580K', '582S', '588S', '591A', '59Y', '604A', '606S', '607E', '619D', '621S', '622T', '632A', '635I', '640N', '646Q', '64G', '657D', '658T', '675H', '677V', '678S', '679L', '67T', '680L', '681del', '682del', '683del', '684del', '687T', '688S', '689Q', '690K', '693V', '69N', '6L', '702D', '703S', '705I', '70H', '711T', '719S', '71T', '722I', '726V', '727M', '72del', '732A', '739N', '73del', '74del', '750A', '75del', '768S', '76del', '772A', '776R', '779R', '77del', '788M', '78del', '793T', '794L', '796Y', '7F', '80G', '810L', '813T', '834M', '839E', '845N', '84I', '868D', '872A', '875A', '878V', '879S', '87K', '882A', '884A', '90I', '922Q', '929K', '932S', '933Q', '936E', '939T', '940T', '942S', '943T', '94A', '9T']","('Cao22c', 'Casirivimab', 'SARS-CoV Spike', 10000.0)"
Cao22c,Imdevimab,S:614G,Figure 5b,Pseudovirus (VSV),IC50,5.7,1.0,10000.0,1.0,ng/ml,2022-07-29,cao22c-pot.csv,5.7,['614G'],"('Cao22c', 'Imdevimab', 'S:614G', 5.7)"
Cao22c,Imdevimab,BA.2 Spike,Figure 5b,Pseudovirus (VSV),IC50,590.0,1.0,10000.0,1.0,ng/ml,2022-07-29,cao22c-pot.csv,590.0,"['142D', '19I', '213G', '24S', '25del', '26del', '27del', '339D', '371F', '373P', '375F', '376A', '405N', '408S', '417N', '440K', '477N', '478K', '484A', '493R', '498R', '501Y', '505H', '614G', '655Y', '679K', '681H', '764K', '796Y', '954H', '969K']","('Cao22c', 'Imdevimab', 'BA.2 Spike', 590.0)"
Cao22c,Imdevimab,BA.2.12.1 Spike,Figure 5b,Pseudovirus (VSV),IC50,499.0,1.0,10000.0,1.0,ng/ml,2022-07-29,cao22c-pot.csv,499.0,"['142D', '19I', '213G', '24S', '25del', '26del', '27del', '339D', '371F', '373P', '375F', '376A', '405N', '408S', '417N', '440K', '452Q', '477N', '478K', '484A', '493R', '498R', '501Y', '505H', '614G', '655Y', '679K', '681H', '704L', '764K', '796Y', '954H', '969K']","('Cao22c', 'Imdevimab', 'BA.2.12.1 Spike', 499.0)"
Cao22c,Imdevimab,BA.4/5 Spike,Figure 5b,Pseudovirus (VSV),IC50,520.0,1.0,10000.0,1.0,ng/ml,2022-07-29,cao22c-pot.csv,520.0,"['142D', '19I', '213G', '24S', '25del', '26del', '27del', '339D', '371F', '373P', '375F', '376A', '405N', '408S', '417N', '440K', '452R', '477N', '478K', '484A', '486V', '498R', '501Y', '505H', '614G', '655Y', '679K', '681H', '69del', '70del', '764K', '796Y', '954H', '969K']","('Cao22c', 'Imdevimab', 'BA.4/5 Spike', 520.0)"
Cao22c,Imdevimab,BA.2.38 Spike,Figure 5b,Pseudovirus (VSV),IC50,493.0,1.0,10000.0,1.0,ng/ml,2022-07-29,cao22c-pot.csv,493.0,"['142D', '19I', '213G', '24S', '25del', '26del', '27del', '339D', '371F', '373P', '375F', '376A', '405N', '408S', '417T', '440K', '477N', '478K', '484A', '493R', '498R', '501Y', '505H', '614G', '655Y', '679K', '681H', '764K', '796Y', '954H', '969K']","('Cao22c', 'Imdevimab', 'BA.2.38 Spike', 493.0)"
Cao22c,Imdevimab,BA.2.75 Spike,Figure 5b,Pseudovirus (VSV),IC50,10000.0,1.0,10000.0,1.0,ng/ml,2022-07-29,cao22c-pot.csv,10000.0,"['142D', '147E', '152R', '157L', '19I', '210V', '213G', '24S', '257S', '25del', '26del', '27del', '339H', '371F', '373P', '375F', '376A', '405N', '408S', '417N', '440K', '446S', '460K', '477N', '478K', '484A', '498R', '501Y', '505H', '614G', '655Y', '679K', '681H', '764K', '796Y', '954H', '969K']","('Cao22c', 'Imdevimab', 'BA.2.75 Spike', 10000.0)"
Cao22c,Imdevimab,SARS-CoV Spike,Figure 5b,Pseudovirus (VSV),IC50,10000.0,1.0,10000.0,1.0,ng/ml,2022-07-29,cao22c-pot.csv,10000.0,"['100V', '101V', '1055A', '105V', '1070S', '1073R', '1084E', '1088Y', '108S', '1097F', '1101S', '1104I', '110M', '1110F', '1111S', '111N', '112N', '1133I', '114S', '117V', '118I', '11T', '120I', '1216V', '1233L', '123S', '1247A', '129R', '130A', '132N', '134E', '135L', '137D', '138N', '141F', '142A', '144S', '145K', '146P', '147del', '148M', '149G', '14D', '150del', '151del', '152del', '153T', '154Q', '155T', '156H', '157T', '158M', '159I', '15L', '160F', '161D', '162N', '164F', '16D', '171I', '173D', '174A', '176S', '177L', '179V', '17R', '180S', '181E', '183S', '188H', '18C', '197K', '200F', '201L', '202Y', '203V', '205K', '206G', '207Y', '208Q', '211D', '212V', '218S', '21F', '221N', '222T', '224K', '226I', '227F', '228K', '22D', '231L', '237N', '239R', '23D', '240A', '241I', '243T', '244A', '245del', '246del', '247F', '248S', '249P', '24V', '250A', '251Q', '252D', '253I', '254del', '255del', '256del', '257del', '259G', '260T', '261S', '266F', '271K', '273T', '276M', '27N', '280D', '292S', '293Q', '294N', '297A', '299L', '302S', '303V', '307E', '308I', '309D', '321V', '323S', '324G', '325D', '326V', '32S', '33M', '346K', '348P', '354E', '357K', '372T', '373F', '384A', '393S', '3I', '402V', '403K', '406D', '417V', '41E', '42I', '430M', '434L', '438T', '439R', '441I', '443A', '444T', '445S', '446T', '452K', '455Y', '456L', '458H', '459G', '460K', '462R', '46D', '470N', '471V', '472P', '473F', '474S', '475P', '476D', '477G', '478K', '47T', '481T', '482P', '483del', '484P', '485A', '486L', '490W', '493N', '494D', '498Y', '499T', '49Y', '501T', '503I', '50L', '519N', '529L', '532D', '534I', '537Q', '554P', '556S', '558R', '560Q', '569V', '570S', '572F', '575S', '580K', '582S', '588S', '591A', '59Y', '604A', '606S', '607E', '619D', '621S', '622T', '632A', '635I', '640N', '646Q', '64G', '657D', '658T', '675H', '677V', '678S', '679L', '67T', '680L', '681del', '682del', '683del', '684del', '687T', '688S', '689Q', '690K', '693V', '69N', '6L', '702D', '703S', '705I', '70H', '711T', '719S', '71T', '722I', '726V', '727M', '72del', '732A', '739N', '73del', '74del', '750A', '75del', '768S', '76del', '772A', '776R', '779R', '77del', '788M', '78del', '793T', '794L', '796Y', '7F', '80G', '810L', '813T', '834M', '839E', '845N', '84I', '868D', '872A', '875A', '878V', '879S', '87K', '882A', '884A', '90I', '922Q', '929K', '932S', '933Q', '936E', '939T', '940T', '942S', '943T', '94A', '9T']","('Cao22c', 'Imdevimab', 'SARS-CoV Spike', 10000.0)"
Cao22d,Casirivimab,S:614G,Fig 4b,Pseudovirus (VSV),IC50,5.0,1.0,10000.0,0.1,ng/ml,2022-01-18,cao22d-pot.csv,5.0,['614G'],"('Cao22d', 'Casirivimab', 'S:614G', 5.0)"
Cao22d,Imdevimab,S:614G,Fig 4b,Pseudovirus (VSV),IC50,5.0,1.0,10000.0,0.1,ng/ml,2022-01-18,cao22d-pot.csv,5.0,['614G'],"('Cao22d', 'Imdevimab', 'S:614G', 5.0)"
Cao22d,Casirivimab,B.1.1.7 Spike,Fig 4b,Pseudovirus (VSV),IC50,7.0,1.0,10000.0,0.1,ng/ml,2022-01-18,cao22d-pot.csv,7.0,"['1118H', '144del', '501Y', '570D', '614G', '681H', '69del', '70del', '716I', '982A']","('Cao22d', 'Casirivimab', 'B.1.1.7 Spike', 7.0)"
Cao22d,Imdevimab,B.1.1.7 Spike,Fig 4b,Pseudovirus (VSV),IC50,3.0,1.0,10000.0,0.1,ng/ml,2022-01-18,cao22d-pot.csv,3.0,"['1118H', '144del', '501Y', '570D', '614G', '681H', '69del', '70del', '716I', '982A']","('Cao22d', 'Imdevimab', 'B.1.1.7 Spike', 3.0)"
Cao22d,Casirivimab,P.1 Spike,Fig 4b,Pseudovirus (VSV),IC50,55.0,1.0,10000.0,0.1,ng/ml,2022-01-18,cao22d-pot.csv,55.0,"['1027I', '1176F', '138Y', '18F', '190S', '20N', '26S', '417T', '484K', '501Y', '614G', '655Y']","('Cao22d', 'Casirivimab', 'P.1 Spike', 55.0)"
Cao22d,Imdevimab,P.1 Spike,Fig 4b,Pseudovirus (VSV),IC50,3.0,1.0,10000.0,0.1,ng/ml,2022-01-18,cao22d-pot.csv,3.0,"['1027I', '1176F', '138Y', '18F', '190S', '20N', '26S', '417T', '484K', '501Y', '614G', '655Y']","('Cao22d', 'Imdevimab', 'P.1 Spike', 3.0)"
Cao22d,Casirivimab,B.1.351 Spike,Fig 4b,Pseudovirus (VSV),IC50,98.0,1.0,10000.0,0.1,ng/ml,2022-01-18,cao22d-pot.csv,98.0,"['18F', '215G', '242del', '243del', '244del', '246I', '417N', '484K', '501Y', '614G', '701V', '80A']","('Cao22d', 'Casirivimab', 'B.1.351 Spike', 98.0)"
Cao22d,Imdevimab,B.1.351 Spike,Fig 4b,Pseudovirus (VSV),IC50,2.0,1.0,10000.0,0.1,ng/ml,2022-01-18,cao22d-pot.csv,2.0,"['18F', '215G', '242del', '243del', '244del', '246I', '417N', '484K', '501Y', '614G', '701V', '80A']","('Cao22d', 'Imdevimab', 'B.1.351 Spike', 2.0)"
Cao22d,Casirivimab,B.1.617.2 Spike,Fig 4b,Pseudovirus (VSV),IC50,3.0,1.0,10000.0,0.1,ng/ml,2022-01-18,cao22d-pot.csv,3.0,"['156G', '157del', '158del', '19R', '452R', '478K', '614G', '681R', '950N']","('Cao22d', 'Casirivimab', 'B.1.617.2 Spike', 3.0)"
Cao22d,Imdevimab,B.1.617.2 Spike,Fig 4b,Pseudovirus (VSV),IC50,5.0,1.0,10000.0,0.1,ng/ml,2022-01-18,cao22d-pot.csv,5.0,"['156G', '157del', '158del', '19R', '452R', '478K', '614G', '681R', '950N']","('Cao22d', 'Imdevimab', 'B.1.617.2 Spike', 5.0)"
Cao22d,Casirivimab,BA.1 Spike,Fig 4b,Pseudovirus (VSV),IC50,10000.0,1.0,10000.0,0.1,ng/ml,2022-01-18,cao22d-pot.csv,10000.0,"['142D', '143del', '144del', '145del', '211I', '212del', '339D', '371L', '373P', '375F', '417N', '440K', '446S', '477N', '478K', '484A', '493R', '496S', '498R', '501Y', '505H', '547K', '614G', '655Y', '679K', '67V', '681H', '69del', '70del', '764K', '796Y', '856K', '954H', '95I', '969K', '981F']","('Cao22d', 'Casirivimab', 'BA.1 Spike', 10000.0)"
Cao22d,Imdevimab,BA.1 Spike,Fig 4b,Pseudovirus (VSV),IC50,10000.0,1.0,10000.0,0.1,ng/ml,2022-01-18,cao22d-pot.csv,10000.0,"['142D', '143del', '144del', '145del', '211I', '212del', '339D', '371L', '373P', '375F', '417N', '440K', '446S', '477N', '478K', '484A', '493R', '496S', '498R', '501Y', '505H', '547K', '614G', '655Y', '679K', '67V', '681H', '69del', '70del', '764K', '796Y', '856K', '954H', '95I', '969K', '981F']","('Cao22d', 'Imdevimab', 'BA.1 Spike', 10000.0)"
Cao22d,Casirivimab,SARS-CoV Spike,41586_2021_4385_MOESM1_ESM.xlsx,Pseudovirus (VSV),IC50,10000.0,1.0,10000.0,0.1,ng/ml,2022-09-09,cao22d-pot.csv,10000.0,"['100V', '101V', '1055A', '105V', '1070S', '1073R', '1084E', '1088Y', '108S', '1097F', '1101S', '1104I', '110M', '1110F', '1111S', '111N', '112N', '1133I', '114S', '117V', '118I', '11T', '120I', '1216V', '1233L', '123S', '1247A', '129R', '130A', '132N', '134E', '135L', '137D', '138N', '141F', '142A', '144S', '145K', '146P', '147del', '148M', '149G', '14D', '150del', '151del', '152del', '153T', '154Q', '155T', '156H', '157T', '158M', '159I', '15L', '160F', '161D', '162N', '164F', '16D', '171I', '173D', '174A', '176S', '177L', '179V', '17R', '180S', '181E', '183S', '188H', '18C', '197K', '200F', '201L', '202Y', '203V', '205K', '206G', '207Y', '208Q', '211D', '212V', '218S', '21F', '221N', '222T', '224K', '226I', '227F', '228K', '22D', '231L', '237N', '239R', '23D', '240A', '241I', '243T', '244A', '245del', '246del', '247F', '248S', '249P', '24V', '250A', '251Q', '252D', '253I', '254del', '255del', '256del', '257del', '259G', '260T', '261S', '266F', '271K', '273T', '276M', '27N', '280D', '292S', '293Q', '294N', '297A', '299L', '302S', '303V', '307E', '308I', '309D', '321V', '323S', '324G', '325D', '326V', '32S', '33M', '346K', '348P', '354E', '357K', '372T', '373F', '384A', '393S', '3I', '402V', '403K', '406D', '417V', '41E', '42I', '430M', '434L', '438T', '439R', '441I', '443A', '444T', '445S', '446T', '452K', '455Y', '456L', '458H', '459G', '460K', '462R', '46D', '470N', '471V', '472P', '473F', '474S', '475P', '476D', '477G', '478K', '47T', '481T', '482P', '483del', '484P', '485A', '486L', '490W', '493N', '494D', '498Y', '499T', '49Y', '501T', '503I', '50L', '519N', '529L', '532D', '534I', '537Q', '554P', '556S', '558R', '560Q', '569V', '570S', '572F', '575S', '580K', '582S', '588S', '591A', '59Y', '604A', '606S', '607E', '619D', '621S', '622T', '632A', '635I', '640N', '646Q', '64G', '657D', '658T', '675H', '677V', '678S', '679L', '67T', '680L', '681del', '682del', '683del', '684del', '687T', '688S', '689Q', '690K', '693V', '69N', '6L', '702D', '703S', '705I', '70H', '711T', '719S', '71T', '722I', '726V', '727M', '72del', '732A', '739N', '73del', '74del', '750A', '75del', '768S', '76del', '772A', '776R', '779R', '77del', '788M', '78del', '793T', '794L', '796Y', '7F', '80G', '810L', '813T', '834M', '839E', '845N', '84I', '868D', '872A', '875A', '878V', '879S', '87K', '882A', '884A', '90I', '922Q', '929K', '932S', '933Q', '936E', '939T', '940T', '942S', '943T', '94A', '9T']","('Cao22d', 'Casirivimab', 'SARS-CoV Spike', 10000.0)"
Cao22d,Imdevimab,SARS-CoV Spike,41586_2021_4385_MOESM1_ESM.xlsx,Pseudovirus (VSV),IC50,10000.0,1.0,10000.0,0.1,ng/ml,2022-09-09,cao22d-pot.csv,10000.0,"['100V', '101V', '1055A', '105V', '1070S', '1073R', '1084E', '1088Y', '108S', '1097F', '1101S', '1104I', '110M', '1110F', '1111S', '111N', '112N', '1133I', '114S', '117V', '118I', '11T', '120I', '1216V', '1233L', '123S', '1247A', '129R', '130A', '132N', '134E', '135L', '137D', '138N', '141F', '142A', '144S', '145K', '146P', '147del', '148M', '149G', '14D', '150del', '151del', '152del', '153T', '154Q', '155T', '156H', '157T', '158M', '159I', '15L', '160F', '161D', '162N', '164F', '16D', '171I', '173D', '174A', '176S', '177L', '179V', '17R', '180S', '181E', '183S', '188H', '18C', '197K', '200F', '201L', '202Y', '203V', '205K', '206G', '207Y', '208Q', '211D', '212V', '218S', '21F', '221N', '222T', '224K', '226I', '227F', '228K', '22D', '231L', '237N', '239R', '23D', '240A', '241I', '243T', '244A', '245del', '246del', '247F', '248S', '249P', '24V', '250A', '251Q', '252D', '253I', '254del', '255del', '256del', '257del', '259G', '260T', '261S', '266F', '271K', '273T', '276M', '27N', '280D', '292S', '293Q', '294N', '297A', '299L', '302S', '303V', '307E', '308I', '309D', '321V', '323S', '324G', '325D', '326V', '32S', '33M', '346K', '348P', '354E', '357K', '372T', '373F', '384A', '393S', '3I', '402V', '403K', '406D', '417V', '41E', '42I', '430M', '434L', '438T', '439R', '441I', '443A', '444T', '445S', '446T', '452K', '455Y', '456L', '458H', '459G', '460K', '462R', '46D', '470N', '471V', '472P', '473F', '474S', '475P', '476D', '477G', '478K', '47T', '481T', '482P', '483del', '484P', '485A', '486L', '490W', '493N', '494D', '498Y', '499T', '49Y', '501T', '503I', '50L', '519N', '529L', '532D', '534I', '537Q', '554P', '556S', '558R', '560Q', '569V', '570S', '572F', '575S', '580K', '582S', '588S', '591A', '59Y', '604A', '606S', '607E', '619D', '621S', '622T', '632A', '635I', '640N', '646Q', '64G', '657D', '658T', '675H', '677V', '678S', '679L', '67T', '680L', '681del', '682del', '683del', '684del', '687T', '688S', '689Q', '690K', '693V', '69N', '6L', '702D', '703S', '705I', '70H', '711T', '719S', '71T', '722I', '726V', '727M', '72del', '732A', '739N', '73del', '74del', '750A', '75del', '768S', '76del', '772A', '776R', '779R', '77del', '788M', '78del', '793T', '794L', '796Y', '7F', '80G', '810L', '813T', '834M', '839E', '845N', '84I', '868D', '872A', '875A', '878V', '879S', '87K', '882A', '884A', '90I', '922Q', '929K', '932S', '933Q', '936E', '939T', '940T', '942S', '943T', '94A', '9T']","('Cao22d', 'Imdevimab', 'SARS-CoV Spike', 10000.0)"
Cao22e,Casirivimab,BA.2 Spike,V3_Figure 2a,Pseudovirus,IC50,999.0,1.0,1000.0,1.0,ng/ml,2022-10-10,cao22e-pot.csv,999.0,"['142D', '19I', '213G', '24S', '25del', '26del', '27del', '339D', '371F', '373P', '375F', '376A', '405N', '408S', '417N', '440K', '477N', '478K', '484A', '493R', '498R', '501Y', '505H', '614G', '655Y', '679K', '681H', '764K', '796Y', '954H', '969K']","('Cao22e', 'Casirivimab', 'BA.2 Spike', 999.0)"
Cao22e,Casirivimab,BA.2.3.20 Spike,V3_Figure 2a,Pseudovirus,IC50,121.0,1.0,1000.0,1.0,ng/ml,2022-10-10,cao22e-pot.csv,121.0,"['142D', '153T', '164K', '19I', '213G', '245N', '24S', '257D', '25del', '26del', '27del', '339D', '371F', '373P', '375F', '376A', '405N', '408S', '417N', '440K', '444R', '450D', '452M', '460K', '477N', '478K', '484R', '498R', '501Y', '505H', '614G', '655Y', '679K', '681H', '764K', '796Y', '954H', '969K']","('Cao22e', 'Casirivimab', 'BA.2.3.20 Spike', 121.0)"
Cao22e,Casirivimab,BA.2.10.4 Spike,V3_Figure 2a,Pseudovirus,IC50,1000.0,1.0,1000.0,1.0,ng/ml,2022-10-10,cao22e-pot.csv,1000.0,"['1143L', '141del', '142del', '143del', '144del', '19I', '213G', '243del', '244del', '24S', '25del', '26del', '27del', '339D', '371F', '373P', '375F', '376A', '405N', '408S', '417N', '440K', '446S', '477N', '478K', '484A', '486P', '494P', '498R', '501Y', '505H', '614G', '64R', '655Y', '679K', '681H', '764K', '796Y', '954H', '969K']","('Cao22e', 'Casirivimab', 'BA.2.10.4 Spike', 1000.0)"
Cao22e,Casirivimab,BJ.1 Spike,V3_Figure 2a,Pseudovirus,IC50,1000.0,1.0,1000.0,1.0,ng/ml,2022-10-10,cao22e-pot.csv,1000.0,"['1003I', '142D', '144del', '146Q', '183E', '19I', '213E', '24S', '25del', '26del', '27del', '339H', '346T', '368I', '371F', '373P', '375F', '376A', '405N', '408S', '417N', '440K', '445P', '446S', '477N', '478K', '483A', '484A', '490V', '493R', '498R', '501Y', '505H', '614G', '655Y', '679K', '681H', '764K', '796Y', '798D', '83A', '954H', '969K']","('Cao22e', 'Casirivimab', 'BJ.1 Spike', 1000.0)"
Cao22e,Casirivimab,XBB Spike,V3_Figure 2a,Pseudovirus,IC50,1000.0,1.0,1000.0,1.0,ng/ml,2022-10-10,cao22e-pot.csv,1000.0,"['142D', '144del', '146Q', '183E', '19I', '213E', '24S', '25del', '26del', '27del', '339H', '346T', '368I', '371F', '373P', '375F', '376A', '405N', '408S', '417N', '440K', '445P', '446S', '460K', '477N', '478K', '484A', '486S', '490S', '498R', '501Y', '505H', '614G', '655Y', '679K', '681H', '764K', '796Y', '83A', '954H', '969K']","('Cao22e', 'Casirivimab', 'XBB Spike', 1000.0)"
Cao22e,Casirivimab,BA.2.75 Spike,V3_Figure 2a,Pseudovirus,IC50,278.0,1.0,1000.0,1.0,ng/ml,2022-10-10,cao22e-pot.csv,278.0,"['142D', '147E', '152R', '157L', '19I', '210V', '213G', '24S', '257S', '25del', '26del', '27del', '339H', '371F', '373P', '375F', '376A', '405N', '408S', '417N', '440K', '446S', '460K', '477N', '478K', '484A', '498R', '501Y', '505H', '614G', '655Y', '679K', '681H', '764K', '796Y', '954H', '969K']","('Cao22e', 'Casirivimab', 'BA.2.75 Spike', 278.0)"
Cao22e,Casirivimab,BL.1 Spike,V3_Figure 2a,Pseudovirus,IC50,260.0,1.0,1000.0,1.0,ng/ml,2022-10-10,cao22e-pot.csv,260.0,"['147E', '152R', '157L', '19I', '210V', '213G', '24S', '257S', '25del', '26del', '27del', '339H', '346T', '371F', '373P', '375F', '376A', '405N', '408S', '417N', '440K', '446S', '460K', '477N', '478K', '484A', '498R', '501Y', '505H', '574V', '614G', '655Y', '679K', '681H', '764K', '796Y', '954H', '969K']","('Cao22e', 'Casirivimab', 'BL.1 Spike', 260.0)"
Cao22e,Casirivimab,BR.1 Spike,V3_Figure 2a,Pseudovirus,IC50,319.0,1.0,1000.0,1.0,ng/ml,2022-10-10,cao22e-pot.csv,319.0,"['147E', '152R', '157L', '19I', '210V', '213G', '24S', '257S', '25del', '26del', '27del', '339H', '371F', '373P', '375F', '376A', '405N', '408S', '417N', '440K', '444M', '446S', '452R', '460K', '477N', '478K', '484A', '498R', '501Y', '505H', '614G', '655Y', '679K', '681H', '764K', '796Y', '954H', '969K']","('Cao22e', 'Casirivimab', 'BR.1 Spike', 319.0)"
Cao22e,Casirivimab,BN.2.1 Spike,V3_Figure 2a,Pseudovirus,IC50,390.0,1.0,1000.0,1.0,ng/ml,2022-10-10,cao22e-pot.csv,390.0,"['142D', '147E', '152R', '157L', '19I', '210V', '213G', '24S', '257S', '25del', '26del', '27del', '339H', '356T', '371F', '373P', '375F', '376A', '405N', '408S', '417N', '440K', '446S', '460K', '477N', '478K', '484A', '490S', '498R', '49Y', '501Y', '505H', '614G', '655Y', '679K', '681H', '764K', '796Y', '954H', '969K']","('Cao22e', 'Casirivimab', 'BN.2.1 Spike', 390.0)"
Cao22e,Casirivimab,BN.1 Spike,V3_Figure 2a,Pseudovirus,IC50,344.0,1.0,1000.0,1.0,ng/ml,2022-10-10,cao22e-pot.csv,344.0,"['142D', '147E', '152R', '157L', '19I', '210V', '213G', '24S', '257S', '25del', '26del', '27del', '339H', '346T', '356T', '371F', '373P', '375F', '376A', '405N', '408S', '417N', '440K', '446S', '460K', '477N', '478K', '484A', '490S', '498R', '501Y', '505H', '614G', '655Y', '679K', '681H', '764K', '796Y', '954H', '969K']","('Cao22e', 'Casirivimab', 'BN.1 Spike', 344.0)"
Cao22e,Casirivimab,BA.2.75.2 Spike,V3_Figure 2a,Pseudovirus,IC50,1000.0,1.0,1000.0,1.0,ng/ml,2022-10-10,cao22e-pot.csv,1000.0,"['1199N', '142D', '147E', '152R', '157L', '19I', '210V', '213G', '24S', '257S', '25del', '26del', '27del', '339H', '346T', '371F', '373P', '375F', '376A', '405N', '408S', '417N', '440K', '446S', '460K', '477N', '478K', '484A', '486S', '498R', '501Y', '505H', '614G', '655Y', '679K', '681H', '764K', '796Y', '954H', '969K']","('Cao22e', 'Casirivimab', 'BA.2.75.2 Spike', 1000.0)"
Cao22e,Casirivimab,BM.1.1 Spike,V3_Figure 2a,Pseudovirus,IC50,1000.0,1.0,1000.0,1.0,ng/ml,2022-10-10,cao22e-pot.csv,1000.0,"['142D', '147E', '152R', '157L', '19I', '210V', '213G', '24S', '257S', '25del', '26del', '27del', '339H', '346T', '371F', '373P', '375F', '376A', '405N', '408S', '417N', '440K', '446S', '460K', '477N', '478K', '484A', '486S', '498R', '501Y', '505H', '614G', '655Y', '679K', '681H', '764K', '796Y', '954H', '969K']","('Cao22e', 'Casirivimab', 'BM.1.1 Spike', 1000.0)"
Cao22e,Casirivimab,BM.1.1.1 Spike,V3_Figure 2a,Pseudovirus,IC50,1000.0,1.0,1000.0,1.0,ng/ml,2022-10-10,cao22e-pot.csv,1000.0,"['147E', '152R', '157L', '19I', '210V', '213G', '24S', '257S', '25del', '26del', '27del', '339H', '346T', '371F', '373P', '375F', '376A', '405N', '408S', '417N', '440K', '446S', '460K', '477N', '478K', '484A', '486S', '490S', '498R', '501Y', '505H', '614G', '655Y', '679K', '681H', '764K', '796Y', '954H', '969K']","('Cao22e', 'Casirivimab', 'BM.1.1.1 Spike', 1000.0)"
Cao22e,Casirivimab,BR.2 Spike,V3_Figure 2a,Pseudovirus,IC50,1000.0,1.0,1000.0,1.0,ng/ml,2022-10-10,cao22e-pot.csv,1000.0,"['142D', '147E', '152R', '157L', '19I', '210V', '213G', '24S', '257S', '25del', '26del', '27del', '339H', '346T', '371F', '373P', '375F', '376A', '405N', '408S', '417N', '440K', '446S', '452R', '460K', '477N', '478K', '484A', '486I', '498R', '501Y', '505H', '614G', '655Y', '679K', '681H', '764K', '796Y', '954H', '969K']","('Cao22e', 'Casirivimab', 'BR.2 Spike', 1000.0)"
Cao22e,Casirivimab,CA.1 Spike,V3_Figure 2a,Pseudovirus,IC50,1000.0,1.0,1000.0,1.0,ng/ml,2022-10-10,cao22e-pot.csv,1000.0,"['1199N', '142D', '147E', '152R', '157L', '19I', '210V', '213G', '24S', '257S', '25del', '26del', '27del', '339H', '346T', '371F', '373P', '375F', '376A', '405N', '408S', '417N', '440K', '446S', '452R', '460K', '477N', '478K', '484A', '486S', '498R', '501Y', '505H', '614G', '655Y', '679K', '681H', '764K', '796Y', '954H', '969K']","('Cao22e', 'Casirivimab', 'CA.1 Spike', 1000.0)"
Cao22e,Casirivimab,BA.4/5 Spike,V3_Figure 2a,Pseudovirus,IC50,1000.0,1.0,1000.0,1.0,ng/ml,2022-10-10,cao22e-pot.csv,1000.0,"['142D', '19I', '213G', '24S', '25del', '26del', '27del', '339D', '371F', '373P', '375F', '376A', '405N', '408S', '417N', '440K', '452R', '477N', '478K', '484A', '486V', '498R', '501Y', '505H', '614G', '655Y', '679K', '681H', '69del', '70del', '764K', '796Y', '954H', '969K']","('Cao22e', 'Casirivimab', 'BA.4/5 Spike', 1000.0)"
Cao22e,Casirivimab,BA.4.6.1 Spike,V3_Figure 2a,Pseudovirus,IC50,1000.0,1.0,1000.0,1.0,ng/ml,2022-10-10,cao22e-pot.csv,1000.0,"['142D', '152L', '19I', '213G', '24S', '25del', '26del', '27del', '339D', '346T', '371F', '373P', '375F', '376A', '405N', '408S', '417N', '440K', '452R', '477N', '478K', '484A', '486V', '498R', '501Y', '505H', '614G', '655Y', '658S', '679K', '681H', '69del', '70del', '764K', '796Y', '954H', '969K']","('Cao22e', 'Casirivimab', 'BA.4.6.1 Spike', 1000.0)"
Cao22e,Casirivimab,BA.5.6.2 Spike,V3_Figure 2a,Pseudovirus,IC50,1000.0,1.0,1000.0,1.0,ng/ml,2022-10-10,cao22e-pot.csv,1000.0,"['142D', '19I', '213G', '24S', '25del', '26del', '27del', '339D', '371F', '373P', '375F', '376A', '405N', '408S', '417N', '440K', '444T', '452R', '477N', '478K', '484A', '486V', '498R', '501Y', '505H', '614G', '655Y', '679K', '681H', '69del', '70del', '764K', '796Y', '954H', '969K']","('Cao22e', 'Casirivimab', 'BA.5.6.2 Spike', 1000.0)"
Cao22e,Casirivimab,BQ.1 Spike,V3_Figure 2a,Pseudovirus,IC50,1000.0,1.0,1000.0,1.0,ng/ml,2022-10-10,cao22e-pot.csv,1000.0,"['142D', '19I', '213G', '24S', '25del', '26del', '27del', '339D', '371F', '373P', '375F', '376A', '405N', '408S', '417N', '440K', '444T', '452R', '460K', '477N', '478K', '484A', '486V', '498R', '501Y', '505H', '614G', '655Y', '679K', '681H', '69del', '70del', '764K', '796Y', '954H', '969K']","('Cao22e', 'Casirivimab', 'BQ.1 Spike', 1000.0)"
Cao22e,Casirivimab,BU.1 Spike,V3_Figure 2a,Pseudovirus,IC50,1000.0,1.0,1000.0,1.0,ng/ml,2022-10-10,cao22e-pot.csv,1000.0,"['142D', '144del', '19I', '213G', '24S', '25del', '26del', '27del', '339D', '371F', '373P', '375F', '376A', '405N', '408S', '417N', '440K', '444M', '452R', '460K', '477N', '478K', '484A', '486V', '498R', '501Y', '505H', '614G', '655Y', '679K', '681H', '69del', '70del', '764K', '796Y', '954H', '969K']","('Cao22e', 'Casirivimab', 'BU.1 Spike', 1000.0)"
Cao22e,Casirivimab,BQ.1.1 Spike,V3_Figure 2a,Pseudovirus,IC50,1000.0,1.0,1000.0,1.0,ng/ml,2022-10-10,cao22e-pot.csv,1000.0,"['142D', '19I', '213G', '24S', '25del', '26del', '27del', '339D', '346T', '371F', '373P', '375F', '376A', '405N', '408S', '417N', '440K', '444T', '452R', '460K', '477N', '478K', '484A', '486V', '498R', '501Y', '505H', '614G', '655Y', '679K', '681H', '69del', '70del', '764K', '796Y', '954H', '969K']","('Cao22e', 'Casirivimab', 'BQ.1.1 Spike', 1000.0)"
Cao22e,Imdevimab,BA.2 Spike,V3_Figure 2a,Pseudovirus,IC50,590.0,1.0,1000.0,1.0,ng/ml,2022-10-10,cao22e-pot.csv,590.0,"['142D', '19I', '213G', '24S', '25del', '26del', '27del', '339D', '371F', '373P', '375F', '376A', '405N', '408S', '417N', '440K', '477N', '478K', '484A', '493R', '498R', '501Y', '505H', '614G', '655Y', '679K', '681H', '764K', '796Y', '954H', '969K']","('Cao22e', 'Imdevimab', 'BA.2 Spike', 590.0)"
Cao22e,Imdevimab,BA.2.3.20 Spike,V3_Figure 2a,Pseudovirus,IC50,1000.0,1.0,1000.0,1.0,ng/ml,2022-10-10,cao22e-pot.csv,1000.0,"['142D', '153T', '164K', '19I', '213G', '245N', '24S', '257D', '25del', '26del', '27del', '339D', '371F', '373P', '375F', '376A', '405N', '408S', '417N', '440K', '444R', '450D', '452M', '460K', '477N', '478K', '484R', '498R', '501Y', '505H', '614G', '655Y', '679K', '681H', '764K', '796Y', '954H', '969K']","('Cao22e', 'Imdevimab', 'BA.2.3.20 Spike', 1000.0)"
Cao22e,Imdevimab,BA.2.10.4 Spike,V3_Figure 2a,Pseudovirus,IC50,1000.0,1.0,1000.0,1.0,ng/ml,2022-10-10,cao22e-pot.csv,1000.0,"['1143L', '141del', '142del', '143del', '144del', '19I', '213G', '243del', '244del', '24S', '25del', '26del', '27del', '339D', '371F', '373P', '375F', '376A', '405N', '408S', '417N', '440K', '446S', '477N', '478K', '484A', '486P', '494P', '498R', '501Y', '505H', '614G', '64R', '655Y', '679K', '681H', '764K', '796Y', '954H', '969K']","('Cao22e', 'Imdevimab', 'BA.2.10.4 Spike', 1000.0)"
Cao22e,Imdevimab,BJ.1 Spike,V3_Figure 2a,Pseudovirus,IC50,1000.0,1.0,1000.0,1.0,ng/ml,2022-10-10,cao22e-pot.csv,1000.0,"['1003I', '142D', '144del', '146Q', '183E', '19I', '213E', '24S', '25del', '26del', '27del', '339H', '346T', '368I', '371F', '373P', '375F', '376A', '405N', '408S', '417N', '440K', '445P', '446S', '477N', '478K', '483A', '484A', '490V', '493R', '498R', '501Y', '505H', '614G', '655Y', '679K', '681H', '764K', '796Y', '798D', '83A', '954H', '969K']","('Cao22e', 'Imdevimab', 'BJ.1 Spike', 1000.0)"
Cao22e,Imdevimab,XBB Spike,V3_Figure 2a,Pseudovirus,IC50,1000.0,1.0,1000.0,1.0,ng/ml,2022-10-10,cao22e-pot.csv,1000.0,"['142D', '144del', '146Q', '183E', '19I', '213E', '24S', '25del', '26del', '27del', '339H', '346T', '368I', '371F', '373P', '375F', '376A', '405N', '408S', '417N', '440K', '445P', '446S', '460K', '477N', '478K', '484A', '486S', '490S', '498R', '501Y', '505H', '614G', '655Y', '679K', '681H', '764K', '796Y', '83A', '954H', '969K']","('Cao22e', 'Imdevimab', 'XBB Spike', 1000.0)"
Cao22e,Imdevimab,BA.2.75 Spike,V3_Figure 2a,Pseudovirus,IC50,1000.0,1.0,1000.0,1.0,ng/ml,2022-10-10,cao22e-pot.csv,1000.0,"['142D', '147E', '152R', '157L', '19I', '210V', '213G', '24S', '257S', '25del', '26del', '27del', '339H', '371F', '373P', '375F', '376A', '405N', '408S', '417N', '440K', '446S', '460K', '477N', '478K', '484A', '498R', '501Y', '505H', '614G', '655Y', '679K', '681H', '764K', '796Y', '954H', '969K']","('Cao22e', 'Imdevimab', 'BA.2.75 Spike', 1000.0)"
Cao22e,Imdevimab,BL.1 Spike,V3_Figure 2a,Pseudovirus,IC50,1000.0,1.0,1000.0,1.0,ng/ml,2022-10-10,cao22e-pot.csv,1000.0,"['147E', '152R', '157L', '19I', '210V', '213G', '24S', '257S', '25del', '26del', '27del', '339H', '346T', '371F', '373P', '375F', '376A', '405N', '408S', '417N', '440K', '446S', '460K', '477N', '478K', '484A', '498R', '501Y', '505H', '574V', '614G', '655Y', '679K', '681H', '764K', '796Y', '954H', '969K']","('Cao22e', 'Imdevimab', 'BL.1 Spike', 1000.0)"
Cao22e,Imdevimab,BR.1 Spike,V3_Figure 2a,Pseudovirus,IC50,1000.0,1.0,1000.0,1.0,ng/ml,2022-10-10,cao22e-pot.csv,1000.0,"['147E', '152R', '157L', '19I', '210V', '213G', '24S', '257S', '25del', '26del', '27del', '339H', '371F', '373P', '375F', '376A', '405N', '408S', '417N', '440K', '444M', '446S', '452R', '460K', '477N', '478K', '484A', '498R', '501Y', '505H', '614G', '655Y', '679K', '681H', '764K', '796Y', '954H', '969K']","('Cao22e', 'Imdevimab', 'BR.1 Spike', 1000.0)"
Cao22e,Imdevimab,BN.2.1 Spike,V3_Figure 2a,Pseudovirus,IC50,1000.0,1.0,1000.0,1.0,ng/ml,2022-10-10,cao22e-pot.csv,1000.0,"['142D', '147E', '152R', '157L', '19I', '210V', '213G', '24S', '257S', '25del', '26del', '27del', '339H', '356T', '371F', '373P', '375F', '376A', '405N', '408S', '417N', '440K', '446S', '460K', '477N', '478K', '484A', '490S', '498R', '49Y', '501Y', '505H', '614G', '655Y', '679K', '681H', '764K', '796Y', '954H', '969K']","('Cao22e', 'Imdevimab', 'BN.2.1 Spike', 1000.0)"
Cao22e,Imdevimab,BN.1 Spike,V3_Figure 2a,Pseudovirus,IC50,1000.0,1.0,1000.0,1.0,ng/ml,2022-10-10,cao22e-pot.csv,1000.0,"['142D', '147E', '152R', '157L', '19I', '210V', '213G', '24S', '257S', '25del', '26del', '27del', '339H', '346T', '356T', '371F', '373P', '375F', '376A', '405N', '408S', '417N', '440K', '446S', '460K', '477N', '478K', '484A', '490S', '498R', '501Y', '505H', '614G', '655Y', '679K', '681H', '764K', '796Y', '954H', '969K']","('Cao22e', 'Imdevimab', 'BN.1 Spike', 1000.0)"
Cao22e,Imdevimab,BA.2.75.2 Spike,V3_Figure 2a,Pseudovirus,IC50,1000.0,1.0,1000.0,1.0,ng/ml,2022-10-10,cao22e-pot.csv,1000.0,"['1199N', '142D', '147E', '152R', '157L', '19I', '210V', '213G', '24S', '257S', '25del', '26del', '27del', '339H', '346T', '371F', '373P', '375F', '376A', '405N', '408S', '417N', '440K', '446S', '460K', '477N', '478K', '484A', '486S', '498R', '501Y', '505H', '614G', '655Y', '679K', '681H', '764K', '796Y', '954H', '969K']","('Cao22e', 'Imdevimab', 'BA.2.75.2 Spike', 1000.0)"
Cao22e,Imdevimab,BM.1.1 Spike,V3_Figure 2a,Pseudovirus,IC50,1000.0,1.0,1000.0,1.0,ng/ml,2022-10-10,cao22e-pot.csv,1000.0,"['142D', '147E', '152R', '157L', '19I', '210V', '213G', '24S', '257S', '25del', '26del', '27del', '339H', '346T', '371F', '373P', '375F', '376A', '405N', '408S', '417N', '440K', '446S', '460K', '477N', '478K', '484A', '486S', '498R', '501Y', '505H', '614G', '655Y', '679K', '681H', '764K', '796Y', '954H', '969K']","('Cao22e', 'Imdevimab', 'BM.1.1 Spike', 1000.0)"
Cao22e,Imdevimab,BM.1.1.1 Spike,V3_Figure 2a,Pseudovirus,IC50,1000.0,1.0,1000.0,1.0,ng/ml,2022-10-10,cao22e-pot.csv,1000.0,"['147E', '152R', '157L', '19I', '210V', '213G', '24S', '257S', '25del', '26del', '27del', '339H', '346T', '371F', '373P', '375F', '376A', '405N', '408S', '417N', '440K', '446S', '460K', '477N', '478K', '484A', '486S', '490S', '498R', '501Y', '505H', '614G', '655Y', '679K', '681H', '764K', '796Y', '954H', '969K']","('Cao22e', 'Imdevimab', 'BM.1.1.1 Spike', 1000.0)"
Cao22e,Imdevimab,BR.2 Spike,V3_Figure 2a,Pseudovirus,IC50,1000.0,1.0,1000.0,1.0,ng/ml,2022-10-10,cao22e-pot.csv,1000.0,"['142D', '147E', '152R', '157L', '19I', '210V', '213G', '24S', '257S', '25del', '26del', '27del', '339H', '346T', '371F', '373P', '375F', '376A', '405N', '408S', '417N', '440K', '446S', '452R', '460K', '477N', '478K', '484A', '486I', '498R', '501Y', '505H', '614G', '655Y', '679K', '681H', '764K', '796Y', '954H', '969K']","('Cao22e', 'Imdevimab', 'BR.2 Spike', 1000.0)"
Cao22e,Imdevimab,CA.1 Spike,V3_Figure 2a,Pseudovirus,IC50,1000.0,1.0,1000.0,1.0,ng/ml,2022-10-10,cao22e-pot.csv,1000.0,"['1199N', '142D', '147E', '152R', '157L', '19I', '210V', '213G', '24S', '257S', '25del', '26del', '27del', '339H', '346T', '371F', '373P', '375F', '376A', '405N', '408S', '417N', '440K', '446S', '452R', '460K', '477N', '478K', '484A', '486S', '498R', '501Y', '505H', '614G', '655Y', '679K', '681H', '764K', '796Y', '954H', '969K']","('Cao22e', 'Imdevimab', 'CA.1 Spike', 1000.0)"
Cao22e,Imdevimab,BA.4/5 Spike,V3_Figure 2a,Pseudovirus,IC50,520.0,1.0,1000.0,1.0,ng/ml,2022-10-10,cao22e-pot.csv,520.0,"['142D', '19I', '213G', '24S', '25del', '26del', '27del', '339D', '371F', '373P', '375F', '376A', '405N', '408S', '417N', '440K', '452R', '477N', '478K', '484A', '486V', '498R', '501Y', '505H', '614G', '655Y', '679K', '681H', '69del', '70del', '764K', '796Y', '954H', '969K']","('Cao22e', 'Imdevimab', 'BA.4/5 Spike', 520.0)"
Cao22e,Imdevimab,BA.4.6.1 Spike,V3_Figure 2a,Pseudovirus,IC50,2338.0,1.0,1000.0,1.0,ng/ml,2022-10-10,cao22e-pot.csv,1000.0,"['142D', '152L', '19I', '213G', '24S', '25del', '26del', '27del', '339D', '346T', '371F', '373P', '375F', '376A', '405N', '408S', '417N', '440K', '452R', '477N', '478K', '484A', '486V', '498R', '501Y', '505H', '614G', '655Y', '658S', '679K', '681H', '69del', '70del', '764K', '796Y', '954H', '969K']","('Cao22e', 'Imdevimab', 'BA.4.6.1 Spike', 1000.0)"
Cao22e,Imdevimab,BA.5.6.2 Spike,V3_Figure 2a,Pseudovirus,IC50,1000.0,1.0,1000.0,1.0,ng/ml,2022-10-10,cao22e-pot.csv,1000.0,"['142D', '19I', '213G', '24S', '25del', '26del', '27del', '339D', '371F', '373P', '375F', '376A', '405N', '408S', '417N', '440K', '444T', '452R', '477N', '478K', '484A', '486V', '498R', '501Y', '505H', '614G', '655Y', '679K', '681H', '69del', '70del', '764K', '796Y', '954H', '969K']","('Cao22e', 'Imdevimab', 'BA.5.6.2 Spike', 1000.0)"
Cao22e,Imdevimab,BQ.1 Spike,V3_Figure 2a,Pseudovirus,IC50,1000.0,1.0,1000.0,1.0,ng/ml,2022-10-10,cao22e-pot.csv,1000.0,"['142D', '19I', '213G', '24S', '25del', '26del', '27del', '339D', '371F', '373P', '375F', '376A', '405N', '408S', '417N', '440K', '444T', '452R', '460K', '477N', '478K', '484A', '486V', '498R', '501Y', '505H', '614G', '655Y', '679K', '681H', '69del', '70del', '764K', '796Y', '954H', '969K']","('Cao22e', 'Imdevimab', 'BQ.1 Spike', 1000.0)"
Cao22e,Imdevimab,BU.1 Spike,V3_Figure 2a,Pseudovirus,IC50,1000.0,1.0,1000.0,1.0,ng/ml,2022-10-10,cao22e-pot.csv,1000.0,"['142D', '144del', '19I', '213G', '24S', '25del', '26del', '27del', '339D', '371F', '373P', '375F', '376A', '405N', '408S', '417N', '440K', '444M', '452R', '460K', '477N', '478K', '484A', '486V', '498R', '501Y', '505H', '614G', '655Y', '679K', '681H', '69del', '70del', '764K', '796Y', '954H', '969K']","('Cao22e', 'Imdevimab', 'BU.1 Spike', 1000.0)"
Cao22e,Imdevimab,BQ.1.1 Spike,V3_Figure 2a,Pseudovirus,IC50,1000.0,1.0,1000.0,1.0,ng/ml,2022-10-10,cao22e-pot.csv,1000.0,"['142D', '19I', '213G', '24S', '25del', '26del', '27del', '339D', '346T', '371F', '373P', '375F', '376A', '405N', '408S', '417N', '440K', '444T', '452R', '460K', '477N', '478K', '484A', '486V', '498R', '501Y', '505H', '614G', '655Y', '679K', '681H', '69del', '70del', '764K', '796Y', '954H', '969K']","('Cao22e', 'Imdevimab', 'BQ.1.1 Spike', 1000.0)"
Cao22e,Casirivimab,BA.2.38.1 Spike,V3_Extended Data Fig 2a,Pseudovirus,IC50,1000.0,1.0,1000.0,1.0,ng/ml,2022-10-10,cao22e-pot.csv,1000.0,"['142D', '19I', '213G', '247N', '248S', '24S', '25del', '26del', '27del', '339D', '371F', '373P', '375F', '376A', '405N', '408S', '417T', '440K', '444N', '477N', '478K', '484A', '493R', '498R', '501Y', '505H', '614G', '655Y', '679K', '681H', '764K', '796Y', '954H', '969K']","('Cao22e', 'Casirivimab', 'BA.2.38.1 Spike', 1000.0)"
Cao22e,Casirivimab,BA.2.74 Spike,V3_Extended Data Fig 2a,Pseudovirus,IC50,1000.0,1.0,1000.0,1.0,ng/ml,2022-10-10,cao22e-pot.csv,1000.0,"['142D', '19I', '213G', '24S', '25del', '26del', '27del', '339D', '346T', '371F', '373P', '375F', '376A', '405N', '408S', '417N', '440K', '452M', '477N', '478K', '484A', '493R', '498R', '501Y', '505H', '614G', '655Y', '679K', '681H', '764K', '796Y', '954H', '969K']","('Cao22e', 'Casirivimab', 'BA.2.74 Spike', 1000.0)"
Cao22e,Casirivimab,BA.2.76 Spike,V3_Extended Data Fig 2a,Pseudovirus,IC50,1000.0,1.0,1000.0,1.0,ng/ml,2022-10-10,cao22e-pot.csv,1000.0,"['142D', '19I', '213G', '248N', '24S', '25del', '26del', '27del', '339D', '346T', '371F', '373P', '375F', '376A', '405N', '408S', '417N', '440K', '477N', '478K', '484A', '493R', '498R', '501Y', '505H', '614G', '655Y', '679K', '681H', '764K', '796Y', '954H', '969K']","('Cao22e', 'Casirivimab', 'BA.2.76 Spike', 1000.0)"
Cao22e,Casirivimab,BA.2.77 Spike,V3_Extended Data Fig 2a,Pseudovirus,IC50,1000.0,1.0,1000.0,1.0,ng/ml,2022-10-10,cao22e-pot.csv,1000.0,"['142D', '19I', '213G', '24S', '25del', '26del', '27del', '339D', '340K', '356T', '371F', '373P', '375F', '376A', '405N', '408S', '417N', '440K', '452R', '477N', '478K', '484A', '493R', '498R', '501Y', '505H', '614G', '655Y', '679K', '681H', '69del', '70del', '764K', '796Y', '936H', '954H', '969K']","('Cao22e', 'Casirivimab', 'BA.2.77 Spike', 1000.0)"
Cao22e,Casirivimab,BA.2.79 Spike,V3_Extended Data Fig 2a,Pseudovirus,IC50,1000.0,1.0,1000.0,1.0,ng/ml,2022-10-10,cao22e-pot.csv,1000.0,"['142D', '19I', '213G', '248S', '24S', '25del', '26del', '27del', '339D', '371F', '373P', '375F', '376A', '405N', '408S', '417N', '440K', '450D', '477N', '478K', '484A', '493R', '498R', '501Y', '505H', '614G', '655Y', '679K', '681H', '764K', '796Y', '954H', '969K']","('Cao22e', 'Casirivimab', 'BA.2.79 Spike', 1000.0)"
Cao22e,Casirivimab,BA.2.80 Spike,V3_Extended Data Fig 2a,Pseudovirus,IC50,1000.0,1.0,1000.0,1.0,ng/ml,2022-10-10,cao22e-pot.csv,1000.0,"['142D', '19I', '213G', '24S', '25del', '26del', '27del', '339D', '340K', '346T', '356R', '371F', '373P', '375F', '376A', '405N', '408S', '417N', '440K', '477N', '478K', '484A', '493R', '498R', '501Y', '505H', '614G', '655Y', '679K', '681H', '764K', '796Y', '954H', '969K']","('Cao22e', 'Casirivimab', 'BA.2.80 Spike', 1000.0)"
Cao22e,Casirivimab,BA.2.75.4 Spike,V3_Extended Data Fig 2a,Pseudovirus,IC50,249.0,1.0,1000.0,1.0,ng/ml,2022-10-10,cao22e-pot.csv,249.0,"['142D', '147E', '152R', '157L', '19I', '210V', '213G', '24S', '257S', '25del', '26del', '27del', '339H', '371F', '373P', '375F', '376A', '405N', '408S', '417N', '440K', '446S', '452R', '460K', '477N', '478K', '484A', '498R', '501Y', '505H', '614G', '655Y', '679K', '681H', '764K', '796Y', '954H', '969K']","('Cao22e', 'Casirivimab', 'BA.2.75.4 Spike', 249.0)"
Cao22e,Casirivimab,BA.2.75.5 Spike,V3_Extended Data Fig 2a,Pseudovirus,IC50,245.0,1.0,1000.0,1.0,ng/ml,2022-10-10,cao22e-pot.csv,245.0,"['142D', '147E', '152R', '157L', '19I', '210V', '213G', '24S', '257S', '25del', '26del', '27del', '339H', '346T', '371F', '373P', '375F', '376A', '405N', '408S', '417N', '440K', '446S', '460K', '477N', '478K', '484A', '498R', '501Y', '505H', '614G', '655Y', '679K', '681H', '764K', '796Y', '954H', '969K']","('Cao22e', 'Casirivimab', 'BA.2.75.5 Spike', 245.0)"
Cao22e,Casirivimab,BM.1 Spike,V3_Extended Data Fig 2a,Pseudovirus,IC50,1000.0,1.0,1000.0,1.0,ng/ml,2022-10-10,cao22e-pot.csv,1000.0,"['142D', '147E', '152R', '157L', '19I', '210V', '213G', '24S', '257S', '25del', '26del', '27del', '339H', '371F', '373P', '375F', '376A', '405N', '408S', '417N', '440K', '446S', '460K', '477N', '478K', '484A', '486S', '498R', '501Y', '505H', '614G', '655Y', '679K', '681H', '764K', '796Y', '954H', '969K']","('Cao22e', 'Casirivimab', 'BM.1 Spike', 1000.0)"
Cao22e,Casirivimab,BF.16 Spike,V3_Extended Data Fig 2a,Pseudovirus,IC50,1000.0,1.0,1000.0,1.0,ng/ml,2022-10-10,cao22e-pot.csv,1000.0,"['142D', '19I', '213G', '24S', '25del', '26del', '27del', '339D', '371F', '373P', '375F', '376A', '405N', '408S', '417N', '440K', '444R', '452R', '477N', '478K', '484A', '486V', '498R', '501Y', '505H', '614G', '655Y', '679K', '681H', '69del', '70del', '764K', '796Y', '954H', '969K']","('Cao22e', 'Casirivimab', 'BF.16 Spike', 1000.0)"
Cao22e,Casirivimab,BA.4.6 Spike,V3_Extended Data Fig 2a,Pseudovirus,IC50,1000.0,1.0,1000.0,1.0,ng/ml,2022-10-10,cao22e-pot.csv,1000.0,"['142D', '19I', '213G', '24S', '25del', '26del', '27del', '339D', '346T', '371F', '373P', '375F', '376A', '405N', '408S', '417N', '440K', '452R', '477N', '478K', '484A', '486V', '498R', '501Y', '505H', '614G', '655Y', '658S', '679K', '681H', '69del', '70del', '764K', '796Y', '954H', '969K']","('Cao22e', 'Casirivimab', 'BA.4.6 Spike', 1000.0)"
Cao22e,Casirivimab,BA.4.7 Spike,V3_Extended Data Fig 2a,Pseudovirus,IC50,1000.0,1.0,1000.0,1.0,ng/ml,2022-10-10,cao22e-pot.csv,1000.0,"['142D', '19I', '213G', '24S', '25del', '26del', '27del', '339D', '346S', '371F', '373P', '375F', '376A', '405N', '408S', '417N', '440K', '452R', '477N', '478K', '484A', '486V', '498R', '501Y', '505H', '614G', '655Y', '658S', '679K', '681H', '69del', '70del', '764K', '796Y', '954H', '969K']","('Cao22e', 'Casirivimab', 'BA.4.7 Spike', 1000.0)"
Cao22e,Casirivimab,BA.5.9 Spike,V3_Extended Data Fig 2a,Pseudovirus,IC50,1000.0,1.0,1000.0,1.0,ng/ml,2022-10-10,cao22e-pot.csv,1000.0,"['142D', '19I', '213G', '24S', '25del', '26del', '27del', '339D', '346I', '371F', '373P', '375F', '376A', '405N', '408S', '417N', '440K', '452R', '477N', '478K', '484A', '486V', '498R', '501Y', '505H', '614G', '655Y', '679K', '681H', '69del', '70del', '764K', '796Y', '954H', '969K']","('Cao22e', 'Casirivimab', 'BA.5.9 Spike', 1000.0)"
Cao22e,Casirivimab,BA.5.5.1 Spike,V3_Extended Data Fig 2a,Pseudovirus,IC50,1000.0,1.0,1000.0,1.0,ng/ml,2022-10-10,cao22e-pot.csv,1000.0,"['142D', '19I', '213G', '24S', '25del', '26del', '27del', '339D', '371F', '373P', '375F', '376A', '405N', '408S', '417N', '440K', '450D', '452R', '477N', '478K', '484A', '486V', '498R', '501Y', '505H', '614G', '655Y', '679K', '681H', '69del', '70del', '764K', '796Y', '954H', '969K']","('Cao22e', 'Casirivimab', 'BA.5.5.1 Spike', 1000.0)"
Cao22e,Casirivimab,BA.5.2.7 Spike,V3_Extended Data Fig 2a,Pseudovirus,IC50,1000.0,1.0,1000.0,1.0,ng/ml,2022-10-10,cao22e-pot.csv,1000.0,"['142D', '19I', '213G', '24S', '25del', '26del', '27del', '339D', '371F', '373P', '375F', '376A', '405N', '408S', '417N', '440K', '444M', '452R', '477N', '478K', '484A', '486V', '498R', '501Y', '505H', '614G', '655Y', '679K', '681H', '69del', '70del', '764K', '796Y', '954H', '969K']","('Cao22e', 'Casirivimab', 'BA.5.2.7 Spike', 1000.0)"
Cao22e,Casirivimab,BA.5.1.12 Spike,V3_Extended Data Fig 2a,Pseudovirus,IC50,1000.0,1.0,1000.0,1.0,ng/ml,2022-10-10,cao22e-pot.csv,1000.0,"['142D', '19I', '213G', '24S', '25del', '26del', '27del', '339D', '371F', '373P', '375F', '376A', '405N', '408S', '417N', '440K', '445A', '452R', '477N', '478K', '484A', '486V', '498R', '501Y', '505H', '614G', '655Y', '679K', '681H', '69del', '70del', '764K', '796Y', '954H', '969K']","('Cao22e', 'Casirivimab', 'BA.5.1.12 Spike', 1000.0)"
Cao22e,Imdevimab,BA.2.38.1 Spike,V3_Extended Data Fig 2a,Pseudovirus,IC50,1000.0,1.0,1000.0,1.0,ng/ml,2022-10-10,cao22e-pot.csv,1000.0,"['142D', '19I', '213G', '247N', '248S', '24S', '25del', '26del', '27del', '339D', '371F', '373P', '375F', '376A', '405N', '408S', '417T', '440K', '444N', '477N', '478K', '484A', '493R', '498R', '501Y', '505H', '614G', '655Y', '679K', '681H', '764K', '796Y', '954H', '969K']","('Cao22e', 'Imdevimab', 'BA.2.38.1 Spike', 1000.0)"
Cao22e,Imdevimab,BA.2.74 Spike,V3_Extended Data Fig 2a,Pseudovirus,IC50,2250.0,1.0,1000.0,1.0,ng/ml,2022-10-10,cao22e-pot.csv,1000.0,"['142D', '19I', '213G', '24S', '25del', '26del', '27del', '339D', '346T', '371F', '373P', '375F', '376A', '405N', '408S', '417N', '440K', '452M', '477N', '478K', '484A', '493R', '498R', '501Y', '505H', '614G', '655Y', '679K', '681H', '764K', '796Y', '954H', '969K']","('Cao22e', 'Imdevimab', 'BA.2.74 Spike', 1000.0)"
Cao22e,Imdevimab,BA.2.76 Spike,V3_Extended Data Fig 2a,Pseudovirus,IC50,2336.0,1.0,1000.0,1.0,ng/ml,2022-10-10,cao22e-pot.csv,1000.0,"['142D', '19I', '213G', '248N', '24S', '25del', '26del', '27del', '339D', '346T', '371F', '373P', '375F', '376A', '405N', '408S', '417N', '440K', '477N', '478K', '484A', '493R', '498R', '501Y', '505H', '614G', '655Y', '679K', '681H', '764K', '796Y', '954H', '969K']","('Cao22e', 'Imdevimab', 'BA.2.76 Spike', 1000.0)"
Cao22e,Imdevimab,BA.2.77 Spike,V3_Extended Data Fig 2a,Pseudovirus,IC50,657.0,1.0,1000.0,1.0,ng/ml,2022-10-10,cao22e-pot.csv,657.0,"['142D', '19I', '213G', '24S', '25del', '26del', '27del', '339D', '340K', '356T', '371F', '373P', '375F', '376A', '405N', '408S', '417N', '440K', '452R', '477N', '478K', '484A', '493R', '498R', '501Y', '505H', '614G', '655Y', '679K', '681H', '69del', '70del', '764K', '796Y', '936H', '954H', '969K']","('Cao22e', 'Imdevimab', 'BA.2.77 Spike', 657.0)"
Cao22e,Imdevimab,BA.2.79 Spike,V3_Extended Data Fig 2a,Pseudovirus,IC50,3051.0,1.0,1000.0,1.0,ng/ml,2022-10-10,cao22e-pot.csv,1000.0,"['142D', '19I', '213G', '248S', '24S', '25del', '26del', '27del', '339D', '371F', '373P', '375F', '376A', '405N', '408S', '417N', '440K', '450D', '477N', '478K', '484A', '493R', '498R', '501Y', '505H', '614G', '655Y', '679K', '681H', '764K', '796Y', '954H', '969K']","('Cao22e', 'Imdevimab', 'BA.2.79 Spike', 1000.0)"
Cao22e,Imdevimab,BA.2.80 Spike,V3_Extended Data Fig 2a,Pseudovirus,IC50,2096.0,1.0,1000.0,1.0,ng/ml,2022-10-10,cao22e-pot.csv,1000.0,"['142D', '19I', '213G', '24S', '25del', '26del', '27del', '339D', '340K', '346T', '356R', '371F', '373P', '375F', '376A', '405N', '408S', '417N', '440K', '477N', '478K', '484A', '493R', '498R', '501Y', '505H', '614G', '655Y', '679K', '681H', '764K', '796Y', '954H', '969K']","('Cao22e', 'Imdevimab', 'BA.2.80 Spike', 1000.0)"
Cao22e,Imdevimab,BA.2.75.4 Spike,V3_Extended Data Fig 2a,Pseudovirus,IC50,1000.0,1.0,1000.0,1.0,ng/ml,2022-10-10,cao22e-pot.csv,1000.0,"['142D', '147E', '152R', '157L', '19I', '210V', '213G', '24S', '257S', '25del', '26del', '27del', '339H', '371F', '373P', '375F', '376A', '405N', '408S', '417N', '440K', '446S', '452R', '460K', '477N', '478K', '484A', '498R', '501Y', '505H', '614G', '655Y', '679K', '681H', '764K', '796Y', '954H', '969K']","('Cao22e', 'Imdevimab', 'BA.2.75.4 Spike', 1000.0)"
Cao22e,Imdevimab,BA.2.75.5 Spike,V3_Extended Data Fig 2a,Pseudovirus,IC50,1000.0,1.0,1000.0,1.0,ng/ml,2022-10-10,cao22e-pot.csv,1000.0,"['142D', '147E', '152R', '157L', '19I', '210V', '213G', '24S', '257S', '25del', '26del', '27del', '339H', '346T', '371F', '373P', '375F', '376A', '405N', '408S', '417N', '440K', '446S', '460K', '477N', '478K', '484A', '498R', '501Y', '505H', '614G', '655Y', '679K', '681H', '764K', '796Y', '954H', '969K']","('Cao22e', 'Imdevimab', 'BA.2.75.5 Spike', 1000.0)"
Cao22e,Imdevimab,BM.1 Spike,V3_Extended Data Fig 2a,Pseudovirus,IC50,1000.0,1.0,1000.0,1.0,ng/ml,2022-10-10,cao22e-pot.csv,1000.0,"['142D', '147E', '152R', '157L', '19I', '210V', '213G', '24S', '257S', '25del', '26del', '27del', '339H', '371F', '373P', '375F', '376A', '405N', '408S', '417N', '440K', '446S', '460K', '477N', '478K', '484A', '486S', '498R', '501Y', '505H', '614G', '655Y', '679K', '681H', '764K', '796Y', '954H', '969K']","('Cao22e', 'Imdevimab', 'BM.1 Spike', 1000.0)"
Cao22e,Imdevimab,BF.16 Spike,V3_Extended Data Fig 2a,Pseudovirus,IC50,883.0,1.0,1000.0,1.0,ng/ml,2022-10-10,cao22e-pot.csv,883.0,"['142D', '19I', '213G', '24S', '25del', '26del', '27del', '339D', '371F', '373P', '375F', '376A', '405N', '408S', '417N', '440K', '444R', '452R', '477N', '478K', '484A', '486V', '498R', '501Y', '505H', '614G', '655Y', '679K', '681H', '69del', '70del', '764K', '796Y', '954H', '969K']","('Cao22e', 'Imdevimab', 'BF.16 Spike', 883.0)"
Cao22e,Imdevimab,BA.4.6 Spike,V3_Extended Data Fig 2a,Pseudovirus,IC50,2195.0,1.0,1000.0,1.0,ng/ml,2022-10-10,cao22e-pot.csv,1000.0,"['142D', '19I', '213G', '24S', '25del', '26del', '27del', '339D', '346T', '371F', '373P', '375F', '376A', '405N', '408S', '417N', '440K', '452R', '477N', '478K', '484A', '486V', '498R', '501Y', '505H', '614G', '655Y', '658S', '679K', '681H', '69del', '70del', '764K', '796Y', '954H', '969K']","('Cao22e', 'Imdevimab', 'BA.4.6 Spike', 1000.0)"
Cao22e,Imdevimab,BA.4.7 Spike,V3_Extended Data Fig 2a,Pseudovirus,IC50,1362.0,1.0,1000.0,1.0,ng/ml,2022-10-10,cao22e-pot.csv,1000.0,"['142D', '19I', '213G', '24S', '25del', '26del', '27del', '339D', '346S', '371F', '373P', '375F', '376A', '405N', '408S', '417N', '440K', '452R', '477N', '478K', '484A', '486V', '498R', '501Y', '505H', '614G', '655Y', '658S', '679K', '681H', '69del', '70del', '764K', '796Y', '954H', '969K']","('Cao22e', 'Imdevimab', 'BA.4.7 Spike', 1000.0)"
Cao22e,Imdevimab,BA.5.9 Spike,V3_Extended Data Fig 2a,Pseudovirus,IC50,2701.0,1.0,1000.0,1.0,ng/ml,2022-10-10,cao22e-pot.csv,1000.0,"['142D', '19I', '213G', '24S', '25del', '26del', '27del', '339D', '346I', '371F', '373P', '375F', '376A', '405N', '408S', '417N', '440K', '452R', '477N', '478K', '484A', '486V', '498R', '501Y', '505H', '614G', '655Y', '679K', '681H', '69del', '70del', '764K', '796Y', '954H', '969K']","('Cao22e', 'Imdevimab', 'BA.5.9 Spike', 1000.0)"
Cao22e,Imdevimab,BA.5.5.1 Spike,V3_Extended Data Fig 2a,Pseudovirus,IC50,1936.0,1.0,1000.0,1.0,ng/ml,2022-10-10,cao22e-pot.csv,1000.0,"['142D', '19I', '213G', '24S', '25del', '26del', '27del', '339D', '371F', '373P', '375F', '376A', '405N', '408S', '417N', '440K', '450D', '452R', '477N', '478K', '484A', '486V', '498R', '501Y', '505H', '614G', '655Y', '679K', '681H', '69del', '70del', '764K', '796Y', '954H', '969K']","('Cao22e', 'Imdevimab', 'BA.5.5.1 Spike', 1000.0)"
Cao22e,Imdevimab,BA.5.2.7 Spike,V3_Extended Data Fig 2a,Pseudovirus,IC50,1000.0,1.0,1000.0,1.0,ng/ml,2022-10-10,cao22e-pot.csv,1000.0,"['142D', '19I', '213G', '24S', '25del', '26del', '27del', '339D', '371F', '373P', '375F', '376A', '405N', '408S', '417N', '440K', '444M', '452R', '477N', '478K', '484A', '486V', '498R', '501Y', '505H', '614G', '655Y', '679K', '681H', '69del', '70del', '764K', '796Y', '954H', '969K']","('Cao22e', 'Imdevimab', 'BA.5.2.7 Spike', 1000.0)"
Cao22e,Imdevimab,BA.5.1.12 Spike,V3_Extended Data Fig 2a,Pseudovirus,IC50,1000.0,1.0,1000.0,1.0,ng/ml,2022-10-10,cao22e-pot.csv,1000.0,"['142D', '19I', '213G', '24S', '25del', '26del', '27del', '339D', '371F', '373P', '375F', '376A', '405N', '408S', '417N', '440K', '445A', '452R', '477N', '478K', '484A', '486V', '498R', '501Y', '505H', '614G', '655Y', '679K', '681H', '69del', '70del', '764K', '796Y', '954H', '969K']","('Cao22e', 'Imdevimab', 'BA.5.1.12 Spike', 1000.0)"
Cao22e,Casirivimab,S:614G,Cao22b Suppmentary Table 2,Pseudovirus,IC50,5.65,1.0,10000.0,1.0,ng/ml,2022-05-04,cao22e-pot.csv,5.65,['614G'],"('Cao22e', 'Casirivimab', 'S:614G', 5.65)"
Cao22e,Imdevimab,S:614G,Cao22b Suppmentary Table 2,Pseudovirus,IC50,5.73,1.0,10000.0,1.0,ng/ml,2022-05-04,cao22e-pot.csv,5.73,['614G'],"('Cao22e', 'Imdevimab', 'S:614G', 5.73)"
Cao22e,Casirivimab,BS.1.1 Spike,Figure 2a,Pseudovirus,IC50,92.0,1.0,10000.0,1.0,ng/ml,2023-01-18,cao22e-pot.csv,92.0,"['142D', '144del', '19I', '213G', '24S', '257V', '25del', '26del', '27del', '339D', '346T', '356T', '371F', '373P', '375F', '376A', '405N', '408S', '417N', '440K', '452R', '460K', '476S', '477N', '478K', '484A', '498R', '501Y', '505H', '614G', '640F', '655Y', '679K', '681H', '764K', '796Y', '954H', '969K']","('Cao22e', 'Casirivimab', 'BS.1.1 Spike', 92.0)"
Cao22e,Imdevimab,BS.1.1 Spike,Figure 2a,Pseudovirus,IC50,435.0,1.0,10000.0,1.0,ng/ml,2023-01-18,cao22e-pot.csv,435.0,"['142D', '144del', '19I', '213G', '24S', '257V', '25del', '26del', '27del', '339D', '346T', '356T', '371F', '373P', '375F', '376A', '405N', '408S', '417N', '440K', '452R', '460K', '476S', '477N', '478K', '484A', '498R', '501Y', '505H', '614G', '640F', '655Y', '679K', '681H', '764K', '796Y', '954H', '969K']","('Cao22e', 'Imdevimab', 'BS.1.1 Spike', 435.0)"
Cao22e,Casirivimab,XBC Spike,Figure 2a,Pseudovirus,IC50,10000.0,1.0,10000.0,1.0,ng/ml,2023-01-18,cao22e-pot.csv,10000.0,"['142D', '144del', '156G', '157del', '158del', '19I', '209L', '212S', '215H', '222V', '243del', '244del', '256L', '25S', '371F', '373P', '375F', '376A', '405N', '408S', '417N', '440K', '446S', '477N', '478K', '484A', '486P', '498R', '501Y', '505H', '614G', '655Y', '679K', '681H', '703I', '764K', '796Y', '954H', '969K', '97R']","('Cao22e', 'Casirivimab', 'XBC Spike', 10000.0)"
Cao22e,Imdevimab,XBC Spike,Figure 2a,Pseudovirus,IC50,10000.0,1.0,10000.0,1.0,ng/ml,2023-01-18,cao22e-pot.csv,10000.0,"['142D', '144del', '156G', '157del', '158del', '19I', '209L', '212S', '215H', '222V', '243del', '244del', '256L', '25S', '371F', '373P', '375F', '376A', '405N', '408S', '417N', '440K', '446S', '477N', '478K', '484A', '486P', '498R', '501Y', '505H', '614G', '655Y', '679K', '681H', '703I', '764K', '796Y', '954H', '969K', '97R']","('Cao22e', 'Imdevimab', 'XBC Spike', 10000.0)"
Cao22e,Casirivimab,CJ.1 Spike,Figure 2a,Pseudovirus,IC50,10000.0,1.0,10000.0,1.0,ng/ml,2023-01-18,cao22e-pot.csv,10000.0,"['142D', '147E', '152R', '157L', '19I', '210V', '213G', '24S', '257S', '25del', '26del', '27del', '339H', '346T', '371F', '373P', '375F', '376A', '405N', '408S', '417N', '440K', '446S', '460K', '477N', '478K', '484A', '486P', '490S', '498R', '501Y', '505H', '614G', '655Y', '679K', '681H', '764K', '796Y', '954H', '969K']","('Cao22e', 'Casirivimab', 'CJ.1 Spike', 10000.0)"
Cao22e,Imdevimab,CJ.1 Spike,Figure 2a,Pseudovirus,IC50,10000.0,1.0,10000.0,1.0,ng/ml,2023-01-18,cao22e-pot.csv,10000.0,"['142D', '147E', '152R', '157L', '19I', '210V', '213G', '24S', '257S', '25del', '26del', '27del', '339H', '346T', '371F', '373P', '375F', '376A', '405N', '408S', '417N', '440K', '446S', '460K', '477N', '478K', '484A', '486P', '490S', '498R', '501Y', '505H', '614G', '655Y', '679K', '681H', '764K', '796Y', '954H', '969K']","('Cao22e', 'Imdevimab', 'CJ.1 Spike', 10000.0)"
Cao22e,Casirivimab,CA.2 Spike,Figure 2a,Pseudovirus,IC50,10000.0,1.0,10000.0,1.0,ng/ml,2023-01-18,cao22e-pot.csv,10000.0,"['1199N', '142D', '147E', '152R', '157L', '19I', '210V', '213G', '24S', '257S', '25del', '26del', '27del', '339H', '346T', '371F', '373P', '375F', '376A', '405N', '408S', '417N', '440K', '446S', '460K', '477N', '478K', '484A', '486S', '494P', '498R', '501Y', '505H', '614G', '655Y', '679K', '681H', '764K', '796Y', '954H', '969K']","('Cao22e', 'Casirivimab', 'CA.2 Spike', 10000.0)"
Cao22e,Imdevimab,CA.2 Spike,Figure 2a,Pseudovirus,IC50,10000.0,1.0,10000.0,1.0,ng/ml,2023-01-18,cao22e-pot.csv,10000.0,"['1199N', '142D', '147E', '152R', '157L', '19I', '210V', '213G', '24S', '257S', '25del', '26del', '27del', '339H', '346T', '371F', '373P', '375F', '376A', '405N', '408S', '417N', '440K', '446S', '460K', '477N', '478K', '484A', '486S', '494P', '498R', '501Y', '505H', '614G', '655Y', '679K', '681H', '764K', '796Y', '954H', '969K']","('Cao22e', 'Imdevimab', 'CA.2 Spike', 10000.0)"
Cao22e,Casirivimab,CH.1.1 Spike,Figure 2a,Pseudovirus,IC50,10000.0,1.0,10000.0,1.0,ng/ml,2023-01-18,cao22e-pot.csv,10000.0,"['142D', '147E', '152R', '157L', '19I', '210V', '213G', '24S', '257S', '25del', '26del', '27del', '339H', '346T', '371F', '373P', '375F', '376A', '405N', '408S', '417N', '440K', '444T', '446S', '452R', '460K', '477N', '478K', '484A', '486S', '498R', '501Y', '505H', '614G', '655Y', '679K', '681H', '764K', '796Y', '954H', '969K']","('Cao22e', 'Casirivimab', 'CH.1.1 Spike', 10000.0)"
Cao22e,Imdevimab,CH.1.1 Spike,Figure 2a,Pseudovirus,IC50,10000.0,1.0,10000.0,1.0,ng/ml,2023-01-18,cao22e-pot.csv,10000.0,"['142D', '147E', '152R', '157L', '19I', '210V', '213G', '24S', '257S', '25del', '26del', '27del', '339H', '346T', '371F', '373P', '375F', '376A', '405N', '408S', '417N', '440K', '444T', '446S', '452R', '460K', '477N', '478K', '484A', '486S', '498R', '501Y', '505H', '614G', '655Y', '679K', '681H', '764K', '796Y', '954H', '969K']","('Cao22e', 'Imdevimab', 'CH.1.1 Spike', 10000.0)"
Cao22e,Casirivimab,BF.7 Spike,Figure 2a,Pseudovirus,IC50,10000.0,1.0,10000.0,1.0,ng/ml,2023-01-18,cao22e-pot.csv,10000.0,"['142D', '19I', '213G', '24S', '25del', '26del', '27del', '339D', '346T', '371F', '373P', '375F', '376A', '405N', '408S', '417N', '440K', '452R', '477N', '478K', '484A', '486V', '498R', '501Y', '505H', '614G', '655Y', '679K', '681H', '69del', '70del', '764K', '796Y', '954H', '969K']","('Cao22e', 'Casirivimab', 'BF.7 Spike', 10000.0)"
Cao22e,Imdevimab,BF.7 Spike,Figure 2a,Pseudovirus,IC50,2195.0,1.0,10000.0,1.0,ng/ml,2023-01-18,cao22e-pot.csv,2195.0,"['142D', '19I', '213G', '24S', '25del', '26del', '27del', '339D', '346T', '371F', '373P', '375F', '376A', '405N', '408S', '417N', '440K', '452R', '477N', '478K', '484A', '486V', '498R', '501Y', '505H', '614G', '655Y', '679K', '681H', '69del', '70del', '764K', '796Y', '954H', '969K']","('Cao22e', 'Imdevimab', 'BF.7 Spike', 2195.0)"
Cao22e,Casirivimab,BA.4.6.3 Spike,Figure 2a,Pseudovirus,IC50,10000.0,1.0,10000.0,1.0,ng/ml,2023-01-18,cao22e-pot.csv,10000.0,"['142D', '144del', '19I', '213G', '24S', '25del', '26del', '27del', '339D', '346T', '371F', '373P', '375F', '376A', '405N', '408S', '417N', '440K', '444N', '452R', '460K', '477N', '478K', '484A', '486V', '498R', '501Y', '505H', '614G', '655Y', '658S', '679K', '681H', '69del', '70del', '764K', '796Y', '954H', '969K']","('Cao22e', 'Casirivimab', 'BA.4.6.3 Spike', 10000.0)"
Cao22e,Imdevimab,BA.4.6.3 Spike,Figure 2a,Pseudovirus,IC50,10000.0,1.0,10000.0,1.0,ng/ml,2023-01-18,cao22e-pot.csv,10000.0,"['142D', '144del', '19I', '213G', '24S', '25del', '26del', '27del', '339D', '346T', '371F', '373P', '375F', '376A', '405N', '408S', '417N', '440K', '444N', '452R', '460K', '477N', '478K', '484A', '486V', '498R', '501Y', '505H', '614G', '655Y', '658S', '679K', '681H', '69del', '70del', '764K', '796Y', '954H', '969K']","('Cao22e', 'Imdevimab', 'BA.4.6.3 Spike', 10000.0)"
Chen21e,Casirivimab,S:614G,Figure 1c,SARS-CoV-2 recombinant,IC50,7.0,1.0,10000.0,1.0,ng/ml,2022-03-24,chen21e-pot.csv,7.0,['614G'],"('Chen21e', 'Casirivimab', 'S:614G', 7.0)"
Chen21e,Imdevimab,S:614G,Figure 1c,SARS-CoV-2 recombinant,IC50,12.0,1.0,10000.0,1.0,ng/ml,2022-03-24,chen21e-pot.csv,12.0,['614G'],"('Chen21e', 'Imdevimab', 'S:614G', 12.0)"
Chen21e,Casirivimab,S:501Y+614G,Figure 1c,SARS-CoV-2 recombinant,IC50,12.0,1.0,10000.0,1.0,ng/ml,2022-03-24,chen21e-pot.csv,12.0,"['501Y', '614G']","('Chen21e', 'Casirivimab', 'S:501Y+614G', 12.0)"
Chen21e,Imdevimab,S:501Y+614G,Figure 1c,SARS-CoV-2 recombinant,IC50,17.0,1.0,10000.0,1.0,ng/ml,2022-03-24,chen21e-pot.csv,17.0,"['501Y', '614G']","('Chen21e', 'Imdevimab', 'S:501Y+614G', 17.0)"
Chen21e,Casirivimab,S:69del+70del+144del+145del+501Y+570D+614G+681H+716I+982A+1118H,Figure 1c,SARS-CoV-2 recombinant,IC50,8.0,1.0,10000.0,1.0,ng/ml,2022-03-24,chen21e-pot.csv,8.0,"['1118H', '144del', '145del', '501Y', '570D', '614G', '681H', '69del', '70del', '716I', '982A']","('Chen21e', 'Casirivimab', 'S:69del+70del+144del+145del+501Y+570D+614G+681H+716I+982A+1118H', 8.0)"
Chen21e,Imdevimab,S:69del+70del+144del+145del+501Y+570D+614G+681H+716I+982A+1118H,Figure 1c,SARS-CoV-2 recombinant,IC50,7.0,1.0,10000.0,1.0,ng/ml,2022-03-24,chen21e-pot.csv,7.0,"['1118H', '144del', '145del', '501Y', '570D', '614G', '681H', '69del', '70del', '716I', '982A']","('Chen21e', 'Imdevimab', 'S:69del+70del+144del+145del+501Y+570D+614G+681H+716I+982A+1118H', 7.0)"
Chen21e,Casirivimab,S:80A+95I+215G+242del+243del+244del+417N+484K+501Y+614G+701V,Figure 1c,SARS-CoV-2 recombinant,IC50,9462.0,1.0,10000.0,1.0,ng/ml,2022-03-24,chen21e-pot.csv,9462.0,"['215G', '242del', '243del', '244del', '417N', '484K', '501Y', '614G', '701V', '80A', '95I']","('Chen21e', 'Casirivimab', 'S:80A+95I+215G+242del+243del+244del+417N+484K+501Y+614G+701V', 9462.0)"
Chen21e,Imdevimab,S:80A+95I+215G+242del+243del+244del+417N+484K+501Y+614G+701V,Figure 1c,SARS-CoV-2 recombinant,IC50,4.0,1.0,10000.0,1.0,ng/ml,2022-03-24,chen21e-pot.csv,4.0,"['215G', '242del', '243del', '244del', '417N', '484K', '501Y', '614G', '701V', '80A', '95I']","('Chen21e', 'Imdevimab', 'S:80A+95I+215G+242del+243del+244del+417N+484K+501Y+614G+701V', 4.0)"
Chen21e,Casirivimab,S:18F+20N+26S+138Y+190S+417T+484K+501Y+614G+655Y+1027I+1176F,Figure 1c,SARS-CoV-2 recombinant,IC50,5002.0,1.0,10000.0,1.0,ng/ml,2022-03-24,chen21e-pot.csv,5002.0,"['1027I', '1176F', '138Y', '18F', '190S', '20N', '26S', '417T', '484K', '501Y', '614G', '655Y']","('Chen21e', 'Casirivimab', 'S:18F+20N+26S+138Y+190S+417T+484K+501Y+614G+655Y+1027I+1176F', 5002.0)"
Chen21e,Imdevimab,S:18F+20N+26S+138Y+190S+417T+484K+501Y+614G+655Y+1027I+1176F,Figure 1c,SARS-CoV-2 recombinant,IC50,7.0,1.0,10000.0,1.0,ng/ml,2022-03-24,chen21e-pot.csv,7.0,"['1027I', '1176F', '138Y', '18F', '190S', '20N', '26S', '417T', '484K', '501Y', '614G', '655Y']","('Chen21e', 'Imdevimab', 'S:18F+20N+26S+138Y+190S+417T+484K+501Y+614G+655Y+1027I+1176F', 7.0)"
Chen21e,Casirivimab,S:13I+152C+452R+614G,Figure 1c,SARS-CoV-2 recombinant,IC50,4.0,1.0,10000.0,1.0,ng/ml,2022-03-24,chen21e-pot.csv,4.0,"['13I', '152C', '452R', '614G']","('Chen21e', 'Casirivimab', 'S:13I+152C+452R+614G', 4.0)"
Chen21e,Imdevimab,S:13I+152C+452R+614G,Figure 1c,SARS-CoV-2 recombinant,IC50,108.0,1.0,10000.0,1.0,ng/ml,2022-03-24,chen21e-pot.csv,108.0,"['13I', '152C', '452R', '614G']","('Chen21e', 'Imdevimab', 'S:13I+152C+452R+614G', 108.0)"
Chen21e,Casirivimab,S:142D+154K+452R+484Q+614G+681R+1071H+1101D,Figure 1c,SARS-CoV-2 recombinant,IC50,133.0,1.0,10000.0,1.0,ng/ml,2022-03-24,chen21e-pot.csv,133.0,"['1071H', '1101D', '142D', '154K', '452R', '484Q', '614G', '681R']","('Chen21e', 'Casirivimab', 'S:142D+154K+452R+484Q+614G+681R+1071H+1101D', 133.0)"
Chen21e,Imdevimab,S:142D+154K+452R+484Q+614G+681R+1071H+1101D,Figure 1c,SARS-CoV-2 recombinant,IC50,93.0,1.0,10000.0,1.0,ng/ml,2022-03-24,chen21e-pot.csv,93.0,"['1071H', '1101D', '142D', '154K', '452R', '484Q', '614G', '681R']","('Chen21e', 'Imdevimab', 'S:142D+154K+452R+484Q+614G+681R+1071H+1101D', 93.0)"
Chen21e,Casirivimab,B.1.526/S477N Spike,Figure 1c,SARS-CoV-2 recombinant,IC50,4.0,1.0,10000.0,1.0,ng/ml,2022-03-24,chen21e-pot.csv,4.0,"['253G', '477N', '5F', '614G', '701V', '95I']","('Chen21e', 'Casirivimab', 'B.1.526/S477N Spike', 4.0)"
Chen21e,Imdevimab,B.1.526/S477N Spike,Figure 1c,SARS-CoV-2 recombinant,IC50,71.0,1.0,10000.0,1.0,ng/ml,2022-03-24,chen21e-pot.csv,71.0,"['253G', '477N', '5F', '614G', '701V', '95I']","('Chen21e', 'Imdevimab', 'B.1.526/S477N Spike', 71.0)"
Chen21e,Casirivimab,B.1.526/E484K Spike,Figure 1c,SARS-CoV-2 recombinant,IC50,82.0,1.0,10000.0,1.0,ng/ml,2022-03-24,chen21e-pot.csv,82.0,"['253G', '484K', '5F', '614G', '701V', '95I']","('Chen21e', 'Casirivimab', 'B.1.526/E484K Spike', 82.0)"
Chen21e,Imdevimab,B.1.526/E484K Spike,Figure 1c,SARS-CoV-2 recombinant,IC50,104.0,1.0,10000.0,1.0,ng/ml,2022-03-24,chen21e-pot.csv,104.0,"['253G', '484K', '5F', '614G', '701V', '95I']","('Chen21e', 'Imdevimab', 'B.1.526/E484K Spike', 104.0)"
Chen22,Casirivimab,B.1.1.7 Spike,Fig 1h,Pseudovirus (lentivirus),IC50,3.0,1.0,10000.0,10.0,ng/ml,2022-02-17,chen22-pot.csv,3.0,"['1118H', '144del', '501Y', '570D', '614G', '681H', '69del', '70del', '716I', '982A']","('Chen22', 'Casirivimab', 'B.1.1.7 Spike', 3.0)"
Chen22,Imdevimab,B.1.1.7 Spike,Fig 1h,Pseudovirus (lentivirus),IC50,1.0,1.0,10000.0,10.0,ng/ml,2022-02-17,chen22-pot.csv,1.0,"['1118H', '144del', '501Y', '570D', '614G', '681H', '69del', '70del', '716I', '982A']","('Chen22', 'Imdevimab', 'B.1.1.7 Spike', 1.0)"
Chen22,Casirivimab,B.1.351 Spike,Fig 1h,Pseudovirus (lentivirus),IC50,10000.0,1.0,10000.0,10.0,ng/ml,2022-02-17,chen22-pot.csv,10000.0,"['18F', '215G', '242del', '243del', '244del', '246I', '417N', '484K', '501Y', '614G', '701V', '80A']","('Chen22', 'Casirivimab', 'B.1.351 Spike', 10000.0)"
Chen22,Imdevimab,B.1.351 Spike,Fig 1h,Pseudovirus (lentivirus),IC50,2.0,1.0,10000.0,10.0,ng/ml,2022-02-17,chen22-pot.csv,2.0,"['18F', '215G', '242del', '243del', '244del', '246I', '417N', '484K', '501Y', '614G', '701V', '80A']","('Chen22', 'Imdevimab', 'B.1.351 Spike', 2.0)"
Chen22,Casirivimab,B.1.617.2 Spike,Fig 1h,Pseudovirus (lentivirus),IC50,1.0,1.0,10000.0,10.0,ng/ml,2022-02-17,chen22-pot.csv,1.0,"['156G', '157del', '158del', '19R', '452R', '478K', '614G', '681R', '950N']","('Chen22', 'Casirivimab', 'B.1.617.2 Spike', 1.0)"
Chen22,Imdevimab,B.1.617.2 Spike,Fig 1h,Pseudovirus (lentivirus),IC50,3.0,1.0,10000.0,10.0,ng/ml,2022-02-17,chen22-pot.csv,3.0,"['156G', '157del', '158del', '19R', '452R', '478K', '614G', '681R', '950N']","('Chen22', 'Imdevimab', 'B.1.617.2 Spike', 3.0)"
Chen22,Casirivimab,BA.1 Spike,Fig 1h,Pseudovirus (lentivirus),IC50,10000.0,1.0,10000.0,10.0,ng/ml,2022-02-17,chen22-pot.csv,10000.0,"['142D', '143del', '144del', '145del', '211I', '212del', '339D', '371L', '373P', '375F', '417N', '440K', '446S', '477N', '478K', '484A', '493R', '496S', '498R', '501Y', '505H', '547K', '614G', '655Y', '679K', '67V', '681H', '69del', '70del', '764K', '796Y', '856K', '954H', '95I', '969K', '981F']","('Chen22', 'Casirivimab', 'BA.1 Spike', 10000.0)"
Chen22,Imdevimab,BA.1 Spike,Fig 1h,Pseudovirus (lentivirus),IC50,10000.0,1.0,10000.0,10.0,ng/ml,2022-02-17,chen22-pot.csv,10000.0,"['142D', '143del', '144del', '145del', '211I', '212del', '339D', '371L', '373P', '375F', '417N', '440K', '446S', '477N', '478K', '484A', '493R', '496S', '498R', '501Y', '505H', '547K', '614G', '655Y', '679K', '67V', '681H', '69del', '70del', '764K', '796Y', '856K', '954H', '95I', '969K', '981F']","('Chen22', 'Imdevimab', 'BA.1 Spike', 10000.0)"
Chen22e,Casirivimab,B.1.1.7 Spike,Figure 2B,Pseudovirus (lentivirus),IC50,3.0,1.0,10000.0,1.0,ng/ml,2022-11-18,chen22e-pot.csv,3.0,"['1118H', '144del', '501Y', '570D', '614G', '681H', '69del', '70del', '716I', '982A']","('Chen22e', 'Casirivimab', 'B.1.1.7 Spike', 3.0)"
Chen22e,Imdevimab,B.1.1.7 Spike,Figure 2B,Pseudovirus (lentivirus),IC50,1.0,1.0,10000.0,1.0,ng/ml,2022-11-18,chen22e-pot.csv,1.0,"['1118H', '144del', '501Y', '570D', '614G', '681H', '69del', '70del', '716I', '982A']","('Chen22e', 'Imdevimab', 'B.1.1.7 Spike', 1.0)"
Chen22e,Casirivimab,B.1.351 Spike,Figure 2B,Pseudovirus (lentivirus),IC50,10000.0,1.0,10000.0,1.0,ng/ml,2022-11-18,chen22e-pot.csv,10000.0,"['18F', '215G', '242del', '243del', '244del', '246I', '417N', '484K', '501Y', '614G', '701V', '80A']","('Chen22e', 'Casirivimab', 'B.1.351 Spike', 10000.0)"
Chen22e,Imdevimab,B.1.351 Spike,Figure 2B,Pseudovirus (lentivirus),IC50,2.0,1.0,10000.0,1.0,ng/ml,2022-11-18,chen22e-pot.csv,2.0,"['18F', '215G', '242del', '243del', '244del', '246I', '417N', '484K', '501Y', '614G', '701V', '80A']","('Chen22e', 'Imdevimab', 'B.1.351 Spike', 2.0)"
Chen22e,Casirivimab,B.1.617.2 Spike,Figure 2B,Pseudovirus (lentivirus),IC50,1.0,1.0,10000.0,1.0,ng/ml,2022-11-18,chen22e-pot.csv,1.0,"['156G', '157del', '158del', '19R', '452R', '478K', '614G', '681R', '950N']","('Chen22e', 'Casirivimab', 'B.1.617.2 Spike', 1.0)"
Chen22e,Imdevimab,B.1.617.2 Spike,Figure 2B,Pseudovirus (lentivirus),IC50,3.0,1.0,10000.0,1.0,ng/ml,2022-11-18,chen22e-pot.csv,3.0,"['156G', '157del', '158del', '19R', '452R', '478K', '614G', '681R', '950N']","('Chen22e', 'Imdevimab', 'B.1.617.2 Spike', 3.0)"
Chen22e,Casirivimab,BA.1 Spike,Figure 2B,Pseudovirus (lentivirus),IC50,10000.0,1.0,10000.0,1.0,ng/ml,2022-11-18,chen22e-pot.csv,10000.0,"['142D', '143del', '144del', '145del', '211I', '212del', '339D', '371L', '373P', '375F', '417N', '440K', '446S', '477N', '478K', '484A', '493R', '496S', '498R', '501Y', '505H', '547K', '614G', '655Y', '679K', '67V', '681H', '69del', '70del', '764K', '796Y', '856K', '954H', '95I', '969K', '981F']","('Chen22e', 'Casirivimab', 'BA.1 Spike', 10000.0)"
Chen22e,Imdevimab,BA.1 Spike,Figure 2B,Pseudovirus (lentivirus),IC50,10000.0,1.0,10000.0,1.0,ng/ml,2022-11-18,chen22e-pot.csv,10000.0,"['142D', '143del', '144del', '145del', '211I', '212del', '339D', '371L', '373P', '375F', '417N', '440K', '446S', '477N', '478K', '484A', '493R', '496S', '498R', '501Y', '505H', '547K', '614G', '655Y', '679K', '67V', '681H', '69del', '70del', '764K', '796Y', '856K', '954H', '95I', '969K', '981F']","('Chen22e', 'Imdevimab', 'BA.1 Spike', 10000.0)"
Chen22e,Casirivimab,BA.2 Spike,Figure 2B,Pseudovirus (lentivirus),IC50,10000.0,1.0,10000.0,1.0,ng/ml,2022-11-18,chen22e-pot.csv,10000.0,"['142D', '19I', '213G', '24S', '25del', '26del', '27del', '339D', '371F', '373P', '375F', '376A', '405N', '408S', '417N', '440K', '477N', '478K', '484A', '493R', '498R', '501Y', '505H', '614G', '655Y', '679K', '681H', '764K', '796Y', '954H', '969K']","('Chen22e', 'Casirivimab', 'BA.2 Spike', 10000.0)"
Chen22e,Imdevimab,BA.2 Spike,Figure 2B,Pseudovirus (lentivirus),IC50,669.0,1.0,10000.0,1.0,ng/ml,2022-11-18,chen22e-pot.csv,669.0,"['142D', '19I', '213G', '24S', '25del', '26del', '27del', '339D', '371F', '373P', '375F', '376A', '405N', '408S', '417N', '440K', '477N', '478K', '484A', '493R', '498R', '501Y', '505H', '614G', '655Y', '679K', '681H', '764K', '796Y', '954H', '969K']","('Chen22e', 'Imdevimab', 'BA.2 Spike', 669.0)"
Chen22e,Casirivimab,BA.4/5 Spike,Figure 2B,Pseudovirus (lentivirus),IC50,10000.0,1.0,10000.0,1.0,ng/ml,2022-11-18,chen22e-pot.csv,10000.0,"['142D', '19I', '213G', '24S', '25del', '26del', '27del', '339D', '371F', '373P', '375F', '376A', '405N', '408S', '417N', '440K', '452R', '477N', '478K', '484A', '486V', '498R', '501Y', '505H', '614G', '655Y', '679K', '681H', '69del', '70del', '764K', '796Y', '954H', '969K']","('Chen22e', 'Casirivimab', 'BA.4/5 Spike', 10000.0)"
Chen22e,Imdevimab,BA.4/5 Spike,Figure 2B,Pseudovirus (lentivirus),IC50,358.0,1.0,10000.0,1.0,ng/ml,2022-11-18,chen22e-pot.csv,358.0,"['142D', '19I', '213G', '24S', '25del', '26del', '27del', '339D', '371F', '373P', '375F', '376A', '405N', '408S', '417N', '440K', '452R', '477N', '478K', '484A', '486V', '498R', '501Y', '505H', '614G', '655Y', '679K', '681H', '69del', '70del', '764K', '796Y', '954H', '969K']","('Chen22e', 'Imdevimab', 'BA.4/5 Spike', 358.0)"
Chen22e,Casirivimab,BA.2.12.1 Spike,Figure 2B,Pseudovirus (lentivirus),IC50,10000.0,1.0,10000.0,1.0,ng/ml,2022-11-18,chen22e-pot.csv,10000.0,"['142D', '19I', '213G', '24S', '25del', '26del', '27del', '339D', '371F', '373P', '375F', '376A', '405N', '408S', '417N', '440K', '452Q', '477N', '478K', '484A', '493R', '498R', '501Y', '505H', '614G', '655Y', '679K', '681H', '704L', '764K', '796Y', '954H', '969K']","('Chen22e', 'Casirivimab', 'BA.2.12.1 Spike', 10000.0)"
Chen22e,Imdevimab,BA.2.12.1 Spike,Figure 2B,Pseudovirus (lentivirus),IC50,544.0,1.0,10000.0,1.0,ng/ml,2022-11-18,chen22e-pot.csv,544.0,"['142D', '19I', '213G', '24S', '25del', '26del', '27del', '339D', '371F', '373P', '375F', '376A', '405N', '408S', '417N', '440K', '452Q', '477N', '478K', '484A', '493R', '498R', '501Y', '505H', '614G', '655Y', '679K', '681H', '704L', '764K', '796Y', '954H', '969K']","('Chen22e', 'Imdevimab', 'BA.2.12.1 Spike', 544.0)"
Copin21,Casirivimab,S:614G,Figure 1A,Pseudovirus (VSV),IC50,8.4,1.0,3000.0,0.051,ng/ml,2021-07-12,copin21-pot.csv,8.4,['614G'],"('Copin21', 'Casirivimab', 'S:614G', 8.4)"
Copin21,Casirivimab,S:69del+70del+145del+501Y+570D+614G+681H+716I+982A+1118H,Figure 1A,Pseudovirus (VSV),IC50,9.2,1.0,3000.0,0.051,ng/ml,2021-07-12,copin21-pot.csv,9.2,"['1118H', '145del', '501Y', '570D', '614G', '681H', '69del', '70del', '716I', '982A']","('Copin21', 'Casirivimab', 'S:69del+70del+145del+501Y+570D+614G+681H+716I+982A+1118H', 9.2)"
Copin21,Casirivimab,S:452R,Figure 1A,Pseudovirus (VSV),IC50,8.9,1.0,3000.0,0.051,ng/ml,2021-07-12,copin21-pot.csv,8.9,['452R'],"('Copin21', 'Casirivimab', 'S:452R', 8.9)"
Copin21,Casirivimab,S:484K,Figure 1A,Pseudovirus (VSV),IC50,20.0,1.0,3000.0,0.051,ng/ml,2021-07-12,copin21-pot.csv,20.0,['484K'],"('Copin21', 'Casirivimab', 'S:484K', 20.0)"
Copin21,Casirivimab,S:80Y+215Y+242del+243del+244del+417N+484K+501Y+614G+701V,Figure 1A,Pseudovirus (VSV),IC50,493.9,1.0,3000.0,0.051,ng/ml,2021-07-12,copin21-pot.csv,493.9,"['215Y', '242del', '243del', '244del', '417N', '484K', '501Y', '614G', '701V', '80Y']","('Copin21', 'Casirivimab', 'S:80Y+215Y+242del+243del+244del+417N+484K+501Y+614G+701V', 493.9)"
Copin21,Casirivimab,S:18F+20N+26S+138Y+190S+417T+484K+501Y+614G+655Y+1027I+1176F,Figure 1A,Pseudovirus (VSV),IC50,2452.1,1.0,3000.0,0.051,ng/ml,2021-07-12,copin21-pot.csv,2452.1,"['1027I', '1176F', '138Y', '18F', '190S', '20N', '26S', '417T', '484K', '501Y', '614G', '655Y']","('Copin21', 'Casirivimab', 'S:18F+20N+26S+138Y+190S+417T+484K+501Y+614G+655Y+1027I+1176F', 2452.1)"
Copin21,Casirivimab,S:452R+484Q,Figure 1A,Pseudovirus (VSV),IC50,25.1,1.0,3000.0,0.051,ng/ml,2021-07-12,copin21-pot.csv,25.1,"['452R', '484Q']","('Copin21', 'Casirivimab', 'S:452R+484Q', 25.1)"
Copin21,Casirivimab,S:452R+478K,Figure 1A,Pseudovirus (VSV),IC50,4.1,1.0,3000.0,0.051,ng/ml,2021-07-12,copin21-pot.csv,4.1,"['452R', '478K']","('Copin21', 'Casirivimab', 'S:452R+478K', 4.1)"
Copin21,Imdevimab,S:614G,Figure 1A,Pseudovirus (VSV),IC50,6.9,1.0,3000.0,0.051,ng/ml,2021-07-12,copin21-pot.csv,6.9,['614G'],"('Copin21', 'Imdevimab', 'S:614G', 6.9)"
Copin21,Imdevimab,S:69del+70del+145del+501Y+570D+614G+681H+716I+982A+1118H,Figure 1A,Pseudovirus (VSV),IC50,2.9,1.0,3000.0,0.051,ng/ml,2021-07-12,copin21-pot.csv,2.9,"['1118H', '145del', '501Y', '570D', '614G', '681H', '69del', '70del', '716I', '982A']","('Copin21', 'Imdevimab', 'S:69del+70del+145del+501Y+570D+614G+681H+716I+982A+1118H', 2.9)"
Copin21,Imdevimab,S:452R,Figure 1A,Pseudovirus (VSV),IC50,7.3,1.0,3000.0,0.051,ng/ml,2021-07-12,copin21-pot.csv,7.3,['452R'],"('Copin21', 'Imdevimab', 'S:452R', 7.3)"
Copin21,Imdevimab,S:484K,Figure 1A,Pseudovirus (VSV),IC50,3.4,1.0,3000.0,0.051,ng/ml,2021-07-12,copin21-pot.csv,3.4,['484K'],"('Copin21', 'Imdevimab', 'S:484K', 3.4)"
Copin21,Imdevimab,S:80Y+215Y+242del+243del+244del+417N+484K+501Y+614G+701V,Figure 1A,Pseudovirus (VSV),IC50,1.2,1.0,3000.0,0.051,ng/ml,2021-07-12,copin21-pot.csv,1.2,"['215Y', '242del', '243del', '244del', '417N', '484K', '501Y', '614G', '701V', '80Y']","('Copin21', 'Imdevimab', 'S:80Y+215Y+242del+243del+244del+417N+484K+501Y+614G+701V', 1.2)"
Copin21,Imdevimab,S:18F+20N+26S+138Y+190S+417T+484K+501Y+614G+655Y+1027I+1176F,Figure 1A,Pseudovirus (VSV),IC50,1.1,1.0,3000.0,0.051,ng/ml,2021-07-12,copin21-pot.csv,1.1,"['1027I', '1176F', '138Y', '18F', '190S', '20N', '26S', '417T', '484K', '501Y', '614G', '655Y']","('Copin21', 'Imdevimab', 'S:18F+20N+26S+138Y+190S+417T+484K+501Y+614G+655Y+1027I+1176F', 1.1)"
Copin21,Imdevimab,S:452R+484Q,Figure 1A,Pseudovirus (VSV),IC50,3.2,1.0,3000.0,0.051,ng/ml,2021-07-12,copin21-pot.csv,3.2,"['452R', '484Q']","('Copin21', 'Imdevimab', 'S:452R+484Q', 3.2)"
Copin21,Imdevimab,S:452R+478K,Figure 1A,Pseudovirus (VSV),IC50,6.8,1.0,3000.0,0.051,ng/ml,2021-07-12,copin21-pot.csv,6.8,"['452R', '478K']","('Copin21', 'Imdevimab', 'S:452R+478K', 6.8)"
Dejnirattisai21,Imdevimab,VIC,Table S2,Virus isolate,IC50,32.0,1.0,10000.0,,ng/ml,2021-03-17,dejnirattisai21-pot.csv,32.0,['247R'],"('Dejnirattisai21', 'Imdevimab', 'VIC', 32.0)"
Dejnirattisai21,Casirivimab,VIC,Table S2,Virus isolate,IC50,4.0,1.0,10000.0,,ng/ml,2021-03-17,dejnirattisai21-pot.csv,4.0,['247R'],"('Dejnirattisai21', 'Casirivimab', 'VIC', 4.0)"
Dejnirattisai21,Imdevimab,P.1 full genome,Table S2,Virus isolate,IC50,13.0,1.0,10000.0,,ng/ml,2021-03-17,dejnirattisai21-pot.csv,13.0,"['1027I', '1176F', '138Y', '18F', '190S', '20N', '26S', '417T', '484K', '501Y', '614G', '655Y']","('Dejnirattisai21', 'Imdevimab', 'P.1 full genome', 13.0)"
Dejnirattisai21,Casirivimab,P.1 full genome,Table S2,Virus isolate,IC50,6177.0,1.0,10000.0,,ng/ml,2021-03-17,dejnirattisai21-pot.csv,6177.0,"['1027I', '1176F', '138Y', '18F', '190S', '20N', '26S', '417T', '484K', '501Y', '614G', '655Y']","('Dejnirattisai21', 'Casirivimab', 'P.1 full genome', 6177.0)"
Dejnirattisai22,Imdevimab,VIC,"Figure 4C, Table S1",Virus isolate,IC50,32.0,1.0,10000.0,1.0,ng/ml,2021-12-29,dejnirattisai22-pot.csv,32.0,['247R'],"('Dejnirattisai22', 'Imdevimab', 'VIC', 32.0)"
Dejnirattisai22,Casirivimab,VIC,"Figure 4C, Table S1",Virus isolate,IC50,4.0,1.0,10000.0,1.0,ng/ml,2021-12-29,dejnirattisai22-pot.csv,4.0,['247R'],"('Dejnirattisai22', 'Casirivimab', 'VIC', 4.0)"
Dejnirattisai22,Imdevimab,B.1.1.7 full genome,"Figure 4C, Table S1",Virus isolate,IC50,28.0,1.0,10000.0,1.0,ng/ml,2021-12-29,dejnirattisai22-pot.csv,28.0,"['1118H', '144del', '145del', '501Y', '570D', '614G', '681H', '69del', '70del', '716I', '982A']","('Dejnirattisai22', 'Imdevimab', 'B.1.1.7 full genome', 28.0)"
Dejnirattisai22,Casirivimab,B.1.1.7 full genome,"Figure 4C, Table S1",Virus isolate,IC50,14.0,1.0,10000.0,1.0,ng/ml,2021-12-29,dejnirattisai22-pot.csv,14.0,"['1118H', '144del', '145del', '501Y', '570D', '614G', '681H', '69del', '70del', '716I', '982A']","('Dejnirattisai22', 'Casirivimab', 'B.1.1.7 full genome', 14.0)"
Dejnirattisai22,Imdevimab,B.1.351 full genome,"Figure 4C, Table S1",Virus isolate,IC50,7.0,1.0,10000.0,1.0,ng/ml,2021-12-29,dejnirattisai22-pot.csv,7.0,"['18F', '215G', '242del', '243del', '244del', '246I', '417N', '484K', '501Y', '614G', '701V', '80A']","('Dejnirattisai22', 'Imdevimab', 'B.1.351 full genome', 7.0)"
Dejnirattisai22,Casirivimab,B.1.351 full genome,"Figure 4C, Table S1",Virus isolate,IC50,3284.0,1.0,10000.0,1.0,ng/ml,2021-12-29,dejnirattisai22-pot.csv,3284.0,"['18F', '215G', '242del', '243del', '244del', '246I', '417N', '484K', '501Y', '614G', '701V', '80A']","('Dejnirattisai22', 'Casirivimab', 'B.1.351 full genome', 3284.0)"
Dejnirattisai22,Imdevimab,P.1 full genome,"Figure 4C, Table S1",Virus isolate,IC50,13.0,1.0,10000.0,1.0,ng/ml,2021-12-29,dejnirattisai22-pot.csv,13.0,"['1027I', '1176F', '138Y', '18F', '190S', '20N', '26S', '417T', '484K', '501Y', '614G', '655Y']","('Dejnirattisai22', 'Imdevimab', 'P.1 full genome', 13.0)"
Dejnirattisai22,Casirivimab,P.1 full genome,"Figure 4C, Table S1",Virus isolate,IC50,6177.0,1.0,10000.0,1.0,ng/ml,2021-12-29,dejnirattisai22-pot.csv,6177.0,"['1027I', '1176F', '138Y', '18F', '190S', '20N', '26S', '417T', '484K', '501Y', '614G', '655Y']","('Dejnirattisai22', 'Casirivimab', 'P.1 full genome', 6177.0)"
Dejnirattisai22,Imdevimab,B.1.617.2 full genome,"Figure 4C, Table S1",Virus isolate,IC50,17.0,1.0,10000.0,1.0,ng/ml,2021-12-29,dejnirattisai22-pot.csv,17.0,"['156G', '157del', '158del', '19R', '452R', '478K', '614G', '681R', '950N']","('Dejnirattisai22', 'Imdevimab', 'B.1.617.2 full genome', 17.0)"
Dejnirattisai22,Casirivimab,B.1.617.2 full genome,"Figure 4C, Table S1",Virus isolate,IC50,3.0,1.0,10000.0,1.0,ng/ml,2021-12-29,dejnirattisai22-pot.csv,3.0,"['156G', '157del', '158del', '19R', '452R', '478K', '614G', '681R', '950N']","('Dejnirattisai22', 'Casirivimab', 'B.1.617.2 full genome', 3.0)"
Dejnirattisai22,Imdevimab,Omicron/BA.1 full genome,"Figure 4C, Table S1",Virus isolate,IC50,10000.0,1.0,10000.0,1.0,ng/ml,2021-12-29,dejnirattisai22-pot.csv,10000.0,"['142D', '143del', '144del', '145del', '211I', '212del', '339D', '371L', '373P', '375F', '417N', '440K', '446S', '477N', '478K', '484A', '493R', '496S', '498R', '501Y', '505H', '547K', '614G', '655Y', '679K', '67V', '681H', '69del', '70del', '764K', '796Y', '856K', '954H', '95I', '969K', '981F']","('Dejnirattisai22', 'Imdevimab', 'Omicron/BA.1 full genome', 10000.0)"
Dejnirattisai22,Casirivimab,Omicron/BA.1 full genome,"Figure 4C, Table S1",Virus isolate,IC50,10000.0,1.0,10000.0,1.0,ng/ml,2021-12-29,dejnirattisai22-pot.csv,10000.0,"['142D', '143del', '144del', '145del', '211I', '212del', '339D', '371L', '373P', '375F', '417N', '440K', '446S', '477N', '478K', '484A', '493R', '496S', '498R', '501Y', '505H', '547K', '614G', '655Y', '679K', '67V', '681H', '69del', '70del', '764K', '796Y', '856K', '954H', '95I', '969K', '981F']","('Dejnirattisai22', 'Casirivimab', 'Omicron/BA.1 full genome', 10000.0)"
Du22,Casirivimab,B.1.1.7 Spike,Fig 1E,Pseudovirus,IC50,2.8,1.0,6000.0,1.0,ng/ml,2022-06-24,du22-pot.csv,2.8,"['1118H', '144del', '501Y', '570D', '614G', '681H', '69del', '70del', '716I', '982A']","('Du22', 'Casirivimab', 'B.1.1.7 Spike', 2.8)"
Du22,Imdevimab,B.1.1.7 Spike,Fig 1E,Pseudovirus,IC50,4.0,1.0,6000.0,1.0,ng/ml,2022-06-24,du22-pot.csv,4.0,"['1118H', '144del', '501Y', '570D', '614G', '681H', '69del', '70del', '716I', '982A']","('Du22', 'Imdevimab', 'B.1.1.7 Spike', 4.0)"
Du22,Casirivimab,B.1.351 Spike,Fig 1E,Pseudovirus,IC50,66.9,1.0,6000.0,1.0,ng/ml,2022-06-24,du22-pot.csv,66.9,"['18F', '215G', '242del', '243del', '244del', '246I', '417N', '484K', '501Y', '614G', '701V', '80A']","('Du22', 'Casirivimab', 'B.1.351 Spike', 66.9)"
Du22,Imdevimab,B.1.351 Spike,Fig 1E,Pseudovirus,IC50,2.3,1.0,6000.0,1.0,ng/ml,2022-06-24,du22-pot.csv,2.3,"['18F', '215G', '242del', '243del', '244del', '246I', '417N', '484K', '501Y', '614G', '701V', '80A']","('Du22', 'Imdevimab', 'B.1.351 Spike', 2.3)"
Du22,Casirivimab,S:19R+142D+156G+157del+158del+452R+478K+614G+681R+950N,Fig 1E,Pseudovirus,IC50,1.5,1.0,6000.0,1.0,ng/ml,2022-06-24,du22-pot.csv,1.5,"['142D', '156G', '157del', '158del', '19R', '452R', '478K', '614G', '681R', '950N']","('Du22', 'Casirivimab', 'S:19R+142D+156G+157del+158del+452R+478K+614G+681R+950N', 1.5)"
Du22,Imdevimab,S:19R+142D+156G+157del+158del+452R+478K+614G+681R+950N,Fig 1E,Pseudovirus,IC50,10.5,1.0,6000.0,1.0,ng/ml,2022-06-24,du22-pot.csv,10.5,"['142D', '156G', '157del', '158del', '19R', '452R', '478K', '614G', '681R', '950N']","('Du22', 'Imdevimab', 'S:19R+142D+156G+157del+158del+452R+478K+614G+681R+950N', 10.5)"
Du22,Casirivimab,BA.1 Spike,Fig 1E,Pseudovirus,IC50,1229.0,1.0,6000.0,1.0,ng/ml,2022-06-24,du22-pot.csv,1229.0,"['142D', '143del', '144del', '145del', '211I', '212del', '339D', '371L', '373P', '375F', '417N', '440K', '446S', '477N', '478K', '484A', '493R', '496S', '498R', '501Y', '505H', '547K', '614G', '655Y', '679K', '67V', '681H', '69del', '70del', '764K', '796Y', '856K', '954H', '95I', '969K', '981F']","('Du22', 'Casirivimab', 'BA.1 Spike', 1229.0)"
Du22,Imdevimab,BA.1 Spike,Fig 1E,Pseudovirus,IC50,6000.0,1.0,6000.0,1.0,ng/ml,2022-06-24,du22-pot.csv,6000.0,"['142D', '143del', '144del', '145del', '211I', '212del', '339D', '371L', '373P', '375F', '417N', '440K', '446S', '477N', '478K', '484A', '493R', '496S', '498R', '501Y', '505H', '547K', '614G', '655Y', '679K', '67V', '681H', '69del', '70del', '764K', '796Y', '856K', '954H', '95I', '969K', '981F']","('Du22', 'Imdevimab', 'BA.1 Spike', 6000.0)"
Du22,Casirivimab,B.1.1.7 full genome,Fig 1E,Virus isolate,IC50,0.7,1.0,1000.0,1.0,ng/ml,2022-06-24,du22-pot.csv,0.7,"['1118H', '144del', '145del', '501Y', '570D', '614G', '681H', '69del', '70del', '716I', '982A']","('Du22', 'Casirivimab', 'B.1.1.7 full genome', 0.7)"
Du22,Casirivimab,B.1.351 full genome,Fig 1E,Virus isolate,IC50,26.4,1.0,1000.0,1.0,ng/ml,2022-06-24,du22-pot.csv,26.4,"['18F', '215G', '242del', '243del', '244del', '246I', '417N', '484K', '501Y', '614G', '701V', '80A']","('Du22', 'Casirivimab', 'B.1.351 full genome', 26.4)"
Du22,Casirivimab,P.1 full genome,Fig 1E,Virus isolate,IC50,54.0,1.0,1000.0,1.0,ng/ml,2022-06-24,du22-pot.csv,54.0,"['1027I', '1176F', '138Y', '18F', '190S', '20N', '26S', '417T', '484K', '501Y', '614G', '655Y']","('Du22', 'Casirivimab', 'P.1 full genome', 54.0)"
Du22,Casirivimab,B.1.617.2 full genome,Fig 1E,Virus isolate,IC50,0.4,1.0,1000.0,1.0,ng/ml,2022-06-24,du22-pot.csv,0.4,"['156G', '157del', '158del', '19R', '452R', '478K', '614G', '681R', '950N']","('Du22', 'Casirivimab', 'B.1.617.2 full genome', 0.4)"
Du22,Casirivimab,Omicron/BA.1 full genome,Fig 1E,Virus isolate,IC50,1000.0,1.0,1000.0,1.0,ng/ml,2022-06-24,du22-pot.csv,1000.0,"['142D', '143del', '144del', '145del', '211I', '212del', '339D', '371L', '373P', '375F', '417N', '440K', '446S', '477N', '478K', '484A', '493R', '496S', '498R', '501Y', '505H', '547K', '614G', '655Y', '679K', '67V', '681H', '69del', '70del', '764K', '796Y', '856K', '954H', '95I', '969K', '981F']","('Du22', 'Casirivimab', 'Omicron/BA.1 full genome', 1000.0)"
Du22,Casirivimab,Omicron/BA.2 full genome,Fig 1E,Virus isolate,IC50,1000.0,1.0,1000.0,1.0,ng/ml,2022-06-24,du22-pot.csv,1000.0,"['142D', '19I', '213G', '24S', '25del', '26del', '27del', '339D', '371F', '373P', '375F', '376A', '405N', '408S', '417N', '440K', '477N', '478K', '484A', '493R', '498R', '501Y', '505H', '614G', '655Y', '679K', '681H', '764K', '796Y', '954H', '969K']","('Du22', 'Casirivimab', 'Omicron/BA.2 full genome', 1000.0)"
EMA21,Casirivimab,S:417N,page 25. Table 8.,Pseudovirus (VSV),IC50,71.7,1.0,10000.0,1.0,ng/ml,2022-08-09,ema21-pot.csv,71.7,['417N'],"('EMA21', 'Casirivimab', 'S:417N', 71.7)"
EMA21,Casirivimab,S:484K,page 25. Table 8.,Pseudovirus (VSV),IC50,169.5,1.0,10000.0,1.0,ng/ml,2022-08-09,ema21-pot.csv,169.5,['484K'],"('EMA21', 'Casirivimab', 'S:484K', 169.5)"
EMA21,Casirivimab,S:501Y,page 25. Table 8.,Pseudovirus (VSV),IC50,26.2,1.0,10000.0,1.0,ng/ml,2022-08-09,ema21-pot.csv,26.2,['501Y'],"('EMA21', 'Casirivimab', 'S:501Y', 26.2)"
EMA21,Casirivimab,S:614G,page 25. Table 8.,Pseudovirus (VSV),IC50,6.5,1.0,10000.0,1.0,ng/ml,2022-08-09,ema21-pot.csv,6.5,['614G'],"('EMA21', 'Casirivimab', 'S:614G', 6.5)"
EMA21,Casirivimab,B.1.1.7 Spike,page 25. Table 8.,Pseudovirus (VSV),IC50,22.8,1.0,10000.0,1.0,ng/ml,2022-08-09,ema21-pot.csv,22.8,"['1118H', '144del', '501Y', '570D', '614G', '681H', '69del', '70del', '716I', '982A']","('EMA21', 'Casirivimab', 'B.1.1.7 Spike', 22.8)"
EMA21,Imdevimab,S:417N,page 25. Table 8.,Pseudovirus (VSV),IC50,5.3,1.0,10000.0,1.0,ng/ml,2022-08-09,ema21-pot.csv,5.3,['417N'],"('EMA21', 'Imdevimab', 'S:417N', 5.3)"
EMA21,Imdevimab,S:484K,page 25. Table 8.,Pseudovirus (VSV),IC50,9.4,1.0,10000.0,1.0,ng/ml,2022-08-09,ema21-pot.csv,9.4,['484K'],"('EMA21', 'Imdevimab', 'S:484K', 9.4)"
EMA21,Imdevimab,S:501Y,page 25. Table 8.,Pseudovirus (VSV),IC50,24.75,1.0,10000.0,1.0,ng/ml,2022-08-09,ema21-pot.csv,24.75,['501Y'],"('EMA21', 'Imdevimab', 'S:501Y', 24.75)"
EMA21,Imdevimab,S:614G,page 25. Table 8.,Pseudovirus (VSV),IC50,6.9,1.0,10000.0,1.0,ng/ml,2022-08-09,ema21-pot.csv,6.9,['614G'],"('EMA21', 'Imdevimab', 'S:614G', 6.9)"
EMA21,Imdevimab,B.1.1.7 Spike,page 25. Table 8.,Pseudovirus (VSV),IC50,12.0,1.0,10000.0,1.0,ng/ml,2022-08-09,ema21-pot.csv,12.0,"['1118H', '144del', '501Y', '570D', '614G', '681H', '69del', '70del', '716I', '982A']","('EMA21', 'Imdevimab', 'B.1.1.7 Spike', 12.0)"
Fenwick21,Casirivimab,S:614G,Figure 2B,Pseudovirus (lentivirus),IC50,37.0,1.0,10000.0,0.1,ng/ml,2021-10-07,fenwick21-pot.csv,37.0,['614G'],"('Fenwick21', 'Casirivimab', 'S:614G', 37.0)"
Fenwick21,Casirivimab,S:222V,Figure 2B,Pseudovirus (lentivirus),IC50,15.0,1.0,10000.0,0.1,ng/ml,2021-10-07,fenwick21-pot.csv,15.0,['222V'],"('Fenwick21', 'Casirivimab', 'S:222V', 15.0)"
Fenwick21,Casirivimab,S:439K,Figure 2B,Pseudovirus (lentivirus),IC50,37.0,1.0,10000.0,0.1,ng/ml,2021-10-07,fenwick21-pot.csv,37.0,['439K'],"('Fenwick21', 'Casirivimab', 'S:439K', 37.0)"
Fenwick21,Casirivimab,S:477N,Figure 2B,Pseudovirus (lentivirus),IC50,48.0,1.0,10000.0,0.1,ng/ml,2021-10-07,fenwick21-pot.csv,48.0,['477N'],"('Fenwick21', 'Casirivimab', 'S:477N', 48.0)"
Fenwick21,Casirivimab,S:493K,Figure 2B,Pseudovirus (lentivirus),IC50,33.0,1.0,10000.0,0.1,ng/ml,2021-10-07,fenwick21-pot.csv,33.0,['493K'],"('Fenwick21', 'Casirivimab', 'S:493K', 33.0)"
Fenwick21,Casirivimab,S:494P,Figure 2B,Pseudovirus (lentivirus),IC50,28.0,1.0,10000.0,0.1,ng/ml,2021-10-07,fenwick21-pot.csv,28.0,['494P'],"('Fenwick21', 'Casirivimab', 'S:494P', 28.0)"
Fenwick21,Casirivimab,S:484K+501Y,Figure 2B,Pseudovirus (lentivirus),IC50,84.0,1.0,10000.0,0.1,ng/ml,2021-10-07,fenwick21-pot.csv,84.0,"['484K', '501Y']","('Fenwick21', 'Casirivimab', 'S:484K+501Y', 84.0)"
Fenwick21,Casirivimab,S:417N+484K+501Y,Figure 2B,Pseudovirus (lentivirus),IC50,925.0,1.0,10000.0,0.1,ng/ml,2021-10-07,fenwick21-pot.csv,925.0,"['417N', '484K', '501Y']","('Fenwick21', 'Casirivimab', 'S:417N+484K+501Y', 925.0)"
Fenwick21,Imdevimab,S:614G,Figure 2B,Pseudovirus (lentivirus),IC50,41.0,1.0,10000.0,0.1,ng/ml,2021-10-07,fenwick21-pot.csv,41.0,['614G'],"('Fenwick21', 'Imdevimab', 'S:614G', 41.0)"
Fenwick21,Imdevimab,S:222V,Figure 2B,Pseudovirus (lentivirus),IC50,16.0,1.0,10000.0,0.1,ng/ml,2021-10-07,fenwick21-pot.csv,16.0,['222V'],"('Fenwick21', 'Imdevimab', 'S:222V', 16.0)"
Fenwick21,Imdevimab,S:439K,Figure 2B,Pseudovirus (lentivirus),IC50,697.0,1.0,10000.0,0.1,ng/ml,2021-10-07,fenwick21-pot.csv,697.0,['439K'],"('Fenwick21', 'Imdevimab', 'S:439K', 697.0)"
Fenwick21,Imdevimab,S:477N,Figure 2B,Pseudovirus (lentivirus),IC50,45.0,1.0,10000.0,0.1,ng/ml,2021-10-07,fenwick21-pot.csv,45.0,['477N'],"('Fenwick21', 'Imdevimab', 'S:477N', 45.0)"
Fenwick21,Imdevimab,S:493K,Figure 2B,Pseudovirus (lentivirus),IC50,37.0,1.0,10000.0,0.1,ng/ml,2021-10-07,fenwick21-pot.csv,37.0,['493K'],"('Fenwick21', 'Imdevimab', 'S:493K', 37.0)"
Fenwick21,Imdevimab,S:494P,Figure 2B,Pseudovirus (lentivirus),IC50,43.0,1.0,10000.0,0.1,ng/ml,2021-10-07,fenwick21-pot.csv,43.0,['494P'],"('Fenwick21', 'Imdevimab', 'S:494P', 43.0)"
Fenwick21,Imdevimab,S:484K+501Y,Figure 2B,Pseudovirus (lentivirus),IC50,39.0,1.0,10000.0,0.1,ng/ml,2021-10-07,fenwick21-pot.csv,39.0,"['484K', '501Y']","('Fenwick21', 'Imdevimab', 'S:484K+501Y', 39.0)"
Fenwick21,Imdevimab,S:417N+484K+501Y,Figure 2B,Pseudovirus (lentivirus),IC50,33.0,1.0,10000.0,0.1,ng/ml,2021-10-07,fenwick21-pot.csv,33.0,"['417N', '484K', '501Y']","('Fenwick21', 'Imdevimab', 'S:417N+484K+501Y', 33.0)"
Fenwick21,Casirivimab,S:614G,Figure 3B,SARS-CoV-2 recombinant,IC50,35.0,1.0,10000.0,0.1,ng/ml,2021-10-07,fenwick21-pot.csv,35.0,['614G'],"('Fenwick21', 'Casirivimab', 'S:614G', 35.0)"
Fenwick21,Casirivimab,S:69del+70del+144del+501Y+570D+614G+681H+716I+982A+1118H,Figure 3B,SARS-CoV-2 recombinant,IC50,8.0,1.0,10000.0,0.1,ng/ml,2021-10-07,fenwick21-pot.csv,8.0,"['1118H', '144del', '501Y', '570D', '614G', '681H', '69del', '70del', '716I', '982A']","('Fenwick21', 'Casirivimab', 'S:69del+70del+144del+501Y+570D+614G+681H+716I+982A+1118H', 8.0)"
Fenwick21,Casirivimab,S:18F+80A+215G+242del+243del+244del+246I+417N+484K+501Y+614G+701V,Figure 3B,SARS-CoV-2 recombinant,IC50,3354.0,1.0,10000.0,0.1,ng/ml,2021-10-07,fenwick21-pot.csv,3354.0,"['18F', '215G', '242del', '243del', '244del', '246I', '417N', '484K', '501Y', '614G', '701V', '80A']","('Fenwick21', 'Casirivimab', 'S:18F+80A+215G+242del+243del+244del+246I+417N+484K+501Y+614G+701V', 3354.0)"
Fenwick21,Casirivimab,S:5F+69del+70del+453F+614G+751Y+1250F,Figure 3B,SARS-CoV-2 recombinant,IC50,1064.0,1.0,10000.0,0.1,ng/ml,2021-10-07,fenwick21-pot.csv,1064.0,"['1250F', '453F', '5F', '614G', '69del', '70del', '751Y']","('Fenwick21', 'Casirivimab', 'S:5F+69del+70del+453F+614G+751Y+1250F', 1064.0)"
Fenwick21,Imdevimab,S:614G,Figure 3B,SARS-CoV-2 recombinant,IC50,24.0,1.0,10000.0,0.1,ng/ml,2021-10-07,fenwick21-pot.csv,24.0,['614G'],"('Fenwick21', 'Imdevimab', 'S:614G', 24.0)"
Fenwick21,Imdevimab,S:69del+70del+144del+501Y+570D+614G+681H+716I+982A+1118H,Figure 3B,SARS-CoV-2 recombinant,IC50,4.0,1.0,10000.0,0.1,ng/ml,2021-10-07,fenwick21-pot.csv,4.0,"['1118H', '144del', '501Y', '570D', '614G', '681H', '69del', '70del', '716I', '982A']","('Fenwick21', 'Imdevimab', 'S:69del+70del+144del+501Y+570D+614G+681H+716I+982A+1118H', 4.0)"
Fenwick21,Imdevimab,S:18F+80A+215G+242del+243del+244del+246I+417N+484K+501Y+614G+701V,Figure 3B,SARS-CoV-2 recombinant,IC50,12.0,1.0,10000.0,0.1,ng/ml,2021-10-07,fenwick21-pot.csv,12.0,"['18F', '215G', '242del', '243del', '244del', '246I', '417N', '484K', '501Y', '614G', '701V', '80A']","('Fenwick21', 'Imdevimab', 'S:18F+80A+215G+242del+243del+244del+246I+417N+484K+501Y+614G+701V', 12.0)"
Fenwick21,Imdevimab,S:5F+69del+70del+453F+614G+751Y+1250F,Figure 3B,SARS-CoV-2 recombinant,IC50,6.0,1.0,10000.0,0.1,ng/ml,2021-10-07,fenwick21-pot.csv,6.0,"['1250F', '453F', '5F', '614G', '69del', '70del', '751Y']","('Fenwick21', 'Imdevimab', 'S:5F+69del+70del+453F+614G+751Y+1250F', 6.0)"
Gruell22,Casirivimab,S:69del+70del+144del+501Y+570D+614G+681H+716I+982A+1118H,Fig 2,Pseudovirus (HIV),IC50,0.6,1.0,10000.0,0.1,ng/ml,2022-01-28,gruell22-pot.csv,0.6,"['1118H', '144del', '501Y', '570D', '614G', '681H', '69del', '70del', '716I', '982A']","('Gruell22', 'Casirivimab', 'S:69del+70del+144del+501Y+570D+614G+681H+716I+982A+1118H', 0.6)"
Gruell22,Casirivimab,S:19R+142D+156del+157del+158G+452R+478K+614G+681R+950N,Fig 2,Pseudovirus (HIV),IC50,0.9,1.0,10000.0,0.1,ng/ml,2022-01-28,gruell22-pot.csv,0.9,"['142D', '156del', '157del', '158G', '19R', '452R', '478K', '614G', '681R', '950N']","('Gruell22', 'Casirivimab', 'S:19R+142D+156del+157del+158G+452R+478K+614G+681R+950N', 0.9)"
Gruell22,Casirivimab,S:80A+215G+242del+243del+244del+417N+484K+501Y+570D+614G+701V,Fig 2,Pseudovirus (HIV),IC50,1830.3,1.0,10000.0,0.1,ng/ml,2022-01-28,gruell22-pot.csv,1830.3,"['215G', '242del', '243del', '244del', '417N', '484K', '501Y', '570D', '614G', '701V', '80A']","('Gruell22', 'Casirivimab', 'S:80A+215G+242del+243del+244del+417N+484K+501Y+570D+614G+701V', 1830.3)"
Gruell22,Casirivimab,S:67V+69del+70del+95I+142D+143del+144del+145del+211l+212del+214EPEins+339D+371L+373P+375F+417N+440K+446S+477N+484A+493R+496S+498R+501Y+505H+547K+614G+655Y+679K+681H+764K+796Y+856K+954H+969K+981F,Fig 2,Pseudovirus (HIV),IC50,10000.0,1.0,10000.0,0.1,ng/ml,2022-01-28,gruell22-pot.csv,10000.0,"['142D', '143del', '144del', '145del', '211I', '212del', '339D', '371L', '373P', '375F', '417N', '440K', '446S', '477N', '484A', '493R', '496S', '498R', '501Y', '505H', '547K', '614G', '655Y', '679K', '67V', '681H', '69del', '70del', '764K', '796Y', '856K', '954H', '95I', '969K', '981F']","('Gruell22', 'Casirivimab', 'S:67V+69del+70del+95I+142D+143del+144del+145del+211l+212del+214EPEins+339D+371L+373P+375F+417N+440K+446S+477N+484A+493R+496S+498R+501Y+505H+547K+614G+655Y+679K+681H+764K+796Y+856K+954H+969K+981F', 10000.0)"
Gruell22,Imdevimab,S:69del+70del+144del+501Y+570D+614G+681H+716I+982A+1118H,Fig 2,Pseudovirus (HIV),IC50,0.6,1.0,10000.0,0.1,ng/ml,2022-01-28,gruell22-pot.csv,0.6,"['1118H', '144del', '501Y', '570D', '614G', '681H', '69del', '70del', '716I', '982A']","('Gruell22', 'Imdevimab', 'S:69del+70del+144del+501Y+570D+614G+681H+716I+982A+1118H', 0.6)"
Gruell22,Imdevimab,S:19R+142D+156del+157del+158G+452R+478K+614G+681R+950N,Fig 2,Pseudovirus (HIV),IC50,45.4,1.0,10000.0,0.1,ng/ml,2022-01-28,gruell22-pot.csv,45.4,"['142D', '156del', '157del', '158G', '19R', '452R', '478K', '614G', '681R', '950N']","('Gruell22', 'Imdevimab', 'S:19R+142D+156del+157del+158G+452R+478K+614G+681R+950N', 45.4)"
Gruell22,Imdevimab,S:80A+215G+242del+243del+244del+417N+484K+501Y+570D+614G+701V,Fig 2,Pseudovirus (HIV),IC50,1.1,1.0,10000.0,0.1,ng/ml,2022-01-28,gruell22-pot.csv,1.1,"['215G', '242del', '243del', '244del', '417N', '484K', '501Y', '570D', '614G', '701V', '80A']","('Gruell22', 'Imdevimab', 'S:80A+215G+242del+243del+244del+417N+484K+501Y+570D+614G+701V', 1.1)"
Gruell22,Imdevimab,S:67V+69del+70del+95I+142D+143del+144del+145del+211l+212del+214EPEins+339D+371L+373P+375F+417N+440K+446S+477N+484A+493R+496S+498R+501Y+505H+547K+614G+655Y+679K+681H+764K+796Y+856K+954H+969K+981F,Fig 2,Pseudovirus (HIV),IC50,10000.0,1.0,10000.0,0.1,ng/ml,2022-01-28,gruell22-pot.csv,10000.0,"['142D', '143del', '144del', '145del', '211I', '212del', '339D', '371L', '373P', '375F', '417N', '440K', '446S', '477N', '484A', '493R', '496S', '498R', '501Y', '505H', '547K', '614G', '655Y', '679K', '67V', '681H', '69del', '70del', '764K', '796Y', '856K', '954H', '95I', '969K', '981F']","('Gruell22', 'Imdevimab', 'S:67V+69del+70del+95I+142D+143del+144del+145del+211l+212del+214EPEins+339D+371L+373P+375F+417N+440K+446S+477N+484A+493R+496S+498R+501Y+505H+547K+614G+655Y+679K+681H+764K+796Y+856K+954H+969K+981F', 10000.0)"
Gruell22b,Imdevimab,BA.1 Spike,Figure 4B,Pseudovirus (HIV),IC50,10000.0,1.0,10000.0,5.0,ng/ml,2022-09-09,gruell22b-pot.csv,10000.0,"['142D', '143del', '144del', '145del', '211I', '212del', '339D', '371L', '373P', '375F', '417N', '440K', '446S', '477N', '478K', '484A', '493R', '496S', '498R', '501Y', '505H', '547K', '614G', '655Y', '679K', '67V', '681H', '69del', '70del', '764K', '796Y', '856K', '954H', '95I', '969K', '981F']","('Gruell22b', 'Imdevimab', 'BA.1 Spike', 10000.0)"
Gruell22b,Casirivimab,BA.1 Spike,Figure 4B,Pseudovirus (HIV),IC50,10000.0,1.0,10000.0,5.0,ng/ml,2022-09-09,gruell22b-pot.csv,10000.0,"['142D', '143del', '144del', '145del', '211I', '212del', '339D', '371L', '373P', '375F', '417N', '440K', '446S', '477N', '478K', '484A', '493R', '496S', '498R', '501Y', '505H', '547K', '614G', '655Y', '679K', '67V', '681H', '69del', '70del', '764K', '796Y', '856K', '954H', '95I', '969K', '981F']","('Gruell22b', 'Casirivimab', 'BA.1 Spike', 10000.0)"
Gruell22b,Imdevimab,BA.1.1 Spike,Figure 4B,Pseudovirus (HIV),IC50,10000.0,1.0,10000.0,5.0,ng/ml,2022-09-09,gruell22b-pot.csv,10000.0,"['142D', '143del', '144del', '145del', '211I', '212del', '339D', '346K', '371L', '373P', '375F', '417N', '440K', '446S', '477N', '478K', '484A', '493R', '496S', '498R', '501Y', '505H', '547K', '614G', '655Y', '679K', '67V', '681H', '69del', '70del', '764K', '796Y', '856K', '954H', '95I', '969K', '981F']","('Gruell22b', 'Imdevimab', 'BA.1.1 Spike', 10000.0)"
Gruell22b,Casirivimab,BA.1.1 Spike,Figure 4B,Pseudovirus (HIV),IC50,10000.0,1.0,10000.0,5.0,ng/ml,2022-09-09,gruell22b-pot.csv,10000.0,"['142D', '143del', '144del', '145del', '211I', '212del', '339D', '346K', '371L', '373P', '375F', '417N', '440K', '446S', '477N', '478K', '484A', '493R', '496S', '498R', '501Y', '505H', '547K', '614G', '655Y', '679K', '67V', '681H', '69del', '70del', '764K', '796Y', '856K', '954H', '95I', '969K', '981F']","('Gruell22b', 'Casirivimab', 'BA.1.1 Spike', 10000.0)"
Gruell22b,Imdevimab,BA.2 Spike,Figure 4B,Pseudovirus (HIV),IC50,4173.0,1.0,10000.0,5.0,ng/ml,2022-09-09,gruell22b-pot.csv,4173.0,"['142D', '19I', '213G', '24S', '25del', '26del', '27del', '339D', '371F', '373P', '375F', '376A', '405N', '408S', '417N', '440K', '477N', '478K', '484A', '493R', '498R', '501Y', '505H', '614G', '655Y', '679K', '681H', '764K', '796Y', '954H', '969K']","('Gruell22b', 'Imdevimab', 'BA.2 Spike', 4173.0)"
Gruell22b,Casirivimab,BA.2 Spike,Figure 4B,Pseudovirus (HIV),IC50,10000.0,1.0,10000.0,5.0,ng/ml,2022-09-09,gruell22b-pot.csv,10000.0,"['142D', '19I', '213G', '24S', '25del', '26del', '27del', '339D', '371F', '373P', '375F', '376A', '405N', '408S', '417N', '440K', '477N', '478K', '484A', '493R', '498R', '501Y', '505H', '614G', '655Y', '679K', '681H', '764K', '796Y', '954H', '969K']","('Gruell22b', 'Casirivimab', 'BA.2 Spike', 10000.0)"
Gruell22b,Imdevimab,BA.2.12.1 Spike,Figure 4B,Pseudovirus (HIV),IC50,4624.0,1.0,10000.0,5.0,ng/ml,2022-09-09,gruell22b-pot.csv,4624.0,"['142D', '19I', '213G', '24S', '25del', '26del', '27del', '339D', '371F', '373P', '375F', '376A', '405N', '408S', '417N', '440K', '452Q', '477N', '478K', '484A', '493R', '498R', '501Y', '505H', '614G', '655Y', '679K', '681H', '704L', '764K', '796Y', '954H', '969K']","('Gruell22b', 'Imdevimab', 'BA.2.12.1 Spike', 4624.0)"
Gruell22b,Casirivimab,BA.2.12.1 Spike,Figure 4B,Pseudovirus (HIV),IC50,10000.0,1.0,10000.0,5.0,ng/ml,2022-09-09,gruell22b-pot.csv,10000.0,"['142D', '19I', '213G', '24S', '25del', '26del', '27del', '339D', '371F', '373P', '375F', '376A', '405N', '408S', '417N', '440K', '452Q', '477N', '478K', '484A', '493R', '498R', '501Y', '505H', '614G', '655Y', '679K', '681H', '704L', '764K', '796Y', '954H', '969K']","('Gruell22b', 'Casirivimab', 'BA.2.12.1 Spike', 10000.0)"
Gruell22b,Imdevimab,BA.4/5 Spike,Figure 4B,Pseudovirus (HIV),IC50,3392.0,1.0,10000.0,5.0,ng/ml,2022-09-09,gruell22b-pot.csv,3392.0,"['142D', '19I', '213G', '24S', '25del', '26del', '27del', '339D', '371F', '373P', '375F', '376A', '405N', '408S', '417N', '440K', '452R', '477N', '478K', '484A', '486V', '498R', '501Y', '505H', '614G', '655Y', '679K', '681H', '69del', '70del', '764K', '796Y', '954H', '969K']","('Gruell22b', 'Imdevimab', 'BA.4/5 Spike', 3392.0)"
Gruell22b,Casirivimab,BA.4/5 Spike,Figure 4B,Pseudovirus (HIV),IC50,10000.0,1.0,10000.0,5.0,ng/ml,2022-09-09,gruell22b-pot.csv,10000.0,"['142D', '19I', '213G', '24S', '25del', '26del', '27del', '339D', '371F', '373P', '375F', '376A', '405N', '408S', '417N', '440K', '452R', '477N', '478K', '484A', '486V', '498R', '501Y', '505H', '614G', '655Y', '679K', '681H', '69del', '70del', '764K', '796Y', '954H', '969K']","('Gruell22b', 'Casirivimab', 'BA.4/5 Spike', 10000.0)"
Gruell22c,Imdevimab,B.1 Spike,Figure B,Pseudovirus,IC50,5.0,1.0,10000.0,5.0,ng/ml,2022-08-15,gruell22c-pot.csv,5.0,['614G'],"('Gruell22c', 'Imdevimab', 'B.1 Spike', 5.0)"
Gruell22c,Casirivimab,B.1 Spike,Figure B,Pseudovirus,IC50,5.0,1.0,10000.0,5.0,ng/ml,2022-08-15,gruell22c-pot.csv,5.0,['614G'],"('Gruell22c', 'Casirivimab', 'B.1 Spike', 5.0)"
Gruell22c,Imdevimab,BA.2 Spike,Figure B,Pseudovirus,IC50,2001.0,1.0,10000.0,5.0,ng/ml,2022-08-15,gruell22c-pot.csv,2001.0,"['142D', '19I', '213G', '24S', '25del', '26del', '27del', '339D', '371F', '373P', '375F', '376A', '405N', '408S', '417N', '440K', '477N', '478K', '484A', '493R', '498R', '501Y', '505H', '614G', '655Y', '679K', '681H', '764K', '796Y', '954H', '969K']","('Gruell22c', 'Imdevimab', 'BA.2 Spike', 2001.0)"
Gruell22c,Casirivimab,BA.2 Spike,Figure B,Pseudovirus,IC50,10000.0,1.0,10000.0,5.0,ng/ml,2022-08-15,gruell22c-pot.csv,10000.0,"['142D', '19I', '213G', '24S', '25del', '26del', '27del', '339D', '371F', '373P', '375F', '376A', '405N', '408S', '417N', '440K', '477N', '478K', '484A', '493R', '498R', '501Y', '505H', '614G', '655Y', '679K', '681H', '764K', '796Y', '954H', '969K']","('Gruell22c', 'Casirivimab', 'BA.2 Spike', 10000.0)"
Gruell22c,Imdevimab,BA.4/5 Spike,Figure B,Pseudovirus,IC50,2438.0,1.0,10000.0,5.0,ng/ml,2022-08-15,gruell22c-pot.csv,2438.0,"['142D', '19I', '213G', '24S', '25del', '26del', '27del', '339D', '371F', '373P', '375F', '376A', '405N', '408S', '417N', '440K', '452R', '477N', '478K', '484A', '486V', '498R', '501Y', '505H', '614G', '655Y', '679K', '681H', '69del', '70del', '764K', '796Y', '954H', '969K']","('Gruell22c', 'Imdevimab', 'BA.4/5 Spike', 2438.0)"
Gruell22c,Casirivimab,BA.4/5 Spike,Figure B,Pseudovirus,IC50,10000.0,1.0,10000.0,5.0,ng/ml,2022-08-15,gruell22c-pot.csv,10000.0,"['142D', '19I', '213G', '24S', '25del', '26del', '27del', '339D', '371F', '373P', '375F', '376A', '405N', '408S', '417N', '440K', '452R', '477N', '478K', '484A', '486V', '498R', '501Y', '505H', '614G', '655Y', '679K', '681H', '69del', '70del', '764K', '796Y', '954H', '969K']","('Gruell22c', 'Casirivimab', 'BA.4/5 Spike', 10000.0)"
Gruell22c,Imdevimab,BA.2.12.1 Spike,Figure B,Pseudovirus,IC50,4484.0,1.0,10000.0,5.0,ng/ml,2022-08-15,gruell22c-pot.csv,4484.0,"['142D', '19I', '213G', '24S', '25del', '26del', '27del', '339D', '371F', '373P', '375F', '376A', '405N', '408S', '417N', '440K', '452Q', '477N', '478K', '484A', '493R', '498R', '501Y', '505H', '614G', '655Y', '679K', '681H', '704L', '764K', '796Y', '954H', '969K']","('Gruell22c', 'Imdevimab', 'BA.2.12.1 Spike', 4484.0)"
Gruell22c,Casirivimab,BA.2.12.1 Spike,Figure B,Pseudovirus,IC50,10000.0,1.0,10000.0,5.0,ng/ml,2022-08-15,gruell22c-pot.csv,10000.0,"['142D', '19I', '213G', '24S', '25del', '26del', '27del', '339D', '371F', '373P', '375F', '376A', '405N', '408S', '417N', '440K', '452Q', '477N', '478K', '484A', '493R', '498R', '501Y', '505H', '614G', '655Y', '679K', '681H', '704L', '764K', '796Y', '954H', '969K']","('Gruell22c', 'Casirivimab', 'BA.2.12.1 Spike', 10000.0)"
Gruell22c,Imdevimab,BA.2.75 Spike,Figure B,Pseudovirus,IC50,10000.0,1.0,10000.0,5.0,ng/ml,2022-08-15,gruell22c-pot.csv,10000.0,"['142D', '147E', '152R', '157L', '19I', '210V', '213G', '24S', '257S', '25del', '26del', '27del', '339H', '371F', '373P', '375F', '376A', '405N', '408S', '417N', '440K', '446S', '460K', '477N', '478K', '484A', '498R', '501Y', '505H', '614G', '655Y', '679K', '681H', '764K', '796Y', '954H', '969K']","('Gruell22c', 'Imdevimab', 'BA.2.75 Spike', 10000.0)"
Gruell22c,Casirivimab,BA.2.75 Spike,Figure B,Pseudovirus,IC50,1167.0,1.0,10000.0,5.0,ng/ml,2022-08-15,gruell22c-pot.csv,1167.0,"['142D', '147E', '152R', '157L', '19I', '210V', '213G', '24S', '257S', '25del', '26del', '27del', '339H', '371F', '373P', '375F', '376A', '405N', '408S', '417N', '440K', '446S', '460K', '477N', '478K', '484A', '498R', '501Y', '505H', '614G', '655Y', '679K', '681H', '764K', '796Y', '954H', '969K']","('Gruell22c', 'Casirivimab', 'BA.2.75 Spike', 1167.0)"
Guo23,Casirivimab,BA.2 Spike,Figure 3,Pseudovirus,IC50,50000.0,1.0,50000.0,1.0,ng/ml,2023-04-05,guo23-pot.csv,50000.0,"['142D', '19I', '213G', '24S', '25del', '26del', '27del', '339D', '371F', '373P', '375F', '376A', '405N', '408S', '417N', '440K', '477N', '478K', '484A', '493R', '498R', '501Y', '505H', '614G', '655Y', '679K', '681H', '764K', '796Y', '954H', '969K']","('Guo23', 'Casirivimab', 'BA.2 Spike', 50000.0)"
Guo23,Casirivimab,BA.4/5 Spike,Figure 3,Pseudovirus,IC50,50000.0,1.0,50000.0,1.0,ng/ml,2023-04-05,guo23-pot.csv,50000.0,"['142D', '19I', '213G', '24S', '25del', '26del', '27del', '339D', '371F', '373P', '375F', '376A', '405N', '408S', '417N', '440K', '452R', '477N', '478K', '484A', '486V', '498R', '501Y', '505H', '614G', '655Y', '679K', '681H', '69del', '70del', '764K', '796Y', '954H', '969K']","('Guo23', 'Casirivimab', 'BA.4/5 Spike', 50000.0)"
Guo23,Casirivimab,BA.2.12.1 Spike,Figure 3,Pseudovirus,IC50,6654.0,1.0,50000.0,1.0,ng/ml,2023-04-05,guo23-pot.csv,6654.0,"['142D', '19I', '213G', '24S', '25del', '26del', '27del', '339D', '371F', '373P', '375F', '376A', '405N', '408S', '417N', '440K', '452Q', '477N', '478K', '484A', '493R', '498R', '501Y', '505H', '614G', '655Y', '679K', '681H', '704L', '764K', '796Y', '954H', '969K']","('Guo23', 'Casirivimab', 'BA.2.12.1 Spike', 6654.0)"
Guo23,Casirivimab,BA.2.75 Spike,Figure 3,Pseudovirus,IC50,2206.0,1.0,50000.0,1.0,ng/ml,2023-04-05,guo23-pot.csv,2206.0,"['142D', '147E', '152R', '157L', '19I', '210V', '213G', '24S', '257S', '25del', '26del', '27del', '339H', '371F', '373P', '375F', '376A', '405N', '408S', '417N', '440K', '446S', '460K', '477N', '478K', '484A', '498R', '501Y', '505H', '614G', '655Y', '679K', '681H', '764K', '796Y', '954H', '969K']","('Guo23', 'Casirivimab', 'BA.2.75 Spike', 2206.0)"
Guo23,Casirivimab,BA.2.75 Spike:+R346T,Figure 3,Pseudovirus,IC50,3256.0,1.0,50000.0,1.0,ng/ml,2023-04-05,guo23-pot.csv,3256.0,"['142D', '147E', '152R', '157L', '19I', '210V', '213G', '24S', '257S', '25del', '26del', '27del', '339H', '346T', '371F', '373P', '375F', '376A', '405N', '408S', '417N', '440K', '446S', '460K', '477N', '478K', '484A', '498R', '501Y', '505H', '614G', '655Y', '679K', '681H', '764K', '796Y', '954H', '969K']","('Guo23', 'Casirivimab', 'BA.2.75 Spike:+R346T', 3256.0)"
Guo23,Casirivimab,BA.2.75 Spike:K356T,Figure 3,Pseudovirus,IC50,8842.0,1.0,50000.0,1.0,ng/ml,2023-04-05,guo23-pot.csv,8842.0,"['142D', '147E', '152R', '157L', '19I', '210V', '213G', '24S', '257S', '25del', '26del', '27del', '339H', '356T', '371F', '373P', '375F', '376A', '405N', '408S', '417N', '440K', '446S', '460K', '477N', '478K', '484A', '498R', '501Y', '505H', '614G', '655Y', '679K', '681H', '764K', '796Y', '954H', '969K']","('Guo23', 'Casirivimab', 'BA.2.75 Spike:K356T', 8842.0)"
Guo23,Casirivimab,BA.2.75 Spike:L452R,Figure 3,Pseudovirus,IC50,4514.0,1.0,50000.0,1.0,ng/ml,2023-04-05,guo23-pot.csv,4514.0,"['142D', '147E', '152R', '157L', '19I', '210V', '213G', '24S', '257S', '25del', '26del', '27del', '339H', '371F', '373P', '375F', '376A', '405N', '408S', '417N', '440K', '446S', '452R', '460K', '477N', '478K', '484A', '498R', '501Y', '505H', '614G', '655Y', '679K', '681H', '764K', '796Y', '954H', '969K']","('Guo23', 'Casirivimab', 'BA.2.75 Spike:L452R', 4514.0)"
Guo23,Casirivimab,BA.2.75 Spike:+F486S,Figure 3,Pseudovirus,IC50,50000.0,1.0,50000.0,1.0,ng/ml,2023-04-05,guo23-pot.csv,50000.0,"['142D', '147E', '152R', '157L', '19I', '210V', '213G', '24S', '257S', '25del', '26del', '27del', '339H', '371F', '373P', '375F', '376A', '405N', '408S', '417N', '440K', '446S', '460K', '477N', '478K', '484A', '486S', '498R', '501Y', '505H', '614G', '655Y', '679K', '681H', '764K', '796Y', '954H', '969K']","('Guo23', 'Casirivimab', 'BA.2.75 Spike:+F486S', 50000.0)"
Guo23,Imdevimab,BA.2 Spike,Figure 3,Pseudovirus,IC50,4538.0,1.0,50000.0,1.0,ng/ml,2023-04-05,guo23-pot.csv,4538.0,"['142D', '19I', '213G', '24S', '25del', '26del', '27del', '339D', '371F', '373P', '375F', '376A', '405N', '408S', '417N', '440K', '477N', '478K', '484A', '493R', '498R', '501Y', '505H', '614G', '655Y', '679K', '681H', '764K', '796Y', '954H', '969K']","('Guo23', 'Imdevimab', 'BA.2 Spike', 4538.0)"
Guo23,Imdevimab,BA.4/5 Spike,Figure 3,Pseudovirus,IC50,1197.0,1.0,50000.0,1.0,ng/ml,2023-04-05,guo23-pot.csv,1197.0,"['142D', '19I', '213G', '24S', '25del', '26del', '27del', '339D', '371F', '373P', '375F', '376A', '405N', '408S', '417N', '440K', '452R', '477N', '478K', '484A', '486V', '498R', '501Y', '505H', '614G', '655Y', '679K', '681H', '69del', '70del', '764K', '796Y', '954H', '969K']","('Guo23', 'Imdevimab', 'BA.4/5 Spike', 1197.0)"
Guo23,Imdevimab,BA.2.12.1 Spike,Figure 3,Pseudovirus,IC50,2635.0,1.0,50000.0,1.0,ng/ml,2023-04-05,guo23-pot.csv,2635.0,"['142D', '19I', '213G', '24S', '25del', '26del', '27del', '339D', '371F', '373P', '375F', '376A', '405N', '408S', '417N', '440K', '452Q', '477N', '478K', '484A', '493R', '498R', '501Y', '505H', '614G', '655Y', '679K', '681H', '704L', '764K', '796Y', '954H', '969K']","('Guo23', 'Imdevimab', 'BA.2.12.1 Spike', 2635.0)"
Guo23,Imdevimab,BA.2.75 Spike,Figure 3,Pseudovirus,IC50,50000.0,1.0,50000.0,1.0,ng/ml,2023-04-05,guo23-pot.csv,50000.0,"['142D', '147E', '152R', '157L', '19I', '210V', '213G', '24S', '257S', '25del', '26del', '27del', '339H', '371F', '373P', '375F', '376A', '405N', '408S', '417N', '440K', '446S', '460K', '477N', '478K', '484A', '498R', '501Y', '505H', '614G', '655Y', '679K', '681H', '764K', '796Y', '954H', '969K']","('Guo23', 'Imdevimab', 'BA.2.75 Spike', 50000.0)"
Guo23,Imdevimab,BA.2.75 Spike:+R346T,Figure 3,Pseudovirus,IC50,50000.0,1.0,50000.0,1.0,ng/ml,2023-04-05,guo23-pot.csv,50000.0,"['142D', '147E', '152R', '157L', '19I', '210V', '213G', '24S', '257S', '25del', '26del', '27del', '339H', '346T', '371F', '373P', '375F', '376A', '405N', '408S', '417N', '440K', '446S', '460K', '477N', '478K', '484A', '498R', '501Y', '505H', '614G', '655Y', '679K', '681H', '764K', '796Y', '954H', '969K']","('Guo23', 'Imdevimab', 'BA.2.75 Spike:+R346T', 50000.0)"
Guo23,Imdevimab,BA.2.75 Spike:K356T,Figure 3,Pseudovirus,IC50,50000.0,1.0,50000.0,1.0,ng/ml,2023-04-05,guo23-pot.csv,50000.0,"['142D', '147E', '152R', '157L', '19I', '210V', '213G', '24S', '257S', '25del', '26del', '27del', '339H', '356T', '371F', '373P', '375F', '376A', '405N', '408S', '417N', '440K', '446S', '460K', '477N', '478K', '484A', '498R', '501Y', '505H', '614G', '655Y', '679K', '681H', '764K', '796Y', '954H', '969K']","('Guo23', 'Imdevimab', 'BA.2.75 Spike:K356T', 50000.0)"
Guo23,Imdevimab,BA.2.75 Spike:L452R,Figure 3,Pseudovirus,IC50,50000.0,1.0,50000.0,1.0,ng/ml,2023-04-05,guo23-pot.csv,50000.0,"['142D', '147E', '152R', '157L', '19I', '210V', '213G', '24S', '257S', '25del', '26del', '27del', '339H', '371F', '373P', '375F', '376A', '405N', '408S', '417N', '440K', '446S', '452R', '460K', '477N', '478K', '484A', '498R', '501Y', '505H', '614G', '655Y', '679K', '681H', '764K', '796Y', '954H', '969K']","('Guo23', 'Imdevimab', 'BA.2.75 Spike:L452R', 50000.0)"
Guo23,Imdevimab,BA.2.75 Spike:+F486S,Figure 3,Pseudovirus,IC50,50000.0,1.0,50000.0,1.0,ng/ml,2023-04-05,guo23-pot.csv,50000.0,"['142D', '147E', '152R', '157L', '19I', '210V', '213G', '24S', '257S', '25del', '26del', '27del', '339H', '371F', '373P', '375F', '376A', '405N', '408S', '417N', '440K', '446S', '460K', '477N', '478K', '484A', '486S', '498R', '501Y', '505H', '614G', '655Y', '679K', '681H', '764K', '796Y', '954H', '969K']","('Guo23', 'Imdevimab', 'BA.2.75 Spike:+F486S', 50000.0)"
He23,Casirivimab,B.1 Spike,Figure 1,Pseudovirus (VSV),IC50,11.0,1.0,100000.0,1.0,ng/ml,2023-04-10,he23-pot.csv,11.0,['614G'],"('He23', 'Casirivimab', 'B.1 Spike', 11.0)"
He23,Casirivimab,B.1.617.2 Spike,Figure 1,Pseudovirus (VSV),IC50,5.0,1.0,100000.0,1.0,ng/ml,2023-04-10,he23-pot.csv,5.0,"['156G', '157del', '158del', '19R', '452R', '478K', '614G', '681R', '950N']","('He23', 'Casirivimab', 'B.1.617.2 Spike', 5.0)"
He23,Casirivimab,BA.1 Spike,Figure 1,Pseudovirus (VSV),IC50,100000.0,1.0,100000.0,1.0,ng/ml,2023-04-10,he23-pot.csv,100000.0,"['142D', '143del', '144del', '145del', '211I', '212del', '339D', '371L', '373P', '375F', '417N', '440K', '446S', '477N', '478K', '484A', '493R', '496S', '498R', '501Y', '505H', '547K', '614G', '655Y', '679K', '67V', '681H', '69del', '70del', '764K', '796Y', '856K', '954H', '95I', '969K', '981F']","('He23', 'Casirivimab', 'BA.1 Spike', 100000.0)"
He23,Casirivimab,BA.1.1 Spike,Figure 1,Pseudovirus (VSV),IC50,100000.0,1.0,100000.0,1.0,ng/ml,2023-04-10,he23-pot.csv,100000.0,"['142D', '143del', '144del', '145del', '211I', '212del', '339D', '346K', '371L', '373P', '375F', '417N', '440K', '446S', '477N', '478K', '484A', '493R', '496S', '498R', '501Y', '505H', '547K', '614G', '655Y', '679K', '67V', '681H', '69del', '70del', '764K', '796Y', '856K', '954H', '95I', '969K', '981F']","('He23', 'Casirivimab', 'BA.1.1 Spike', 100000.0)"
He23,Casirivimab,BA.2 Spike,Figure 1,Pseudovirus (VSV),IC50,100000.0,1.0,100000.0,1.0,ng/ml,2023-04-10,he23-pot.csv,100000.0,"['142D', '19I', '213G', '24S', '25del', '26del', '27del', '339D', '371F', '373P', '375F', '376A', '405N', '408S', '417N', '440K', '477N', '478K', '484A', '493R', '498R', '501Y', '505H', '614G', '655Y', '679K', '681H', '764K', '796Y', '954H', '969K']","('He23', 'Casirivimab', 'BA.2 Spike', 100000.0)"
He23,Casirivimab,BA.2.12.1 Spike,Figure 1,Pseudovirus (VSV),IC50,100000.0,1.0,100000.0,1.0,ng/ml,2023-04-10,he23-pot.csv,100000.0,"['142D', '19I', '213G', '24S', '25del', '26del', '27del', '339D', '371F', '373P', '375F', '376A', '405N', '408S', '417N', '440K', '452Q', '477N', '478K', '484A', '493R', '498R', '501Y', '505H', '614G', '655Y', '679K', '681H', '704L', '764K', '796Y', '954H', '969K']","('He23', 'Casirivimab', 'BA.2.12.1 Spike', 100000.0)"
He23,Casirivimab,BA.2.13 Spike,Figure 1,Pseudovirus (VSV),IC50,100000.0,1.0,100000.0,1.0,ng/ml,2023-04-10,he23-pot.csv,100000.0,"['142D', '19I', '213G', '24S', '25del', '26del', '27del', '339D', '371F', '373P', '375F', '376A', '405N', '408S', '417N', '440K', '452M', '477N', '478K', '484A', '493R', '498R', '501Y', '505H', '614G', '655Y', '679K', '681H', '764K', '796Y', '954H', '969K']","('He23', 'Casirivimab', 'BA.2.13 Spike', 100000.0)"
He23,Casirivimab,BA.2.75 Spike,Figure 1,Pseudovirus (VSV),IC50,5296.0,1.0,100000.0,1.0,ng/ml,2023-04-10,he23-pot.csv,5296.0,"['142D', '147E', '152R', '157L', '19I', '210V', '213G', '24S', '257S', '25del', '26del', '27del', '339H', '371F', '373P', '375F', '376A', '405N', '408S', '417N', '440K', '446S', '460K', '477N', '478K', '484A', '498R', '501Y', '505H', '614G', '655Y', '679K', '681H', '764K', '796Y', '954H', '969K']","('He23', 'Casirivimab', 'BA.2.75 Spike', 5296.0)"
He23,Casirivimab,BA.3 Spike,Figure 1,Pseudovirus (VSV),IC50,100000.0,1.0,100000.0,1.0,ng/ml,2023-04-10,he23-pot.csv,100000.0,"['142D', '143del', '144del', '145del', '211I', '212del', '339D', '371F', '373P', '375F', '405N', '417N', '440K', '446S', '477N', '478K', '484A', '493R', '498R', '501Y', '505H', '614G', '655Y', '679K', '67V', '681H', '69del', '70del', '764K', '796Y', '954H', '95I', '969K']","('He23', 'Casirivimab', 'BA.3 Spike', 100000.0)"
He23,Casirivimab,BA.4/5 Spike,Figure 1,Pseudovirus (VSV),IC50,100000.0,1.0,100000.0,1.0,ng/ml,2023-04-10,he23-pot.csv,100000.0,"['142D', '19I', '213G', '24S', '25del', '26del', '27del', '339D', '371F', '373P', '375F', '376A', '405N', '408S', '417N', '440K', '452R', '477N', '478K', '484A', '486V', '498R', '501Y', '505H', '614G', '655Y', '679K', '681H', '69del', '70del', '764K', '796Y', '954H', '969K']","('He23', 'Casirivimab', 'BA.4/5 Spike', 100000.0)"
He23,Casirivimab,BQ.1.1 Spike,Figure 1,Pseudovirus (VSV),IC50,100000.0,1.0,100000.0,1.0,ng/ml,2023-04-10,he23-pot.csv,100000.0,"['142D', '19I', '213G', '24S', '25del', '26del', '27del', '339D', '346T', '371F', '373P', '375F', '376A', '405N', '408S', '417N', '440K', '444T', '452R', '460K', '477N', '478K', '484A', '486V', '498R', '501Y', '505H', '614G', '655Y', '679K', '681H', '69del', '70del', '764K', '796Y', '954H', '969K']","('He23', 'Casirivimab', 'BQ.1.1 Spike', 100000.0)"
He23,Casirivimab,XBB Spike,Figure 1,Pseudovirus (VSV),IC50,100000.0,1.0,100000.0,1.0,ng/ml,2023-04-10,he23-pot.csv,100000.0,"['142D', '144del', '146Q', '183E', '19I', '213E', '24S', '25del', '26del', '27del', '339H', '346T', '368I', '371F', '373P', '375F', '376A', '405N', '408S', '417N', '440K', '445P', '446S', '460K', '477N', '478K', '484A', '486S', '490S', '498R', '501Y', '505H', '614G', '655Y', '679K', '681H', '764K', '796Y', '83A', '954H', '969K']","('He23', 'Casirivimab', 'XBB Spike', 100000.0)"
He23,Imdevimab,B.1 Spike,Figure 1,Pseudovirus (VSV),IC50,6.0,1.0,100000.0,1.0,ng/ml,2023-04-10,he23-pot.csv,6.0,['614G'],"('He23', 'Imdevimab', 'B.1 Spike', 6.0)"
He23,Imdevimab,B.1.617.2 Spike,Figure 1,Pseudovirus (VSV),IC50,6.0,1.0,100000.0,1.0,ng/ml,2023-04-10,he23-pot.csv,6.0,"['156G', '157del', '158del', '19R', '452R', '478K', '614G', '681R', '950N']","('He23', 'Imdevimab', 'B.1.617.2 Spike', 6.0)"
He23,Imdevimab,BA.1 Spike,Figure 1,Pseudovirus (VSV),IC50,100000.0,1.0,100000.0,1.0,ng/ml,2023-04-10,he23-pot.csv,100000.0,"['142D', '143del', '144del', '145del', '211I', '212del', '339D', '371L', '373P', '375F', '417N', '440K', '446S', '477N', '478K', '484A', '493R', '496S', '498R', '501Y', '505H', '547K', '614G', '655Y', '679K', '67V', '681H', '69del', '70del', '764K', '796Y', '856K', '954H', '95I', '969K', '981F']","('He23', 'Imdevimab', 'BA.1 Spike', 100000.0)"
He23,Imdevimab,BA.1.1 Spike,Figure 1,Pseudovirus (VSV),IC50,100000.0,1.0,100000.0,1.0,ng/ml,2023-04-10,he23-pot.csv,100000.0,"['142D', '143del', '144del', '145del', '211I', '212del', '339D', '346K', '371L', '373P', '375F', '417N', '440K', '446S', '477N', '478K', '484A', '493R', '496S', '498R', '501Y', '505H', '547K', '614G', '655Y', '679K', '67V', '681H', '69del', '70del', '764K', '796Y', '856K', '954H', '95I', '969K', '981F']","('He23', 'Imdevimab', 'BA.1.1 Spike', 100000.0)"
He23,Imdevimab,BA.2 Spike,Figure 1,Pseudovirus (VSV),IC50,673.3,1.0,100000.0,1.0,ng/ml,2023-04-10,he23-pot.csv,673.3,"['142D', '19I', '213G', '24S', '25del', '26del', '27del', '339D', '371F', '373P', '375F', '376A', '405N', '408S', '417N', '440K', '477N', '478K', '484A', '493R', '498R', '501Y', '505H', '614G', '655Y', '679K', '681H', '764K', '796Y', '954H', '969K']","('He23', 'Imdevimab', 'BA.2 Spike', 673.3)"
He23,Imdevimab,BA.2.12.1 Spike,Figure 1,Pseudovirus (VSV),IC50,749.3,1.0,100000.0,1.0,ng/ml,2023-04-10,he23-pot.csv,749.3,"['142D', '19I', '213G', '24S', '25del', '26del', '27del', '339D', '371F', '373P', '375F', '376A', '405N', '408S', '417N', '440K', '452Q', '477N', '478K', '484A', '493R', '498R', '501Y', '505H', '614G', '655Y', '679K', '681H', '704L', '764K', '796Y', '954H', '969K']","('He23', 'Imdevimab', 'BA.2.12.1 Spike', 749.3)"
He23,Imdevimab,BA.2.13 Spike,Figure 1,Pseudovirus (VSV),IC50,710.1,1.0,100000.0,1.0,ng/ml,2023-04-10,he23-pot.csv,710.1,"['142D', '19I', '213G', '24S', '25del', '26del', '27del', '339D', '371F', '373P', '375F', '376A', '405N', '408S', '417N', '440K', '452M', '477N', '478K', '484A', '493R', '498R', '501Y', '505H', '614G', '655Y', '679K', '681H', '764K', '796Y', '954H', '969K']","('He23', 'Imdevimab', 'BA.2.13 Spike', 710.1)"
He23,Imdevimab,BA.2.75 Spike,Figure 1,Pseudovirus (VSV),IC50,100000.0,1.0,100000.0,1.0,ng/ml,2023-04-10,he23-pot.csv,100000.0,"['142D', '147E', '152R', '157L', '19I', '210V', '213G', '24S', '257S', '25del', '26del', '27del', '339H', '371F', '373P', '375F', '376A', '405N', '408S', '417N', '440K', '446S', '460K', '477N', '478K', '484A', '498R', '501Y', '505H', '614G', '655Y', '679K', '681H', '764K', '796Y', '954H', '969K']","('He23', 'Imdevimab', 'BA.2.75 Spike', 100000.0)"
He23,Imdevimab,BA.3 Spike,Figure 1,Pseudovirus (VSV),IC50,100000.0,1.0,100000.0,1.0,ng/ml,2023-04-10,he23-pot.csv,100000.0,"['142D', '143del', '144del', '145del', '211I', '212del', '339D', '371F', '373P', '375F', '405N', '417N', '440K', '446S', '477N', '478K', '484A', '493R', '498R', '501Y', '505H', '614G', '655Y', '679K', '67V', '681H', '69del', '70del', '764K', '796Y', '954H', '95I', '969K']","('He23', 'Imdevimab', 'BA.3 Spike', 100000.0)"
He23,Imdevimab,BA.4/5 Spike,Figure 1,Pseudovirus (VSV),IC50,595.2,1.0,100000.0,1.0,ng/ml,2023-04-10,he23-pot.csv,595.2,"['142D', '19I', '213G', '24S', '25del', '26del', '27del', '339D', '371F', '373P', '375F', '376A', '405N', '408S', '417N', '440K', '452R', '477N', '478K', '484A', '486V', '498R', '501Y', '505H', '614G', '655Y', '679K', '681H', '69del', '70del', '764K', '796Y', '954H', '969K']","('He23', 'Imdevimab', 'BA.4/5 Spike', 595.2)"
He23,Imdevimab,BQ.1.1 Spike,Figure 1,Pseudovirus (VSV),IC50,100000.0,1.0,100000.0,1.0,ng/ml,2023-04-10,he23-pot.csv,100000.0,"['142D', '19I', '213G', '24S', '25del', '26del', '27del', '339D', '346T', '371F', '373P', '375F', '376A', '405N', '408S', '417N', '440K', '444T', '452R', '460K', '477N', '478K', '484A', '486V', '498R', '501Y', '505H', '614G', '655Y', '679K', '681H', '69del', '70del', '764K', '796Y', '954H', '969K']","('He23', 'Imdevimab', 'BQ.1.1 Spike', 100000.0)"
He23,Imdevimab,XBB Spike,Figure 1,Pseudovirus (VSV),IC50,100000.0,1.0,100000.0,1.0,ng/ml,2023-04-10,he23-pot.csv,100000.0,"['142D', '144del', '146Q', '183E', '19I', '213E', '24S', '25del', '26del', '27del', '339H', '346T', '368I', '371F', '373P', '375F', '376A', '405N', '408S', '417N', '440K', '445P', '446S', '460K', '477N', '478K', '484A', '486S', '490S', '498R', '501Y', '505H', '614G', '655Y', '679K', '681H', '764K', '796Y', '83A', '954H', '969K']","('He23', 'Imdevimab', 'XBB Spike', 100000.0)"
Hoffmann21,Imdevimab,S:614G,Figure 6,Pseudovirus (VSV),IC50,0.87332616,1.0,10.0,,ng/ml,2021-02-12,hoffmann21-pot.csv,0.87332616,['614G'],"('Hoffmann21', 'Imdevimab', 'S:614G', 0.8733)"
Hoffmann21,Casirivimab,S:614G,Figure 6,Pseudovirus (VSV),IC50,0.95499259,1.0,10.0,,ng/ml,2021-02-12,hoffmann21-pot.csv,0.95499259,['614G'],"('Hoffmann21', 'Casirivimab', 'S:614G', 0.955)"
Hoffmann21,Imdevimab,B.1.1.7 Spike,Figure 6,Pseudovirus (VSV),IC50,0.87332616,1.0,10.0,,ng/ml,2021-02-12,hoffmann21-pot.csv,0.87332616,"['1118H', '144del', '501Y', '570D', '614G', '681H', '69del', '70del', '716I', '982A']","('Hoffmann21', 'Imdevimab', 'B.1.1.7 Spike', 0.8733)"
Hoffmann21,Imdevimab,B.1.351 Spike,Figure 6,Pseudovirus (VSV),IC50,0.87332616,1.0,10.0,,ng/ml,2021-02-12,hoffmann21-pot.csv,0.87332616,"['18F', '215G', '242del', '243del', '244del', '246I', '417N', '484K', '501Y', '614G', '701V', '80A']","('Hoffmann21', 'Imdevimab', 'B.1.351 Spike', 0.8733)"
Hoffmann21,Imdevimab,P.1 Spike,Figure 6,Pseudovirus (VSV),IC50,0.58170913,1.0,10.0,,ng/ml,2021-02-12,hoffmann21-pot.csv,0.58170913,"['1027I', '1176F', '138Y', '18F', '190S', '20N', '26S', '417T', '484K', '501Y', '614G', '655Y']","('Hoffmann21', 'Imdevimab', 'P.1 Spike', 0.5817)"
Hoffmann21,Casirivimab,B.1.1.7 Spike,Figure 6,Pseudovirus (VSV),IC50,1.90546072,1.0,10.0,,ng/ml,2021-02-12,hoffmann21-pot.csv,1.90546072,"['1118H', '144del', '501Y', '570D', '614G', '681H', '69del', '70del', '716I', '982A']","('Hoffmann21', 'Casirivimab', 'B.1.1.7 Spike', 1.9055)"
Hoffmann21,Casirivimab,B.1.351 Spike,Figure 6,Pseudovirus (VSV),IC50,45.708819,1.0,10.0,,ng/ml,2021-02-12,hoffmann21-pot.csv,10.0,"['18F', '215G', '242del', '243del', '244del', '246I', '417N', '484K', '501Y', '614G', '701V', '80A']","('Hoffmann21', 'Casirivimab', 'B.1.351 Spike', 10.0)"
Hoffmann21,Casirivimab,P.1 Spike,Figure 6,Pseudovirus (VSV),IC50,15.1356125,1.0,10.0,,ng/ml,2021-02-12,hoffmann21-pot.csv,10.0,"['1027I', '1176F', '138Y', '18F', '190S', '20N', '26S', '417T', '484K', '501Y', '614G', '655Y']","('Hoffmann21', 'Casirivimab', 'P.1 Spike', 10.0)"
Hoffmann21b,Casirivimab,S:614G,Figure 3B,Pseudovirus (VSV),IC50,14.6,1.0,5000.0,0.5,ng/ml,2021-07-08,hoffmann21b-pot.csv,14.6,['614G'],"('Hoffmann21b', 'Casirivimab', 'S:614G', 14.6)"
Hoffmann21b,Imdevimab,S:614G,Figure 3B,Pseudovirus (VSV),IC50,8.5,1.0,5000.0,0.5,ng/ml,2021-07-08,hoffmann21b-pot.csv,8.5,['614G'],"('Hoffmann21b', 'Imdevimab', 'S:614G', 8.5)"
Hoffmann21b,Casirivimab,S:453F+614G,Figure 3B,Pseudovirus (VSV),IC50,639.7,1.0,5000.0,0.5,ng/ml,2021-02-17,hoffmann21b-pot.csv,639.7,"['453F', '614G']","('Hoffmann21b', 'Casirivimab', 'S:453F+614G', 639.7)"
Hoffmann21b,Imdevimab,S:453F+614G,Figure 3B,Pseudovirus (VSV),IC50,13.4,1.0,5000.0,0.5,ng/ml,2021-02-17,hoffmann21b-pot.csv,13.4,"['453F', '614G']","('Hoffmann21b', 'Imdevimab', 'S:453F+614G', 13.4)"
Hoffmann21c,Casirivimab,S:614G,Figure 4,Pseudovirus (VSV),IC50,2.894,1.0,10000.0,0.1,ng/ml,2021-05-09,hoffmann21c-pot.csv,2.894,['614G'],"('Hoffmann21c', 'Casirivimab', 'S:614G', 2.894)"
Hoffmann21c,Casirivimab,B.1.617.1_1360382 Spike,Figure 4,Pseudovirus (VSV),IC50,11.938,1.0,10000.0,0.1,ng/ml,2021-05-09,hoffmann21c-pot.csv,11.938,"['1101D', '154K', '218H', '21T', '452R', '484Q', '614G', '681R']","('Hoffmann21c', 'Casirivimab', 'B.1.617.1_1360382 Spike', 11.938)"
Hoffmann21c,Casirivimab,B.1.351 Spike,Figure 4,Pseudovirus (VSV),IC50,11.938,1.0,10000.0,0.1,ng/ml,2021-05-09,hoffmann21c-pot.csv,11.938,"['18F', '215G', '242del', '243del', '244del', '246I', '417N', '484K', '501Y', '614G', '701V', '80A']","('Hoffmann21c', 'Casirivimab', 'B.1.351 Spike', 11.938)"
Hoffmann21c,Imdevimab,S:614G,Figure 4,Pseudovirus (VSV),IC50,0.887,1.0,10000.0,0.1,ng/ml,2021-05-09,hoffmann21c-pot.csv,0.887,['614G'],"('Hoffmann21c', 'Imdevimab', 'S:614G', 0.887)"
Hoffmann21c,Imdevimab,B.1.617.1_1360382 Spike,Figure 4,Pseudovirus (VSV),IC50,0.887,1.0,10000.0,0.1,ng/ml,2021-05-09,hoffmann21c-pot.csv,0.887,"['1101D', '154K', '218H', '21T', '452R', '484Q', '614G', '681R']","('Hoffmann21c', 'Imdevimab', 'B.1.617.1_1360382 Spike', 0.887)"
Hoffmann21c,Imdevimab,B.1.351 Spike,Figure 4,Pseudovirus (VSV),IC50,0.887,1.0,10000.0,0.1,ng/ml,2021-05-09,hoffmann21c-pot.csv,0.887,"['18F', '215G', '242del', '243del', '244del', '246I', '417N', '484K', '501Y', '614G', '701V', '80A']","('Hoffmann21c', 'Imdevimab', 'B.1.351 Spike', 0.887)"
Hoffmann22,Casirivimab,S:614G,Figure 2C,Pseudovirus (VSV),IC50,4.0,1.0,10000.0,0.1,ng/ml,2021-12-30,hoffmann22-pot.csv,4.0,['614G'],"('Hoffmann22', 'Casirivimab', 'S:614G', 4.0)"
Hoffmann22,Casirivimab,S:67V+69del+70del+95I+142D+143del+144del+145del+211I+212del+214EPEins+339D+371L+373P+375F+417N+440K+446S+477N+478K+484A+493R+496S+498R+501Y+505H+547K+614G+655Y+679K+681H+764K+796Y+856K+954H+969K+981F,Figure 2C,Pseudovirus (VSV),IC50,963.0,1.0,10000.0,0.1,ng/ml,2021-12-30,hoffmann22-pot.csv,963.0,"['142D', '143del', '144del', '145del', '211I', '212del', '339D', '371L', '373P', '375F', '417N', '440K', '446S', '477N', '478K', '484A', '493R', '496S', '498R', '501Y', '505H', '547K', '614G', '655Y', '679K', '67V', '681H', '69del', '70del', '764K', '796Y', '856K', '954H', '95I', '969K', '981F']","('Hoffmann22', 'Casirivimab', 'S:67V+69del+70del+95I+142D+143del+144del+145del+211I+212del+214EPEins+339D+371L+373P+375F+417N+440K+446S+477N+478K+484A+493R+496S+498R+501Y+505H+547K+614G+655Y+679K+681H+764K+796Y+856K+954H+969K+981F', 963.0)"
Hoffmann22,Imdevimab,S:614G,Figure 2C,Pseudovirus (VSV),IC50,9.0,1.0,10000.0,0.1,ng/ml,2021-12-30,hoffmann22-pot.csv,9.0,['614G'],"('Hoffmann22', 'Imdevimab', 'S:614G', 9.0)"
Hoffmann22,Imdevimab,S:67V+69del+70del+95I+142D+143del+144del+145del+211I+212del+214EPEins+339D+371L+373P+375F+417N+440K+446S+477N+478K+484A+493R+496S+498R+501Y+505H+547K+614G+655Y+679K+681H+764K+796Y+856K+954H+969K+981F,Figure 2C,Pseudovirus (VSV),IC50,10000.0,1.0,10000.0,0.1,ng/ml,2021-12-30,hoffmann22-pot.csv,10000.0,"['142D', '143del', '144del', '145del', '211I', '212del', '339D', '371L', '373P', '375F', '417N', '440K', '446S', '477N', '478K', '484A', '493R', '496S', '498R', '501Y', '505H', '547K', '614G', '655Y', '679K', '67V', '681H', '69del', '70del', '764K', '796Y', '856K', '954H', '95I', '969K', '981F']","('Hoffmann22', 'Imdevimab', 'S:67V+69del+70del+95I+142D+143del+144del+145del+211I+212del+214EPEins+339D+371L+373P+375F+417N+440K+446S+477N+478K+484A+493R+496S+498R+501Y+505H+547K+614G+655Y+679K+681H+764K+796Y+856K+954H+969K+981F', 10000.0)"
Hoffmann22,Casirivimab+Imdevimab,S:614G,Figure 2C,Pseudovirus (VSV),IC50,4.0,1.0,10000.0,0.1,ng/ml,2021-12-30,hoffmann22-pot.csv,4.0,['614G'],"('Hoffmann22', 'Casirivimab+Imdevimab', 'S:614G', 4.0)"
Hoffmann22,Casirivimab+Imdevimab,S:67V+69del+70del+95I+142D+143del+144del+145del+211I+212del+214EPEins+339D+371L+373P+375F+417N+440K+446S+477N+478K+484A+493R+496S+498R+501Y+505H+547K+614G+655Y+679K+681H+764K+796Y+856K+954H+969K+981F,Figure 2C,Pseudovirus (VSV),IC50,797.0,1.0,10000.0,0.1,ng/ml,2021-12-30,hoffmann22-pot.csv,797.0,"['142D', '143del', '144del', '145del', '211I', '212del', '339D', '371L', '373P', '375F', '417N', '440K', '446S', '477N', '478K', '484A', '493R', '496S', '498R', '501Y', '505H', '547K', '614G', '655Y', '679K', '67V', '681H', '69del', '70del', '764K', '796Y', '856K', '954H', '95I', '969K', '981F']","('Hoffmann22', 'Casirivimab+Imdevimab', 'S:67V+69del+70del+95I+142D+143del+144del+145del+211I+212del+214EPEins+339D+371L+373P+375F+417N+440K+446S+477N+478K+484A+493R+496S+498R+501Y+505H+547K+614G+655Y+679K+681H+764K+796Y+856K+954H+969K+981F', 797.0)"
Huang22,Casirivimab,S:67V+69del+70del+95I+142D+143del+144del+145del+211I+212del+214EPEins+339D+371L+373P+375F+417N+440K+446S+477N+478K+484A+493R+496S+498R+501Y+505H+547K+614G+655Y+679K+681H+764K+796Y+856K+954H+969K+981F,Figure 2,Pseudovirus (VSV),IC50,100000.0,1.0,100000.0,1.0,ng/ml,2022-07-18,huang22-pot.csv,100000.0,"['142D', '143del', '144del', '145del', '211I', '212del', '339D', '371L', '373P', '375F', '417N', '440K', '446S', '477N', '478K', '484A', '493R', '496S', '498R', '501Y', '505H', '547K', '614G', '655Y', '679K', '67V', '681H', '69del', '70del', '764K', '796Y', '856K', '954H', '95I', '969K', '981F']","('Huang22', 'Casirivimab', 'S:67V+69del+70del+95I+142D+143del+144del+145del+211I+212del+214EPEins+339D+371L+373P+375F+417N+440K+446S+477N+478K+484A+493R+496S+498R+501Y+505H+547K+614G+655Y+679K+681H+764K+796Y+856K+954H+969K+981F', 100000.0)"
Huang22,Casirivimab,BA.1.1 Spike,Figure 2,Pseudovirus (VSV),IC50,100000.0,1.0,100000.0,1.0,ng/ml,2022-07-18,huang22-pot.csv,100000.0,"['142D', '143del', '144del', '145del', '211I', '212del', '339D', '346K', '371L', '373P', '375F', '417N', '440K', '446S', '477N', '478K', '484A', '493R', '496S', '498R', '501Y', '505H', '547K', '614G', '655Y', '679K', '67V', '681H', '69del', '70del', '764K', '796Y', '856K', '954H', '95I', '969K', '981F']","('Huang22', 'Casirivimab', 'BA.1.1 Spike', 100000.0)"
Huang22,Casirivimab,BA.2 Spike,Figure 2,Pseudovirus (VSV),IC50,100000.0,1.0,100000.0,1.0,ng/ml,2022-07-18,huang22-pot.csv,100000.0,"['142D', '19I', '213G', '24S', '25del', '26del', '27del', '339D', '371F', '373P', '375F', '376A', '405N', '408S', '417N', '440K', '477N', '478K', '484A', '493R', '498R', '501Y', '505H', '614G', '655Y', '679K', '681H', '764K', '796Y', '954H', '969K']","('Huang22', 'Casirivimab', 'BA.2 Spike', 100000.0)"
Huang22,Casirivimab,BA.2 Spike:446S,Figure 2,Pseudovirus (VSV),IC50,100000.0,1.0,100000.0,1.0,ng/ml,2022-07-18,huang22-pot.csv,100000.0,"['142D', '19I', '213G', '24S', '25del', '26del', '27del', '339D', '371F', '373P', '375F', '376A', '405N', '408S', '417N', '440K', '446S', '477N', '478K', '484A', '493R', '498R', '501Y', '505H', '614G', '655Y', '679K', '681H', '764K', '796Y', '954H', '969K']","('Huang22', 'Casirivimab', 'BA.2 Spike:446S', 100000.0)"
Huang22,Casirivimab,BA.3 Spike,Figure 2,Pseudovirus (VSV),IC50,100000.0,1.0,100000.0,1.0,ng/ml,2022-07-18,huang22-pot.csv,100000.0,"['142D', '143del', '144del', '145del', '211I', '212del', '339D', '371F', '373P', '375F', '405N', '417N', '440K', '446S', '477N', '478K', '484A', '493R', '498R', '501Y', '505H', '614G', '655Y', '679K', '67V', '681H', '69del', '70del', '764K', '796Y', '954H', '95I', '969K']","('Huang22', 'Casirivimab', 'BA.3 Spike', 100000.0)"
Huang22,Casirivimab,B.1.617.2 Spike:+142D,Figure 2,Pseudovirus (VSV),IC50,5.0,1.0,100000.0,1.0,ng/ml,2022-07-18,huang22-pot.csv,5.0,"['142D', '156G', '157del', '158del', '19R', '452R', '478K', '614G', '681R', '950N']","('Huang22', 'Casirivimab', 'B.1.617.2 Spike:+142D', 5.0)"
Huang22,Imdevimab,S:67V+69del+70del+95I+142D+143del+144del+145del+211I+212del+214EPEins+339D+371L+373P+375F+417N+440K+446S+477N+478K+484A+493R+496S+498R+501Y+505H+547K+614G+655Y+679K+681H+764K+796Y+856K+954H+969K+981F,Figure 2,Pseudovirus (VSV),IC50,100000.0,1.0,100000.0,1.0,ng/ml,2022-07-18,huang22-pot.csv,100000.0,"['142D', '143del', '144del', '145del', '211I', '212del', '339D', '371L', '373P', '375F', '417N', '440K', '446S', '477N', '478K', '484A', '493R', '496S', '498R', '501Y', '505H', '547K', '614G', '655Y', '679K', '67V', '681H', '69del', '70del', '764K', '796Y', '856K', '954H', '95I', '969K', '981F']","('Huang22', 'Imdevimab', 'S:67V+69del+70del+95I+142D+143del+144del+145del+211I+212del+214EPEins+339D+371L+373P+375F+417N+440K+446S+477N+478K+484A+493R+496S+498R+501Y+505H+547K+614G+655Y+679K+681H+764K+796Y+856K+954H+969K+981F', 100000.0)"
Huang22,Imdevimab,BA.1.1 Spike,Figure 2,Pseudovirus (VSV),IC50,100000.0,1.0,100000.0,1.0,ng/ml,2022-07-18,huang22-pot.csv,100000.0,"['142D', '143del', '144del', '145del', '211I', '212del', '339D', '346K', '371L', '373P', '375F', '417N', '440K', '446S', '477N', '478K', '484A', '493R', '496S', '498R', '501Y', '505H', '547K', '614G', '655Y', '679K', '67V', '681H', '69del', '70del', '764K', '796Y', '856K', '954H', '95I', '969K', '981F']","('Huang22', 'Imdevimab', 'BA.1.1 Spike', 100000.0)"
Huang22,Imdevimab,BA.2 Spike,Figure 2,Pseudovirus (VSV),IC50,450.0,1.0,100000.0,1.0,ng/ml,2022-07-18,huang22-pot.csv,450.0,"['142D', '19I', '213G', '24S', '25del', '26del', '27del', '339D', '371F', '373P', '375F', '376A', '405N', '408S', '417N', '440K', '477N', '478K', '484A', '493R', '498R', '501Y', '505H', '614G', '655Y', '679K', '681H', '764K', '796Y', '954H', '969K']","('Huang22', 'Imdevimab', 'BA.2 Spike', 450.0)"
Huang22,Imdevimab,BA.2 Spike:446S,Figure 2,Pseudovirus (VSV),IC50,100000.0,1.0,100000.0,1.0,ng/ml,2022-07-18,huang22-pot.csv,100000.0,"['142D', '19I', '213G', '24S', '25del', '26del', '27del', '339D', '371F', '373P', '375F', '376A', '405N', '408S', '417N', '440K', '446S', '477N', '478K', '484A', '493R', '498R', '501Y', '505H', '614G', '655Y', '679K', '681H', '764K', '796Y', '954H', '969K']","('Huang22', 'Imdevimab', 'BA.2 Spike:446S', 100000.0)"
Huang22,Imdevimab,BA.3 Spike,Figure 2,Pseudovirus (VSV),IC50,100000.0,1.0,100000.0,1.0,ng/ml,2022-07-18,huang22-pot.csv,100000.0,"['142D', '143del', '144del', '145del', '211I', '212del', '339D', '371F', '373P', '375F', '405N', '417N', '440K', '446S', '477N', '478K', '484A', '493R', '498R', '501Y', '505H', '614G', '655Y', '679K', '67V', '681H', '69del', '70del', '764K', '796Y', '954H', '95I', '969K']","('Huang22', 'Imdevimab', 'BA.3 Spike', 100000.0)"
Huang22,Imdevimab,B.1.617.2 Spike:+142D,Figure 2,Pseudovirus (VSV),IC50,6.0,1.0,100000.0,1.0,ng/ml,2022-07-18,huang22-pot.csv,6.0,"['142D', '156G', '157del', '158del', '19R', '452R', '478K', '614G', '681R', '950N']","('Huang22', 'Imdevimab', 'B.1.617.2 Spike:+142D', 6.0)"
Huo22b,Imdevimab,BA.1 Spike,Supplementary Table 1B,Pseudovirus (lentivirus),IC50,10000.0,1.0,10000.0,1.0,ng/ml,2023-01-10,huo22b-pot.csv,10000.0,"['142D', '143del', '144del', '145del', '211I', '212del', '339D', '371L', '373P', '375F', '417N', '440K', '446S', '477N', '478K', '484A', '493R', '496S', '498R', '501Y', '505H', '547K', '614G', '655Y', '679K', '67V', '681H', '69del', '70del', '764K', '796Y', '856K', '954H', '95I', '969K', '981F']","('Huo22b', 'Imdevimab', 'BA.1 Spike', 10000.0)"
Huo22b,Imdevimab,BA.1.1 Spike,Supplementary Table 1B,Pseudovirus (lentivirus),IC50,10000.0,1.0,10000.0,1.0,ng/ml,2023-01-10,huo22b-pot.csv,10000.0,"['142D', '143del', '144del', '145del', '211I', '212del', '339D', '346K', '371L', '373P', '375F', '417N', '440K', '446S', '477N', '478K', '484A', '493R', '496S', '498R', '501Y', '505H', '547K', '614G', '655Y', '679K', '67V', '681H', '69del', '70del', '764K', '796Y', '856K', '954H', '95I', '969K', '981F']","('Huo22b', 'Imdevimab', 'BA.1.1 Spike', 10000.0)"
Huo22b,Imdevimab,BA.2 Spike,Supplementary Table 1B,Pseudovirus (lentivirus),IC50,616.0,1.0,10000.0,1.0,ng/ml,2023-01-10,huo22b-pot.csv,616.0,"['142D', '19I', '213G', '24S', '25del', '26del', '27del', '339D', '371F', '373P', '375F', '376A', '405N', '408S', '417N', '440K', '477N', '478K', '484A', '493R', '498R', '501Y', '505H', '614G', '655Y', '679K', '681H', '764K', '796Y', '954H', '969K']","('Huo22b', 'Imdevimab', 'BA.2 Spike', 616.0)"
Huo22b,Imdevimab,BA.3 Spike,Supplementary Table 1B,Pseudovirus (lentivirus),IC50,10000.0,1.0,10000.0,1.0,ng/ml,2023-01-10,huo22b-pot.csv,10000.0,"['142D', '143del', '144del', '145del', '211I', '212del', '339D', '371F', '373P', '375F', '405N', '417N', '440K', '446S', '477N', '478K', '484A', '493R', '498R', '501Y', '505H', '614G', '655Y', '679K', '67V', '681H', '69del', '70del', '764K', '796Y', '954H', '95I', '969K']","('Huo22b', 'Imdevimab', 'BA.3 Spike', 10000.0)"
Huo22b,Imdevimab,BA.4/5 Spike,Supplementary Table 1B,Pseudovirus (lentivirus),IC50,10000.0,1.0,10000.0,1.0,ng/ml,2023-01-10,huo22b-pot.csv,10000.0,"['142D', '19I', '213G', '24S', '25del', '26del', '27del', '339D', '371F', '373P', '375F', '376A', '405N', '408S', '417N', '440K', '452R', '477N', '478K', '484A', '486V', '498R', '501Y', '505H', '614G', '655Y', '679K', '681H', '69del', '70del', '764K', '796Y', '954H', '969K']","('Huo22b', 'Imdevimab', 'BA.4/5 Spike', 10000.0)"
Huo22b,Imdevimab,BA.2.75 Spike,Supplementary Table 1B,Pseudovirus (lentivirus),IC50,10000.0,1.0,10000.0,1.0,ng/ml,2023-01-10,huo22b-pot.csv,10000.0,"['142D', '147E', '152R', '157L', '19I', '210V', '213G', '24S', '257S', '25del', '26del', '27del', '339H', '371F', '373P', '375F', '376A', '405N', '408S', '417N', '440K', '446S', '460K', '477N', '478K', '484A', '498R', '501Y', '505H', '614G', '655Y', '679K', '681H', '764K', '796Y', '954H', '969K']","('Huo22b', 'Imdevimab', 'BA.2.75 Spike', 10000.0)"
Huo22b,Casirivimab,BA.1 Spike,Supplementary Table 1B,Pseudovirus (lentivirus),IC50,10000.0,1.0,10000.0,1.0,ng/ml,2023-01-10,huo22b-pot.csv,10000.0,"['142D', '143del', '144del', '145del', '211I', '212del', '339D', '371L', '373P', '375F', '417N', '440K', '446S', '477N', '478K', '484A', '493R', '496S', '498R', '501Y', '505H', '547K', '614G', '655Y', '679K', '67V', '681H', '69del', '70del', '764K', '796Y', '856K', '954H', '95I', '969K', '981F']","('Huo22b', 'Casirivimab', 'BA.1 Spike', 10000.0)"
Huo22b,Casirivimab,BA.1.1 Spike,Supplementary Table 1B,Pseudovirus (lentivirus),IC50,10000.0,1.0,10000.0,1.0,ng/ml,2023-01-10,huo22b-pot.csv,10000.0,"['142D', '143del', '144del', '145del', '211I', '212del', '339D', '346K', '371L', '373P', '375F', '417N', '440K', '446S', '477N', '478K', '484A', '493R', '496S', '498R', '501Y', '505H', '547K', '614G', '655Y', '679K', '67V', '681H', '69del', '70del', '764K', '796Y', '856K', '954H', '95I', '969K', '981F']","('Huo22b', 'Casirivimab', 'BA.1.1 Spike', 10000.0)"
Huo22b,Casirivimab,BA.2 Spike,Supplementary Table 1B,Pseudovirus (lentivirus),IC50,10000.0,1.0,10000.0,1.0,ng/ml,2023-01-10,huo22b-pot.csv,10000.0,"['142D', '19I', '213G', '24S', '25del', '26del', '27del', '339D', '371F', '373P', '375F', '376A', '405N', '408S', '417N', '440K', '477N', '478K', '484A', '493R', '498R', '501Y', '505H', '614G', '655Y', '679K', '681H', '764K', '796Y', '954H', '969K']","('Huo22b', 'Casirivimab', 'BA.2 Spike', 10000.0)"
Huo22b,Casirivimab,BA.3 Spike,Supplementary Table 1B,Pseudovirus (lentivirus),IC50,10000.0,1.0,10000.0,1.0,ng/ml,2023-01-10,huo22b-pot.csv,10000.0,"['142D', '143del', '144del', '145del', '211I', '212del', '339D', '371F', '373P', '375F', '405N', '417N', '440K', '446S', '477N', '478K', '484A', '493R', '498R', '501Y', '505H', '614G', '655Y', '679K', '67V', '681H', '69del', '70del', '764K', '796Y', '954H', '95I', '969K']","('Huo22b', 'Casirivimab', 'BA.3 Spike', 10000.0)"
Huo22b,Casirivimab,BA.4/5 Spike,Supplementary Table 1B,Pseudovirus (lentivirus),IC50,10000.0,1.0,10000.0,1.0,ng/ml,2023-01-10,huo22b-pot.csv,10000.0,"['142D', '19I', '213G', '24S', '25del', '26del', '27del', '339D', '371F', '373P', '375F', '376A', '405N', '408S', '417N', '440K', '452R', '477N', '478K', '484A', '486V', '498R', '501Y', '505H', '614G', '655Y', '679K', '681H', '69del', '70del', '764K', '796Y', '954H', '969K']","('Huo22b', 'Casirivimab', 'BA.4/5 Spike', 10000.0)"
Huo22b,Casirivimab,BA.2.75 Spike,Supplementary Table 1B,Pseudovirus (lentivirus),IC50,10000.0,1.0,10000.0,1.0,ng/ml,2023-01-10,huo22b-pot.csv,10000.0,"['142D', '147E', '152R', '157L', '19I', '210V', '213G', '24S', '257S', '25del', '26del', '27del', '339H', '371F', '373P', '375F', '376A', '405N', '408S', '417N', '440K', '446S', '460K', '477N', '478K', '484A', '498R', '501Y', '505H', '614G', '655Y', '679K', '681H', '764K', '796Y', '954H', '969K']","('Huo22b', 'Casirivimab', 'BA.2.75 Spike', 10000.0)"
Iketani22,Casirivimab,S:614G,Figure 2a,Pseudovirus (VSV),IC50,4.8,1.0,10000.0,1.0,ng/ml,2022-02-10,iketani22-pot.csv,4.8,['614G'],"('Iketani22', 'Casirivimab', 'S:614G', 4.8)"
Iketani22,Casirivimab,BA.2 Spike,Figure 2a,Pseudovirus (VSV),IC50,10000.0,1.0,10000.0,1.0,ng/ml,2022-02-10,iketani22-pot.csv,10000.0,"['142D', '19I', '213G', '24S', '25del', '26del', '27del', '339D', '371F', '373P', '375F', '376A', '405N', '408S', '417N', '440K', '477N', '478K', '484A', '493R', '498R', '501Y', '505H', '614G', '655Y', '679K', '681H', '764K', '796Y', '954H', '969K']","('Iketani22', 'Casirivimab', 'BA.2 Spike', 10000.0)"
Iketani22,Imdevimab,S:614G,Figure 2a,Pseudovirus (VSV),IC50,6.5,1.0,10000.0,1.0,ng/ml,2022-02-10,iketani22-pot.csv,6.5,['614G'],"('Iketani22', 'Imdevimab', 'S:614G', 6.5)"
Iketani22,Imdevimab,BA.2 Spike,Figure 2a,Pseudovirus (VSV),IC50,1425.9,1.0,10000.0,1.0,ng/ml,2022-02-10,iketani22-pot.csv,1425.9,"['142D', '19I', '213G', '24S', '25del', '26del', '27del', '339D', '371F', '373P', '375F', '376A', '405N', '408S', '417N', '440K', '477N', '478K', '484A', '493R', '498R', '501Y', '505H', '614G', '655Y', '679K', '681H', '764K', '796Y', '954H', '969K']","('Iketani22', 'Imdevimab', 'BA.2 Spike', 1425.9)"
Jian22,Casirivimab,BA.4/5 Spike,Supplementary Figure 3,Pseudovirus (VSV),IC50,10000.0,1.0,10000.0,1.0,ng/ml,2022-10-26,jian22-pot.csv,10000.0,"['142D', '19I', '213G', '24S', '25del', '26del', '27del', '339D', '371F', '373P', '375F', '376A', '405N', '408S', '417N', '440K', '452R', '477N', '478K', '484A', '486V', '498R', '501Y', '505H', '614G', '655Y', '679K', '681H', '69del', '70del', '764K', '796Y', '954H', '969K']","('Jian22', 'Casirivimab', 'BA.4/5 Spike', 10000.0)"
Jian22,Casirivimab,BA.4/5 Spike:R346I,Supplementary Figure 3,Pseudovirus (VSV),IC50,10000.0,1.0,10000.0,1.0,ng/ml,2022-10-26,jian22-pot.csv,10000.0,"['142D', '19I', '213G', '24S', '25del', '26del', '27del', '339D', '346I', '371F', '373P', '375F', '376A', '405N', '408S', '417N', '440K', '452R', '477N', '478K', '484A', '486V', '498R', '501Y', '505H', '614G', '655Y', '679K', '681H', '69del', '70del', '764K', '796Y', '954H', '969K']","('Jian22', 'Casirivimab', 'BA.4/5 Spike:R346I', 10000.0)"
Jian22,Casirivimab,BF.7 Spike,Supplementary Figure 3,Pseudovirus (VSV),IC50,10000.0,1.0,10000.0,1.0,ng/ml,2022-10-26,jian22-pot.csv,10000.0,"['142D', '19I', '213G', '24S', '25del', '26del', '27del', '339D', '346T', '371F', '373P', '375F', '376A', '405N', '408S', '417N', '440K', '452R', '477N', '478K', '484A', '486V', '498R', '501Y', '505H', '614G', '655Y', '679K', '681H', '69del', '70del', '764K', '796Y', '954H', '969K']","('Jian22', 'Casirivimab', 'BF.7 Spike', 10000.0)"
Jian22,Casirivimab,BA.4/5 Spike:R346S,Supplementary Figure 3,Pseudovirus (VSV),IC50,10000.0,1.0,10000.0,1.0,ng/ml,2022-10-26,jian22-pot.csv,10000.0,"['142D', '19I', '213G', '24S', '25del', '26del', '27del', '339D', '346S', '371F', '373P', '375F', '376A', '405N', '408S', '417N', '440K', '452R', '477N', '478K', '484A', '486V', '498R', '501Y', '505H', '614G', '655Y', '679K', '681H', '69del', '70del', '764K', '796Y', '954H', '969K']","('Jian22', 'Casirivimab', 'BA.4/5 Spike:R346S', 10000.0)"
Jian22,Imdevimab,BA.4/5 Spike,Supplementary Figure 3,Pseudovirus (VSV),IC50,520.0,1.0,10000.0,1.0,ng/ml,2022-10-26,jian22-pot.csv,520.0,"['142D', '19I', '213G', '24S', '25del', '26del', '27del', '339D', '371F', '373P', '375F', '376A', '405N', '408S', '417N', '440K', '452R', '477N', '478K', '484A', '486V', '498R', '501Y', '505H', '614G', '655Y', '679K', '681H', '69del', '70del', '764K', '796Y', '954H', '969K']","('Jian22', 'Imdevimab', 'BA.4/5 Spike', 520.0)"
Jian22,Imdevimab,BA.4/5 Spike:R346I,Supplementary Figure 3,Pseudovirus (VSV),IC50,2701.0,1.0,10000.0,1.0,ng/ml,2022-10-26,jian22-pot.csv,2701.0,"['142D', '19I', '213G', '24S', '25del', '26del', '27del', '339D', '346I', '371F', '373P', '375F', '376A', '405N', '408S', '417N', '440K', '452R', '477N', '478K', '484A', '486V', '498R', '501Y', '505H', '614G', '655Y', '679K', '681H', '69del', '70del', '764K', '796Y', '954H', '969K']","('Jian22', 'Imdevimab', 'BA.4/5 Spike:R346I', 2701.0)"
Jian22,Imdevimab,BF.7 Spike,Supplementary Figure 3,Pseudovirus (VSV),IC50,2195.0,1.0,10000.0,1.0,ng/ml,2022-10-26,jian22-pot.csv,2195.0,"['142D', '19I', '213G', '24S', '25del', '26del', '27del', '339D', '346T', '371F', '373P', '375F', '376A', '405N', '408S', '417N', '440K', '452R', '477N', '478K', '484A', '486V', '498R', '501Y', '505H', '614G', '655Y', '679K', '681H', '69del', '70del', '764K', '796Y', '954H', '969K']","('Jian22', 'Imdevimab', 'BF.7 Spike', 2195.0)"
Jian22,Imdevimab,BA.4/5 Spike:R346S,Supplementary Figure 3,Pseudovirus (VSV),IC50,1362.0,1.0,10000.0,1.0,ng/ml,2022-10-26,jian22-pot.csv,1362.0,"['142D', '19I', '213G', '24S', '25del', '26del', '27del', '339D', '346S', '371F', '373P', '375F', '376A', '405N', '408S', '417N', '440K', '452R', '477N', '478K', '484A', '486V', '498R', '501Y', '505H', '614G', '655Y', '679K', '681H', '69del', '70del', '764K', '796Y', '954H', '969K']","('Jian22', 'Imdevimab', 'BA.4/5 Spike:R346S', 1362.0)"
Jian22,Casirivimab+Imdevimab,BA.4/5 Spike,Supplementary Figure 3,Pseudovirus (VSV),IC50,709.0,1.0,10000.0,1.0,ng/ml,2022-10-26,jian22-pot.csv,709.0,"['142D', '19I', '213G', '24S', '25del', '26del', '27del', '339D', '371F', '373P', '375F', '376A', '405N', '408S', '417N', '440K', '452R', '477N', '478K', '484A', '486V', '498R', '501Y', '505H', '614G', '655Y', '679K', '681H', '69del', '70del', '764K', '796Y', '954H', '969K']","('Jian22', 'Casirivimab+Imdevimab', 'BA.4/5 Spike', 709.0)"
Jian22,Casirivimab+Imdevimab,BA.4/5 Spike:R346I,Supplementary Figure 3,Pseudovirus (VSV),IC50,3498.0,1.0,10000.0,1.0,ng/ml,2022-10-26,jian22-pot.csv,3498.0,"['142D', '19I', '213G', '24S', '25del', '26del', '27del', '339D', '346I', '371F', '373P', '375F', '376A', '405N', '408S', '417N', '440K', '452R', '477N', '478K', '484A', '486V', '498R', '501Y', '505H', '614G', '655Y', '679K', '681H', '69del', '70del', '764K', '796Y', '954H', '969K']","('Jian22', 'Casirivimab+Imdevimab', 'BA.4/5 Spike:R346I', 3498.0)"
Jian22,Casirivimab+Imdevimab,BF.7 Spike,Supplementary Figure 3,Pseudovirus (VSV),IC50,4388.0,1.0,10000.0,1.0,ng/ml,2022-10-26,jian22-pot.csv,4388.0,"['142D', '19I', '213G', '24S', '25del', '26del', '27del', '339D', '346T', '371F', '373P', '375F', '376A', '405N', '408S', '417N', '440K', '452R', '477N', '478K', '484A', '486V', '498R', '501Y', '505H', '614G', '655Y', '679K', '681H', '69del', '70del', '764K', '796Y', '954H', '969K']","('Jian22', 'Casirivimab+Imdevimab', 'BF.7 Spike', 4388.0)"
Jian22,Casirivimab+Imdevimab,BA.4/5 Spike:R346S,Supplementary Figure 3,Pseudovirus (VSV),IC50,2420.0,1.0,10000.0,1.0,ng/ml,2022-10-26,jian22-pot.csv,2420.0,"['142D', '19I', '213G', '24S', '25del', '26del', '27del', '339D', '346S', '371F', '373P', '375F', '376A', '405N', '408S', '417N', '440K', '452R', '477N', '478K', '484A', '486V', '498R', '501Y', '505H', '614G', '655Y', '679K', '681H', '69del', '70del', '764K', '796Y', '954H', '969K']","('Jian22', 'Casirivimab+Imdevimab', 'BA.4/5 Spike:R346S', 2420.0)"
Ju22,Casirivimab,S:80A+215G+242del+243del+417N+484K+501Y+614G+701V,Figure S1F,Pseudovirus (HIV),IC50,1492.0,1.0,50000.0,1.0,ng/ml,2022-02-17,ju22-pot.csv,1492.0,"['215G', '242del', '243del', '417N', '484K', '501Y', '614G', '701V', '80A']","('Ju22', 'Casirivimab', 'S:80A+215G+242del+243del+417N+484K+501Y+614G+701V', 1492.0)"
Ju22,Imdevimab,S:80A+215G+242del+243del+417N+484K+501Y+614G+701V,Figure S1F,Pseudovirus (HIV),IC50,2.0,1.0,50000.0,1.0,ng/ml,2022-02-17,ju22-pot.csv,2.0,"['215G', '242del', '243del', '417N', '484K', '501Y', '614G', '701V', '80A']","('Ju22', 'Imdevimab', 'S:80A+215G+242del+243del+417N+484K+501Y+614G+701V', 2.0)"
Ju22,Casirivimab,S:19R+142D+157del+158del+452R+478K+614G+681R+950N,Figure S1F,Pseudovirus (HIV),IC50,2.0,1.0,50000.0,1.0,ng/ml,2022-02-17,ju22-pot.csv,2.0,"['142D', '157del', '158del', '19R', '452R', '478K', '614G', '681R', '950N']","('Ju22', 'Casirivimab', 'S:19R+142D+157del+158del+452R+478K+614G+681R+950N', 2.0)"
Ju22,Imdevimab,S:19R+142D+157del+158del+452R+478K+614G+681R+950N,Figure S1F,Pseudovirus (HIV),IC50,3.0,1.0,50000.0,1.0,ng/ml,2022-02-17,ju22-pot.csv,3.0,"['142D', '157del', '158del', '19R', '452R', '478K', '614G', '681R', '950N']","('Ju22', 'Imdevimab', 'S:19R+142D+157del+158del+452R+478K+614G+681R+950N', 3.0)"
Ju22,Casirivimab,S:95I+144S+145N+346K+484K+501Y+614G+681H+950N,Figure S1F,Pseudovirus (HIV),IC50,81.0,1.0,50000.0,1.0,ng/ml,2022-02-17,ju22-pot.csv,81.0,"['144S', '145N', '346K', '484K', '501Y', '614G', '681H', '950N', '95I']","('Ju22', 'Casirivimab', 'S:95I+144S+145N+346K+484K+501Y+614G+681H+950N', 81.0)"
Ju22,Imdevimab,S:95I+144S+145N+346K+484K+501Y+614G+681H+950N,Figure S1F,Pseudovirus (HIV),IC50,1.0,1.0,50000.0,1.0,ng/ml,2022-02-17,ju22-pot.csv,1.0,"['144S', '145N', '346K', '484K', '501Y', '614G', '681H', '950N', '95I']","('Ju22', 'Imdevimab', 'S:95I+144S+145N+346K+484K+501Y+614G+681H+950N', 1.0)"
Ju22,Casirivimab,S:9L+136F+144del+145del+190S+215G+449H+484K+501Y+614G+655Y+679K+716I+859N,Figure S1F,Pseudovirus (HIV),IC50,25.0,1.0,50000.0,1.0,ng/ml,2022-02-17,ju22-pot.csv,25.0,"['136F', '144del', '145del', '190S', '215G', '449H', '484K', '501Y', '614G', '655Y', '679K', '716I', '859N', '9L']","('Ju22', 'Casirivimab', 'S:9L+136F+144del+145del+190S+215G+449H+484K+501Y+614G+655Y+679K+716I+859N', 25.0)"
Ju22,Imdevimab,S:9L+136F+144del+145del+190S+215G+449H+484K+501Y+614G+655Y+679K+716I+859N,Figure S1F,Pseudovirus (HIV),IC50,2.0,1.0,50000.0,1.0,ng/ml,2022-02-17,ju22-pot.csv,2.0,"['136F', '144del', '145del', '190S', '215G', '449H', '484K', '501Y', '614G', '655Y', '679K', '716I', '859N', '9L']","('Ju22', 'Imdevimab', 'S:9L+136F+144del+145del+190S+215G+449H+484K+501Y+614G+655Y+679K+716I+859N', 2.0)"
Ju22,Casirivimab,BA.1 Spike,Figure S1F,Pseudovirus (HIV),IC50,50000.0,1.0,50000.0,1.0,ng/ml,2022-02-17,ju22-pot.csv,50000.0,"['142D', '143del', '144del', '145del', '211I', '212del', '339D', '371L', '373P', '375F', '417N', '440K', '446S', '477N', '478K', '484A', '493R', '496S', '498R', '501Y', '505H', '547K', '614G', '655Y', '679K', '67V', '681H', '69del', '70del', '764K', '796Y', '856K', '954H', '95I', '969K', '981F']","('Ju22', 'Casirivimab', 'BA.1 Spike', 50000.0)"
Ju22,Imdevimab,BA.1 Spike,Figure S1F,Pseudovirus (HIV),IC50,50000.0,1.0,50000.0,1.0,ng/ml,2022-02-17,ju22-pot.csv,50000.0,"['142D', '143del', '144del', '145del', '211I', '212del', '339D', '371L', '373P', '375F', '417N', '440K', '446S', '477N', '478K', '484A', '493R', '496S', '498R', '501Y', '505H', '547K', '614G', '655Y', '679K', '67V', '681H', '69del', '70del', '764K', '796Y', '856K', '954H', '95I', '969K', '981F']","('Ju22', 'Imdevimab', 'BA.1 Spike', 50000.0)"
Kaleta22,Casirivimab,A.27 full genome,Table 2,Virus isolate,IC50,120.0,1.0,10000.0,1.0,ng/ml,2022-06-28,kaleta22-pot.csv,120.0,"['1219V', '18F', '452R', '501Y', '653V', '655Y', '796Y']","('Kaleta22', 'Casirivimab', 'A.27 full genome', 120.0)"
Kaleta22,Casirivimab,B.1 full genome,Table 2,Virus isolate,IC50,90.0,1.0,10000.0,1.0,ng/ml,2022-06-28,kaleta22-pot.csv,90.0,['614G'],"('Kaleta22', 'Casirivimab', 'B.1 full genome', 90.0)"
Kaleta22,Casirivimab,B.1.1.7 full genome,Table 2,Virus isolate,IC50,20.0,1.0,10000.0,1.0,ng/ml,2022-06-28,kaleta22-pot.csv,20.0,"['1118H', '144del', '145del', '501Y', '570D', '614G', '681H', '69del', '70del', '716I', '982A']","('Kaleta22', 'Casirivimab', 'B.1.1.7 full genome', 20.0)"
Kaleta22,Casirivimab,B.1.351 full genome,Table 2,Virus isolate,IC50,4700.0,1.0,10000.0,1.0,ng/ml,2022-06-28,kaleta22-pot.csv,4700.0,"['18F', '215G', '242del', '243del', '244del', '246I', '417N', '484K', '501Y', '614G', '701V', '80A']","('Kaleta22', 'Casirivimab', 'B.1.351 full genome', 4700.0)"
Kaleta22,Casirivimab,P.1 full genome,Table 2,Virus isolate,IC50,10000.0,1.0,10000.0,1.0,ng/ml,2022-06-28,kaleta22-pot.csv,10000.0,"['1027I', '1176F', '138Y', '18F', '190S', '20N', '26S', '417T', '484K', '501Y', '614G', '655Y']","('Kaleta22', 'Casirivimab', 'P.1 full genome', 10000.0)"
Kaleta22,Casirivimab,B.1.617.2 full genome,Table 2,Virus isolate,IC50,10.0,1.0,10000.0,1.0,ng/ml,2022-06-28,kaleta22-pot.csv,10.0,"['156G', '157del', '158del', '19R', '452R', '478K', '614G', '681R', '950N']","('Kaleta22', 'Casirivimab', 'B.1.617.2 full genome', 10.0)"
Kaleta22,Imdevimab,A.27 full genome,Table 2,Virus isolate,IC50,50.0,1.0,10000.0,1.0,ng/ml,2022-06-28,kaleta22-pot.csv,50.0,"['1219V', '18F', '452R', '501Y', '653V', '655Y', '796Y']","('Kaleta22', 'Imdevimab', 'A.27 full genome', 50.0)"
Kaleta22,Imdevimab,B.1 full genome,Table 2,Virus isolate,IC50,20.0,1.0,10000.0,1.0,ng/ml,2022-06-28,kaleta22-pot.csv,20.0,['614G'],"('Kaleta22', 'Imdevimab', 'B.1 full genome', 20.0)"
Kaleta22,Imdevimab,B.1.1.7 full genome,Table 2,Virus isolate,IC50,10.0,1.0,10000.0,1.0,ng/ml,2022-06-28,kaleta22-pot.csv,10.0,"['1118H', '144del', '145del', '501Y', '570D', '614G', '681H', '69del', '70del', '716I', '982A']","('Kaleta22', 'Imdevimab', 'B.1.1.7 full genome', 10.0)"
Kaleta22,Imdevimab,B.1.351 full genome,Table 2,Virus isolate,IC50,10.0,1.0,10000.0,1.0,ng/ml,2022-06-28,kaleta22-pot.csv,10.0,"['18F', '215G', '242del', '243del', '244del', '246I', '417N', '484K', '501Y', '614G', '701V', '80A']","('Kaleta22', 'Imdevimab', 'B.1.351 full genome', 10.0)"
Kaleta22,Imdevimab,P.1 full genome,Table 2,Virus isolate,IC50,10.0,1.0,10000.0,1.0,ng/ml,2022-06-28,kaleta22-pot.csv,10.0,"['1027I', '1176F', '138Y', '18F', '190S', '20N', '26S', '417T', '484K', '501Y', '614G', '655Y']","('Kaleta22', 'Imdevimab', 'P.1 full genome', 10.0)"
Kaleta22,Imdevimab,B.1.617.2 full genome,Table 2,Virus isolate,IC50,40.0,1.0,10000.0,1.0,ng/ml,2022-06-28,kaleta22-pot.csv,40.0,"['156G', '157del', '158del', '19R', '452R', '478K', '614G', '681R', '950N']","('Kaleta22', 'Imdevimab', 'B.1.617.2 full genome', 40.0)"
Liu21f,Imdevimab,VIC,Table S1,Pseudovirus (lentivirus),IC50,14.0,1.0,10000.0,,ng/ml,2021-06-18,liu21f-pot.csv,14.0,['247R'],"('Liu21f', 'Imdevimab', 'VIC', 14.0)"
Liu21f,Casirivimab,VIC,Table S1,Pseudovirus (lentivirus),IC50,2.0,1.0,10000.0,,ng/ml,2021-06-18,liu21f-pot.csv,2.0,['247R'],"('Liu21f', 'Casirivimab', 'VIC', 2.0)"
Liu21f,Imdevimab,B.1.617.1 Spike:+95I-1101D,Table S1,Pseudovirus (lentivirus),IC50,21.0,1.0,10000.0,,ng/ml,2021-06-18,liu21f-pot.csv,21.0,"['1071H', '142D', '154K', '452R', '484Q', '614G', '681R', '95I']","('Liu21f', 'Imdevimab', 'B.1.617.1 Spike:+95I-1101D', 21.0)"
Liu21f,Casirivimab,B.1.617.1 Spike:+95I-1101D,Table S1,Pseudovirus (lentivirus),IC50,10.0,1.0,10000.0,,ng/ml,2021-06-18,liu21f-pot.csv,10.0,"['1071H', '142D', '154K', '452R', '484Q', '614G', '681R', '95I']","('Liu21f', 'Casirivimab', 'B.1.617.1 Spike:+95I-1101D', 10.0)"
Liu21f,Imdevimab,B.1.1.519 Spike,Table S1,Pseudovirus (lentivirus),IC50,8.0,1.0,10000.0,,ng/ml,2021-06-18,liu21f-pot.csv,8.0,"['478K', '614G', '681H', '732A']","('Liu21f', 'Imdevimab', 'B.1.1.519 Spike', 8.0)"
Liu21f,Casirivimab,B.1.1.519 Spike,Table S1,Pseudovirus (lentivirus),IC50,1.0,1.0,10000.0,,ng/ml,2021-06-18,liu21f-pot.csv,1.0,"['478K', '614G', '681H', '732A']","('Liu21f', 'Casirivimab', 'B.1.1.519 Spike', 1.0)"
Liu21f,Imdevimab,VIC,Table S1,Virus isolate,IC50,32.0,1.0,10000.0,,ng/ml,2021-06-18,liu21f-pot.csv,32.0,['247R'],"('Liu21f', 'Imdevimab', 'VIC', 32.0)"
Liu21f,Casirivimab,VIC,Table S1,Virus isolate,IC50,4.0,1.0,10000.0,,ng/ml,2021-06-18,liu21f-pot.csv,4.0,['247R'],"('Liu21f', 'Casirivimab', 'VIC', 4.0)"
Liu21f,Imdevimab,B.1.617.2 full genome,Table S1,Virus isolate,IC50,17.0,1.0,10000.0,,ng/ml,2021-06-18,liu21f-pot.csv,17.0,"['156G', '157del', '158del', '19R', '452R', '478K', '614G', '681R', '950N']","('Liu21f', 'Imdevimab', 'B.1.617.2 full genome', 17.0)"
Liu21f,Casirivimab,B.1.617.2 full genome,Table S1,Virus isolate,IC50,3.0,1.0,10000.0,,ng/ml,2021-06-18,liu21f-pot.csv,3.0,"['156G', '157del', '158del', '19R', '452R', '478K', '614G', '681R', '950N']","('Liu21f', 'Casirivimab', 'B.1.617.2 full genome', 3.0)"
Liu21l,Casirivimab,S:614G,Figure 2c,Pseudovirus (VSV),IC50,0.3,1.0,10000.0,0.1,ng/ml,2021-12-17,liu21l-pot.csv,0.3,['614G'],"('Liu21l', 'Casirivimab', 'S:614G', 0.3)"
Liu21l,Casirivimab,S:67V+69del+70del+95I+142D+143del+144del+145del+211I+212del+214EPEins+339D+371L+373P+375F+417N+440K+446S+477N+478K+484A+493R+496S+498R+501Y+505H+547K+614G+655Y+679K+681H+764K+796Y+856K+954H+969K+981F,Figure 2c,Pseudovirus (VSV),IC50,10000.0,1.0,10000.0,0.1,ng/ml,2021-12-17,liu21l-pot.csv,10000.0,"['142D', '143del', '144del', '145del', '211I', '212del', '339D', '371L', '373P', '375F', '417N', '440K', '446S', '477N', '478K', '484A', '493R', '496S', '498R', '501Y', '505H', '547K', '614G', '655Y', '679K', '67V', '681H', '69del', '70del', '764K', '796Y', '856K', '954H', '95I', '969K', '981F']","('Liu21l', 'Casirivimab', 'S:67V+69del+70del+95I+142D+143del+144del+145del+211I+212del+214EPEins+339D+371L+373P+375F+417N+440K+446S+477N+478K+484A+493R+496S+498R+501Y+505H+547K+614G+655Y+679K+681H+764K+796Y+856K+954H+969K+981F', 10000.0)"
Liu21l,Imdevimab,S:614G,Figure 2c,Pseudovirus (VSV),IC50,0.6,1.0,10000.0,0.1,ng/ml,2021-12-17,liu21l-pot.csv,0.6,['614G'],"('Liu21l', 'Imdevimab', 'S:614G', 0.6)"
Liu21l,Imdevimab,S:67V+69del+70del+95I+142D+143del+144del+145del+211I+212del+214EPEins+339D+371L+373P+375F+417N+440K+446S+477N+478K+484A+493R+496S+498R+501Y+505H+547K+614G+655Y+679K+681H+764K+796Y+856K+954H+969K+981F,Figure 2c,Pseudovirus (VSV),IC50,10000.0,1.0,10000.0,0.1,ng/ml,2021-12-17,liu21l-pot.csv,10000.0,"['142D', '143del', '144del', '145del', '211I', '212del', '339D', '371L', '373P', '375F', '417N', '440K', '446S', '477N', '478K', '484A', '493R', '496S', '498R', '501Y', '505H', '547K', '614G', '655Y', '679K', '67V', '681H', '69del', '70del', '764K', '796Y', '856K', '954H', '95I', '969K', '981F']","('Liu21l', 'Imdevimab', 'S:67V+69del+70del+95I+142D+143del+144del+145del+211I+212del+214EPEins+339D+371L+373P+375F+417N+440K+446S+477N+478K+484A+493R+496S+498R+501Y+505H+547K+614G+655Y+679K+681H+764K+796Y+856K+954H+969K+981F', 10000.0)"
Liu21l,Casirivimab,BA.1.1 Spike,Figure 2d,Pseudovirus (VSV),IC50,10000.0,1.0,10000.0,0.1,ng/ml,2021-12-17,liu21l-pot.csv,10000.0,"['142D', '143del', '144del', '145del', '211I', '212del', '339D', '346K', '371L', '373P', '375F', '417N', '440K', '446S', '477N', '478K', '484A', '493R', '496S', '498R', '501Y', '505H', '547K', '614G', '655Y', '679K', '67V', '681H', '69del', '70del', '764K', '796Y', '856K', '954H', '95I', '969K', '981F']","('Liu21l', 'Casirivimab', 'BA.1.1 Spike', 10000.0)"
Liu21l,Imdevimab,BA.1.1 Spike,Figure 2d,Pseudovirus (VSV),IC50,10000.0,1.0,10000.0,0.1,ng/ml,2021-12-17,liu21l-pot.csv,10000.0,"['142D', '143del', '144del', '145del', '211I', '212del', '339D', '346K', '371L', '373P', '375F', '417N', '440K', '446S', '477N', '478K', '484A', '493R', '496S', '498R', '501Y', '505H', '547K', '614G', '655Y', '679K', '67V', '681H', '69del', '70del', '764K', '796Y', '856K', '954H', '95I', '969K', '981F']","('Liu21l', 'Imdevimab', 'BA.1.1 Spike', 10000.0)"
Ma22,Casirivimab,Omicron/BA.1 full genome,Figure 2b,Virus isolate,IC50,100000.0,1.0,100000.0,1.0,ng/ml,2022-04-13,ma22-pot.csv,100000.0,"['142D', '143del', '144del', '145del', '211I', '212del', '339D', '371L', '373P', '375F', '417N', '440K', '446S', '477N', '478K', '484A', '493R', '496S', '498R', '501Y', '505H', '547K', '614G', '655Y', '679K', '67V', '681H', '69del', '70del', '764K', '796Y', '856K', '954H', '95I', '969K', '981F']","('Ma22', 'Casirivimab', 'Omicron/BA.1 full genome', 100000.0)"
Ma22,Imdevimab,Omicron/BA.1 full genome,Figure 2b,Virus isolate,IC50,100000.0,1.0,100000.0,1.0,ng/ml,2022-04-13,ma22-pot.csv,100000.0,"['142D', '143del', '144del', '145del', '211I', '212del', '339D', '371L', '373P', '375F', '417N', '440K', '446S', '477N', '478K', '484A', '493R', '496S', '498R', '501Y', '505H', '547K', '614G', '655Y', '679K', '67V', '681H', '69del', '70del', '764K', '796Y', '856K', '954H', '95I', '969K', '981F']","('Ma22', 'Imdevimab', 'Omicron/BA.1 full genome', 100000.0)"
McCallum21b,Casirivimab,S:614G,Figure 3C,Pseudovirus (VSV),IC50,7.0,1.0,100000.0,,ng/ml,2021-07-13,mccallum21b-pot.csv,7.0,['614G'],"('McCallum21b', 'Casirivimab', 'S:614G', 7.0)"
McCallum21b,Imdevimab,S:614G,Figure 3C,Pseudovirus (VSV),IC50,23.0,1.0,100000.0,,ng/ml,2021-07-13,mccallum21b-pot.csv,23.0,['614G'],"('McCallum21b', 'Imdevimab', 'S:614G', 23.0)"
McCallum21b,Casirivimab,S:13I+152C+452R+614G,Figure 3C,Pseudovirus (VSV),IC50,9.0,1.0,100000.0,,ng/ml,2021-07-13,mccallum21b-pot.csv,9.0,"['13I', '152C', '452R', '614G']","('McCallum21b', 'Casirivimab', 'S:13I+152C+452R+614G', 9.0)"
McCallum21b,Imdevimab,S:13I+152C+452R+614G,Figure 3C,Pseudovirus (VSV),IC50,51.0,1.0,100000.0,,ng/ml,2021-07-13,mccallum21b-pot.csv,51.0,"['13I', '152C', '452R', '614G']","('McCallum21b', 'Imdevimab', 'S:13I+152C+452R+614G', 51.0)"
Meng22,Casirivimab,hCoV-19/Japan/TKYTK1734/2021,Figure 1a,Virus isolate,IC50,4.7,1.0,10000.0,0.1,ng/ml,2022-01-19,meng22-pot.csv,4.7,"['142D', '156del', '157del', '158G', '19R', '452R', '478K', '614G', '681R', '950N']","('Meng22', 'Casirivimab', 'hCoV-19/Japan/TKYTK1734/2021', 4.7)"
Meng22,Imdevimab,hCoV-19/Japan/TKYTK1734/2021,Figure 1a,Virus isolate,IC50,7.0,1.0,10000.0,0.1,ng/ml,2022-01-19,meng22-pot.csv,7.0,"['142D', '156del', '157del', '158G', '19R', '452R', '478K', '614G', '681R', '950N']","('Meng22', 'Imdevimab', 'hCoV-19/Japan/TKYTK1734/2021', 7.0)"
Meng22,Casirivimab,hCoV-19/Japan/TY38-873P0/2021,Figure 1a,Virus isolate,IC50,10000.0,1.0,10000.0,0.1,ng/ml,2022-01-19,meng22-pot.csv,10000.0,"['142D', '143del', '144del', '145del', '211I', '212del', '339D', '371L', '373P', '375F', '417N', '440K', '446S', '477N', '478K', '484A', '493R', '496S', '498R', '501Y', '505H', '547K', '614G', '655Y', '679K', '67V', '681H', '69del', '70del', '764K', '796Y', '856K', '954H', '95I', '969K', '981F']","('Meng22', 'Casirivimab', 'hCoV-19/Japan/TY38-873P0/2021', 10000.0)"
Meng22,Imdevimab,hCoV-19/Japan/TY38-873P0/2021,Figure 1a,Virus isolate,IC50,10000.0,1.0,10000.0,0.1,ng/ml,2022-01-19,meng22-pot.csv,10000.0,"['142D', '143del', '144del', '145del', '211I', '212del', '339D', '371L', '373P', '375F', '417N', '440K', '446S', '477N', '478K', '484A', '493R', '496S', '498R', '501Y', '505H', '547K', '614G', '655Y', '679K', '67V', '681H', '69del', '70del', '764K', '796Y', '856K', '954H', '95I', '969K', '981F']","('Meng22', 'Imdevimab', 'hCoV-19/Japan/TY38-873P0/2021', 10000.0)"
Misasi22,Casirivimab,S:614G,Figure 1A,Pseudovirus (lentivirus),IC50,5.265,1.0,10050.0,1.0,ng/ml,2022-08-02,misasi22-pot.csv,5.265,['614G'],"('Misasi22', 'Casirivimab', 'S:614G', 5.265)"
Misasi22,Imdevimab,S:614G,Figure 1A,Pseudovirus (lentivirus),IC50,10.77,1.0,10050.0,1.0,ng/ml,2022-08-02,misasi22-pot.csv,10.77,['614G'],"('Misasi22', 'Imdevimab', 'S:614G', 10.77)"
Misasi22,Casirivimab,B.1.351 Spike:-246I,Figure 1A,Pseudovirus (lentivirus),IC50,175.35,1.0,10050.0,1.0,ng/ml,2022-08-02,misasi22-pot.csv,175.35,"['18F', '215G', '242del', '243del', '244del', '417N', '484K', '501Y', '614G', '701V', '80A']","('Misasi22', 'Casirivimab', 'B.1.351 Spike:-246I', 175.35)"
Misasi22,Imdevimab,B.1.351 Spike:-246I,Figure 1A,Pseudovirus (lentivirus),IC50,22.05,1.0,10050.0,1.0,ng/ml,2022-08-02,misasi22-pot.csv,22.05,"['18F', '215G', '242del', '243del', '244del', '417N', '484K', '501Y', '614G', '701V', '80A']","('Misasi22', 'Imdevimab', 'B.1.351 Spike:-246I', 22.05)"
Misasi22,Casirivimab,B.1.617.2 Spike:+142D,Figure 1A,Pseudovirus (lentivirus),IC50,5.505,1.0,10050.0,1.0,ng/ml,2022-08-02,misasi22-pot.csv,5.505,"['142D', '156G', '157del', '158del', '19R', '452R', '478K', '614G', '681R', '950N']","('Misasi22', 'Casirivimab', 'B.1.617.2 Spike:+142D', 5.505)"
Misasi22,Imdevimab,B.1.617.2 Spike:+142D,Figure 1A,Pseudovirus (lentivirus),IC50,65.7,1.0,10050.0,1.0,ng/ml,2022-08-02,misasi22-pot.csv,65.7,"['142D', '156G', '157del', '158del', '19R', '452R', '478K', '614G', '681R', '950N']","('Misasi22', 'Imdevimab', 'B.1.617.2 Spike:+142D', 65.7)"
Misasi22,Casirivimab,BA.1 Spike,Figure 1A,Pseudovirus (lentivirus),IC50,10050.0,1.0,10050.0,1.0,ng/ml,2022-08-02,misasi22-pot.csv,10050.0,"['142D', '143del', '144del', '145del', '211I', '212del', '339D', '371L', '373P', '375F', '417N', '440K', '446S', '477N', '478K', '484A', '493R', '496S', '498R', '501Y', '505H', '547K', '614G', '655Y', '679K', '67V', '681H', '69del', '70del', '764K', '796Y', '856K', '954H', '95I', '969K', '981F']","('Misasi22', 'Casirivimab', 'BA.1 Spike', 10050.0)"
Misasi22,Imdevimab,BA.1 Spike,Figure 1A,Pseudovirus (lentivirus),IC50,10050.0,1.0,10050.0,1.0,ng/ml,2022-08-02,misasi22-pot.csv,10050.0,"['142D', '143del', '144del', '145del', '211I', '212del', '339D', '371L', '373P', '375F', '417N', '440K', '446S', '477N', '478K', '484A', '493R', '496S', '498R', '501Y', '505H', '547K', '614G', '655Y', '679K', '67V', '681H', '69del', '70del', '764K', '796Y', '856K', '954H', '95I', '969K', '981F']","('Misasi22', 'Imdevimab', 'BA.1 Spike', 10050.0)"
Misasi22,Casirivimab,BA.1.1 Spike,Figure 1A,Pseudovirus (lentivirus),IC50,10050.0,1.0,10050.0,1.0,ng/ml,2022-08-02,misasi22-pot.csv,10050.0,"['142D', '143del', '144del', '145del', '211I', '212del', '339D', '346K', '371L', '373P', '375F', '417N', '440K', '446S', '477N', '478K', '484A', '493R', '496S', '498R', '501Y', '505H', '547K', '614G', '655Y', '679K', '67V', '681H', '69del', '70del', '764K', '796Y', '856K', '954H', '95I', '969K', '981F']","('Misasi22', 'Casirivimab', 'BA.1.1 Spike', 10050.0)"
Misasi22,Imdevimab,BA.1.1 Spike,Figure 1A,Pseudovirus (lentivirus),IC50,10050.0,1.0,10050.0,1.0,ng/ml,2022-08-02,misasi22-pot.csv,10050.0,"['142D', '143del', '144del', '145del', '211I', '212del', '339D', '346K', '371L', '373P', '375F', '417N', '440K', '446S', '477N', '478K', '484A', '493R', '496S', '498R', '501Y', '505H', '547K', '614G', '655Y', '679K', '67V', '681H', '69del', '70del', '764K', '796Y', '856K', '954H', '95I', '969K', '981F']","('Misasi22', 'Imdevimab', 'BA.1.1 Spike', 10050.0)"
Misasi22,Casirivimab,BA.2 Spike,Figure 1A,Pseudovirus (lentivirus),IC50,10050.0,1.0,10050.0,1.0,ng/ml,2022-08-02,misasi22-pot.csv,10050.0,"['142D', '19I', '213G', '24S', '25del', '26del', '27del', '339D', '371F', '373P', '375F', '376A', '405N', '408S', '417N', '440K', '477N', '478K', '484A', '493R', '498R', '501Y', '505H', '614G', '655Y', '679K', '681H', '764K', '796Y', '954H', '969K']","('Misasi22', 'Casirivimab', 'BA.2 Spike', 10050.0)"
Misasi22,Imdevimab,BA.2 Spike,Figure 1A,Pseudovirus (lentivirus),IC50,604.65,1.0,10050.0,1.0,ng/ml,2022-08-02,misasi22-pot.csv,604.65,"['142D', '19I', '213G', '24S', '25del', '26del', '27del', '339D', '371F', '373P', '375F', '376A', '405N', '408S', '417N', '440K', '477N', '478K', '484A', '493R', '498R', '501Y', '505H', '614G', '655Y', '679K', '681H', '764K', '796Y', '954H', '969K']","('Misasi22', 'Imdevimab', 'BA.2 Spike', 604.65)"
Misasi22,Casirivimab,BA.2.12.1 Spike,Figure 1A,Pseudovirus (lentivirus),IC50,10050.0,1.0,10050.0,1.0,ng/ml,2022-08-02,misasi22-pot.csv,10050.0,"['142D', '19I', '213G', '24S', '25del', '26del', '27del', '339D', '371F', '373P', '375F', '376A', '405N', '408S', '417N', '440K', '452Q', '477N', '478K', '484A', '493R', '498R', '501Y', '505H', '614G', '655Y', '679K', '681H', '704L', '764K', '796Y', '954H', '969K']","('Misasi22', 'Casirivimab', 'BA.2.12.1 Spike', 10050.0)"
Misasi22,Imdevimab,BA.2.12.1 Spike,Figure 1A,Pseudovirus (lentivirus),IC50,562.05,1.0,10050.0,1.0,ng/ml,2022-08-02,misasi22-pot.csv,562.05,"['142D', '19I', '213G', '24S', '25del', '26del', '27del', '339D', '371F', '373P', '375F', '376A', '405N', '408S', '417N', '440K', '452Q', '477N', '478K', '484A', '493R', '498R', '501Y', '505H', '614G', '655Y', '679K', '681H', '704L', '764K', '796Y', '954H', '969K']","('Misasi22', 'Imdevimab', 'BA.2.12.1 Spike', 562.05)"
Misasi22,Casirivimab,BA.4/5 Spike,Figure 1A,Pseudovirus (lentivirus),IC50,10050.0,1.0,10050.0,1.0,ng/ml,2022-08-02,misasi22-pot.csv,10050.0,"['142D', '19I', '213G', '24S', '25del', '26del', '27del', '339D', '371F', '373P', '375F', '376A', '405N', '408S', '417N', '440K', '452R', '477N', '478K', '484A', '486V', '498R', '501Y', '505H', '614G', '655Y', '679K', '681H', '69del', '70del', '764K', '796Y', '954H', '969K']","('Misasi22', 'Casirivimab', 'BA.4/5 Spike', 10050.0)"
Misasi22,Imdevimab,BA.4/5 Spike,Figure 1A,Pseudovirus (lentivirus),IC50,5888.4,1.0,10050.0,1.0,ng/ml,2022-08-02,misasi22-pot.csv,5888.4,"['142D', '19I', '213G', '24S', '25del', '26del', '27del', '339D', '371F', '373P', '375F', '376A', '405N', '408S', '417N', '440K', '452R', '477N', '478K', '484A', '486V', '498R', '501Y', '505H', '614G', '655Y', '679K', '681H', '69del', '70del', '764K', '796Y', '954H', '969K']","('Misasi22', 'Imdevimab', 'BA.4/5 Spike', 5888.4)"
Miyakawa21b,Casirivimab,S:614G,Figure 1C,Pseudovirus,IC50,89.0,1.0,1000000.0,0.01,ng/ml,2021-10-21,miyakawa21b-pot.csv,89.0,['614G'],"('Miyakawa21b', 'Casirivimab', 'S:614G', 89.0)"
Miyakawa21b,Casirivimab,B.1.621 Spike,Figure 1C,Pseudovirus,IC50,554.0,1.0,1000000.0,0.01,ng/ml,2021-10-21,miyakawa21b-pot.csv,554.0,"['144S', '145N', '346K', '484K', '501Y', '614G', '681H', '950N', '95I']","('Miyakawa21b', 'Casirivimab', 'B.1.621 Spike', 554.0)"
Miyakawa21b,Casirivimab,B.1.1.7 Spike,Figure 1C,Pseudovirus,IC50,77.0,1.0,1000000.0,0.01,ng/ml,2021-10-21,miyakawa21b-pot.csv,77.0,"['1118H', '144del', '501Y', '570D', '614G', '681H', '69del', '70del', '716I', '982A']","('Miyakawa21b', 'Casirivimab', 'B.1.1.7 Spike', 77.0)"
Miyakawa21b,Casirivimab,B.1.351 Spike,Figure 1C,Pseudovirus,IC50,1096.0,1.0,1000000.0,0.01,ng/ml,2021-10-21,miyakawa21b-pot.csv,1096.0,"['18F', '215G', '242del', '243del', '244del', '246I', '417N', '484K', '501Y', '614G', '701V', '80A']","('Miyakawa21b', 'Casirivimab', 'B.1.351 Spike', 1096.0)"
Miyakawa21b,Casirivimab,P.1 Spike,Figure 1C,Pseudovirus,IC50,1479.0,1.0,1000000.0,0.01,ng/ml,2021-10-21,miyakawa21b-pot.csv,1479.0,"['1027I', '1176F', '138Y', '18F', '190S', '20N', '26S', '417T', '484K', '501Y', '614G', '655Y']","('Miyakawa21b', 'Casirivimab', 'P.1 Spike', 1479.0)"
Miyakawa21b,Casirivimab,B.1.617.2 Spike,Figure 1C,Pseudovirus,IC50,84.0,1.0,1000000.0,0.01,ng/ml,2021-10-21,miyakawa21b-pot.csv,84.0,"['156G', '157del', '158del', '19R', '452R', '478K', '614G', '681R', '950N']","('Miyakawa21b', 'Casirivimab', 'B.1.617.2 Spike', 84.0)"
Miyakawa21b,Casirivimab,C.37 Spike,Figure 1C,Pseudovirus,IC50,83.0,1.0,1000000.0,0.01,ng/ml,2021-10-21,miyakawa21b-pot.csv,83.0,"['246del', '247del', '248del', '249del', '250del', '251del', '252del', '452Q', '490S', '614G', '75V', '76I', '869N']","('Miyakawa21b', 'Casirivimab', 'C.37 Spike', 83.0)"
Miyakawa21b,Imdevimab,S:614G,Figure 1C,Pseudovirus,IC50,65.0,1.0,1000000.0,0.01,ng/ml,2021-10-21,miyakawa21b-pot.csv,65.0,['614G'],"('Miyakawa21b', 'Imdevimab', 'S:614G', 65.0)"
Miyakawa21b,Imdevimab,B.1.621 Spike,Figure 1C,Pseudovirus,IC50,64.0,1.0,1000000.0,0.01,ng/ml,2021-10-21,miyakawa21b-pot.csv,64.0,"['144S', '145N', '346K', '484K', '501Y', '614G', '681H', '950N', '95I']","('Miyakawa21b', 'Imdevimab', 'B.1.621 Spike', 64.0)"
Miyakawa21b,Imdevimab,B.1.1.7 Spike,Figure 1C,Pseudovirus,IC50,20.0,1.0,1000000.0,0.01,ng/ml,2021-10-21,miyakawa21b-pot.csv,20.0,"['1118H', '144del', '501Y', '570D', '614G', '681H', '69del', '70del', '716I', '982A']","('Miyakawa21b', 'Imdevimab', 'B.1.1.7 Spike', 20.0)"
Miyakawa21b,Imdevimab,B.1.351 Spike,Figure 1C,Pseudovirus,IC50,56.0,1.0,1000000.0,0.01,ng/ml,2021-10-21,miyakawa21b-pot.csv,56.0,"['18F', '215G', '242del', '243del', '244del', '246I', '417N', '484K', '501Y', '614G', '701V', '80A']","('Miyakawa21b', 'Imdevimab', 'B.1.351 Spike', 56.0)"
Miyakawa21b,Imdevimab,P.1 Spike,Figure 1C,Pseudovirus,IC50,20.0,1.0,1000000.0,0.01,ng/ml,2021-10-21,miyakawa21b-pot.csv,20.0,"['1027I', '1176F', '138Y', '18F', '190S', '20N', '26S', '417T', '484K', '501Y', '614G', '655Y']","('Miyakawa21b', 'Imdevimab', 'P.1 Spike', 20.0)"
Miyakawa21b,Imdevimab,B.1.617.2 Spike,Figure 1C,Pseudovirus,IC50,96.0,1.0,1000000.0,0.01,ng/ml,2021-10-21,miyakawa21b-pot.csv,96.0,"['156G', '157del', '158del', '19R', '452R', '478K', '614G', '681R', '950N']","('Miyakawa21b', 'Imdevimab', 'B.1.617.2 Spike', 96.0)"
Miyakawa21b,Imdevimab,C.37 Spike,Figure 1C,Pseudovirus,IC50,119.0,1.0,1000000.0,0.01,ng/ml,2021-10-21,miyakawa21b-pot.csv,119.0,"['246del', '247del', '248del', '249del', '250del', '251del', '252del', '452Q', '490S', '614G', '75V', '76I', '869N']","('Miyakawa21b', 'Imdevimab', 'C.37 Spike', 119.0)"
Mlcochova21,Casirivimab,S:19R+142D+156del+157del+158G+452R+478K+614G+681R+950N,Extended Data Table 2,Pseudovirus (VSV),IC50,7.2,1.0,10000.0,1.0,ng/ml,2021-09-28,mlcochova21-pot.csv,7.2,"['142D', '156del', '157del', '158G', '19R', '452R', '478K', '614G', '681R', '950N']","('Mlcochova21', 'Casirivimab', 'S:19R+142D+156del+157del+158G+452R+478K+614G+681R+950N', 7.2)"
Mlcochova21,Imdevimab,S:19R+142D+156del+157del+158G+452R+478K+614G+681R+950N,Extended Data Table 2,Pseudovirus (VSV),IC50,45.4,1.0,10000.0,1.0,ng/ml,2021-09-28,mlcochova21-pot.csv,45.4,"['142D', '156del', '157del', '158G', '19R', '452R', '478K', '614G', '681R', '950N']","('Mlcochova21', 'Imdevimab', 'S:19R+142D+156del+157del+158G+452R+478K+614G+681R+950N', 45.4)"
Moriyama21,Casirivimab,hCoV-19/Japan/TY-WK-521/2020,Figure 3A,Virus isolate,IC50,941.0,1.0,100000.0,1.0,ng/ml,2021-10-21,moriyama21-pot.csv,941.0,"['hCoV', '19/Japan/TY', 'WK', '521/2020']","('Moriyama21', 'Casirivimab', 'hCoV-19/Japan/TY-WK-521/2020', 941.0)"
Moriyama21,Casirivimab,hCoV-19/Japan/QHN002/2020,Figure 3A,Virus isolate,IC50,941.0,1.0,100000.0,1.0,ng/ml,2021-10-21,moriyama21-pot.csv,941.0,"['1118H', '144del', '501Y', '570D', '614G', '681H', '69del', '70del', '716I', '982A']","('Moriyama21', 'Casirivimab', 'hCoV-19/Japan/QHN002/2020', 941.0)"
Moriyama21,Imdevimab,hCoV-19/Japan/TY-WK-521/2020,Figure 3C,Virus isolate,IC50,2581.0,1.0,100000.0,1.0,ng/ml,2021-10-21,moriyama21-pot.csv,2581.0,"['hCoV', '19/Japan/TY', 'WK', '521/2020']","('Moriyama21', 'Imdevimab', 'hCoV-19/Japan/TY-WK-521/2020', 2581.0)"
Moriyama21,Imdevimab,hCoV-19/Japan/QHN002/2020,Figure 3C,Virus isolate,IC50,590.0,1.0,100000.0,1.0,ng/ml,2021-10-21,moriyama21-pot.csv,590.0,"['1118H', '144del', '501Y', '570D', '614G', '681H', '69del', '70del', '716I', '982A']","('Moriyama21', 'Imdevimab', 'hCoV-19/Japan/QHN002/2020', 590.0)"
Moriyama21,Casirivimab,hCoV-19/Japan/TY7-503/2021,Figure 3E,Virus isolate,IC50,100000.0,1.0,100000.0,1.0,ng/ml,2021-10-21,moriyama21-pot.csv,100000.0,"['1027I', '1176F', '138Y', '18F', '190S', '20N', '26S', '417T', '484K', '501Y', '614G', '655Y']","('Moriyama21', 'Casirivimab', 'hCoV-19/Japan/TY7-503/2021', 100000.0)"
Moriyama21,Imdevimab,hCoV-19/Japan/TY7-503/2021,Figure 3G,Virus isolate,IC50,136.0,1.0,100000.0,1.0,ng/ml,2021-10-21,moriyama21-pot.csv,136.0,"['1027I', '1176F', '138Y', '18F', '190S', '20N', '26S', '417T', '484K', '501Y', '614G', '655Y']","('Moriyama21', 'Imdevimab', 'hCoV-19/Japan/TY7-503/2021', 136.0)"
Moriyama21,Casirivimab,hCoV-19/Japan/TY8-612-P0,Figure 3I,Virus isolate,IC50,100000.0,1.0,100000.0,1.0,ng/ml,2021-10-21,moriyama21-pot.csv,100000.0,"['215G', '241del', '242del', '243del', '417N', '484K', '501Y', '614G', '701V', '80A']","('Moriyama21', 'Casirivimab', 'hCoV-19/Japan/TY8-612-P0', 100000.0)"
Moriyama21,Imdevimab,hCoV-19/Japan/TY8-612-P0,Figure 3K,Virus isolate,IC50,352.0,1.0,100000.0,1.0,ng/ml,2021-10-21,moriyama21-pot.csv,352.0,"['215G', '241del', '242del', '243del', '417N', '484K', '501Y', '614G', '701V', '80A']","('Moriyama21', 'Imdevimab', 'hCoV-19/Japan/TY8-612-P0', 352.0)"
Nabel21,Casirivimab,S:614G,"Fig 2A, 2B",Pseudovirus (lentivirus),IC50,25.0,1.0,100000.0,1.0,ng/ml,2022-03-09,nabel21-pot.csv,25.0,['614G'],"('Nabel21', 'Casirivimab', 'S:614G', 25.0)"
Nabel21,Casirivimab,S:5F+95I+253G+477N+614G+701V,"Fig 2A, 2B",Pseudovirus (lentivirus),IC50,25.0,1.0,100000.0,1.0,ng/ml,2022-03-09,nabel21-pot.csv,25.0,"['253G', '477N', '5F', '614G', '701V', '95I']","('Nabel21', 'Casirivimab', 'S:5F+95I+253G+477N+614G+701V', 25.0)"
Nabel21,Casirivimab,S:501Y,"Fig 2A, 2B",Pseudovirus (lentivirus),IC50,19.0,1.0,100000.0,1.0,ng/ml,2022-03-09,nabel21-pot.csv,19.0,['501Y'],"('Nabel21', 'Casirivimab', 'S:501Y', 19.0)"
Nabel21,Casirivimab,S:69del+70del+144del+501Y+570D+614G+681H+716I+982A+1118H,"Fig 2A, 2B",Pseudovirus (lentivirus),IC50,22.0,1.0,100000.0,1.0,ng/ml,2022-03-09,nabel21-pot.csv,22.0,"['1118H', '144del', '501Y', '570D', '614G', '681H', '69del', '70del', '716I', '982A']","('Nabel21', 'Casirivimab', 'S:69del+70del+144del+501Y+570D+614G+681H+716I+982A+1118H', 22.0)"
Nabel21,Casirivimab,S:69del+70del+144del+372S+501Y+570D+614G+681H+716I+982A+1118H,"Fig 2A, 2B",Pseudovirus (lentivirus),IC50,4.0,1.0,100000.0,1.0,ng/ml,2022-03-09,nabel21-pot.csv,4.0,"['1118H', '144del', '372S', '501Y', '570D', '614G', '681H', '69del', '70del', '716I', '982A']","('Nabel21', 'Casirivimab', 'S:69del+70del+144del+372S+501Y+570D+614G+681H+716I+982A+1118H', 4.0)"
Nabel21,Casirivimab,S:439K,"Fig 2A, 2B",Pseudovirus (lentivirus),IC50,19.0,1.0,100000.0,1.0,ng/ml,2022-03-09,nabel21-pot.csv,19.0,['439K'],"('Nabel21', 'Casirivimab', 'S:439K', 19.0)"
Nabel21,Casirivimab,S:75V+76I+246del+247del+248del+249del+250del+251del+252del+253N+452Q+490S+614G+859N,"Fig 2A, 2B",Pseudovirus (lentivirus),IC50,5.0,1.0,100000.0,1.0,ng/ml,2022-03-09,nabel21-pot.csv,5.0,"['246del', '247del', '248del', '249del', '250del', '251del', '252del', '253N', '452Q', '490S', '614G', '75V', '76I', '859N']","('Nabel21', 'Casirivimab', 'S:75V+76I+246del+247del+248del+249del+250del+251del+252del+253N+452Q+490S+614G+859N', 5.0)"
Nabel21,Casirivimab,S:19R+452R+478K+484K+490S+501Y+523N+614G+681R+950N,"Fig 2A, 2B",Pseudovirus (lentivirus),IC50,9.0,1.0,100000.0,1.0,ng/ml,2022-03-09,nabel21-pot.csv,9.0,"['19R', '452R', '478K', '490S', '501Y', '523N', '614G', '681R', '950N']","('Nabel21', 'Casirivimab', 'S:19R+452R+478K+484K+490S+501Y+523N+614G+681R+950N', 9.0)"
Nabel21,Casirivimab,S:5F+95I+253G+484K+614G+701V,"Fig 2A, 2B",Pseudovirus (lentivirus),IC50,63.0,1.0,100000.0,1.0,ng/ml,2022-03-09,nabel21-pot.csv,63.0,"['253G', '484K', '5F', '614G', '701V', '95I']","('Nabel21', 'Casirivimab', 'S:5F+95I+253G+484K+614G+701V', 63.0)"
Nabel21,Casirivimab,S:95I+142D+154K+452R+484Q+614G+681R+1071H,"Fig 2A, 2B",Pseudovirus (lentivirus),IC50,98.0,1.0,100000.0,1.0,ng/ml,2022-03-09,nabel21-pot.csv,98.0,"['1071H', '142D', '154K', '452R', '484Q', '614G', '681R', '95I']","('Nabel21', 'Casirivimab', 'S:95I+142D+154K+452R+484Q+614G+681R+1071H', 98.0)"
Nabel21,Casirivimab,S:13I+152C+452R+614G,"Fig 2A, 2B",Pseudovirus (lentivirus),IC50,40.0,1.0,100000.0,1.0,ng/ml,2022-03-09,nabel21-pot.csv,40.0,"['13I', '152C', '452R', '614G']","('Nabel21', 'Casirivimab', 'S:13I+152C+452R+614G', 40.0)"
Nabel21,Casirivimab,S:493K,"Fig 2A, 2B",Pseudovirus (lentivirus),IC50,4100.0,1.0,100000.0,1.0,ng/ml,2022-03-09,nabel21-pot.csv,4100.0,['493K'],"('Nabel21', 'Casirivimab', 'S:493K', 4100.0)"
Nabel21,Casirivimab,S:493R,"Fig 2A, 2B",Pseudovirus (lentivirus),IC50,557.0,1.0,100000.0,1.0,ng/ml,2022-03-09,nabel21-pot.csv,557.0,['493R'],"('Nabel21', 'Casirivimab', 'S:493R', 557.0)"
Nabel21,Casirivimab,S:19R+70F+156G+157del+158del+222V+417N+452R+478K+614G+681R+950N,"Fig 2A, 2B",Pseudovirus (lentivirus),IC50,2.0,1.0,100000.0,1.0,ng/ml,2022-03-09,nabel21-pot.csv,2.0,"['156G', '157del', '158del', '19R', '222V', '417N', '452R', '478K', '614G', '681R', '70F', '950N']","('Nabel21', 'Casirivimab', 'S:19R+70F+156G+157del+158del+222V+417N+452R+478K+614G+681R+950N', 2.0)"
Nabel21,Casirivimab,S:18F+20N+26S+138Y+190S+417T+484K+501Y+614G+655Y+1027I+1176F,"Fig 2A, 2B",Pseudovirus (lentivirus),IC50,171.0,1.0,100000.0,1.0,ng/ml,2022-03-09,nabel21-pot.csv,171.0,"['1027I', '1176F', '138Y', '18F', '190S', '20N', '26S', '417T', '484K', '501Y', '614G', '655Y']","('Nabel21', 'Casirivimab', 'S:18F+20N+26S+138Y+190S+417T+484K+501Y+614G+655Y+1027I+1176F', 171.0)"
Nabel21,Casirivimab,S:80A+215G+241del+242del+243del+417N+484K+501Y+614G+701V,"Fig 2A, 2B",Pseudovirus (lentivirus),IC50,883.0,1.0,100000.0,1.0,ng/ml,2022-03-09,nabel21-pot.csv,883.0,"['215G', '241del', '242del', '243del', '417N', '484K', '501Y', '614G', '701V', '80A']","('Nabel21', 'Casirivimab', 'S:80A+215G+241del+242del+243del+417N+484K+501Y+614G+701V', 883.0)"
Nabel21,Casirivimab,hCoV-19/USA/MA-JLL-D152/2020 Spike:+Y489H,"Fig 2A, 2B",Pseudovirus (lentivirus),IC50,29800.0,1.0,100000.0,1.0,ng/ml,2022-03-09,nabel21-pot.csv,29800.0,"['141del', '142del', '143del', '144del', '183H', '478K', '484A', '486I', '489H', '494P', '501Y', '614G', '870V']","('Nabel21', 'Casirivimab', 'hCoV-19/USA/MA-JLL-D152/2020 Spike:+Y489H', 29800.0)"
Nabel21,Casirivimab,hCoV-19/USA/MA-JLL-D146/2020 Spike:+E484K+Y489H-N440D,"Fig 2A, 2B",Pseudovirus (lentivirus),IC50,29900.0,1.0,100000.0,1.0,ng/ml,2022-03-09,nabel21-pot.csv,29900.0,"['142del', '143del', '144del', '183H', '478K', '484K', '489H', '493K', '494P', '501Y', '614G', '870V']","('Nabel21', 'Casirivimab', 'hCoV-19/USA/MA-JLL-D146/2020 Spike:+E484K+Y489H-N440D', 29900.0)"
Nabel21,Casirivimab,hCoV-19/USA/MA-JLL-D146/2020 Spike:+K417N+E484K+Y489H-N440D,"Fig 2A, 2B",Pseudovirus (lentivirus),IC50,24100.0,1.0,100000.0,1.0,ng/ml,2022-03-09,nabel21-pot.csv,24100.0,"['142del', '143del', '144del', '183H', '417N', '478K', '484K', '489H', '493K', '494P', '501Y', '614G', '870V']","('Nabel21', 'Casirivimab', 'hCoV-19/USA/MA-JLL-D146/2020 Spike:+K417N+E484K+Y489H-N440D', 24100.0)"
Nabel21,Casirivimab,hCoV-19/USA/MA-JLL-D146/2020 Spike:+Y489H,"Fig 2A, 2B",Pseudovirus (lentivirus),IC50,19500.0,1.0,100000.0,1.0,ng/ml,2022-03-09,nabel21-pot.csv,19500.0,"['1020S', '142del', '143del', '144del', '183H', '440D', '478K', '489H', '493K', '494P', '501Y', '614G', '870V']","('Nabel21', 'Casirivimab', 'hCoV-19/USA/MA-JLL-D146/2020 Spike:+Y489H', 19500.0)"
Nabel21,Casirivimab,hCoV-19/South Africa/Tygerberg-461/2020 Spike:+N439K+L452R,"Fig 2A, 2B",Pseudovirus (lentivirus),IC50,47300.0,1.0,100000.0,1.0,ng/ml,2022-03-09,nabel21-pot.csv,47300.0,"['215G', '242del', '243del', '244del', '417N', '439K', '452R', '484K', '501Y', '614G', '701V', '80A']","('Nabel21', 'Casirivimab', 'hCoV-19/South Africa/Tygerberg-461/2020 Spike:+N439K+L452R', 47300.0)"
Nabel21,Casirivimab,SARS-CoV Spike:+359A,"Fig 2A, 2B",Pseudovirus (lentivirus),IC50,100000.0,1.0,100000.0,1.0,ng/ml,2022-03-09,nabel21-pot.csv,100000.0,"['100V', '101V', '1055A', '105V', '1070S', '1073R', '1084E', '1088Y', '108S', '1097F', '1101S', '1104I', '110M', '1110F', '1111S', '111N', '112N', '1133I', '114S', '117V', '118I', '11T', '120I', '1216V', '1233L', '123S', '1247A', '129R', '130A', '132N', '134E', '135L', '137D', '138N', '141F', '142A', '144S', '145K', '146P', '147del', '148M', '149G', '14D', '150del', '151del', '152del', '153T', '154Q', '155T', '156H', '157T', '158M', '159I', '15L', '160F', '161D', '162N', '164F', '16D', '171I', '173D', '174A', '176S', '177L', '179V', '17R', '180S', '181E', '183S', '188H', '18C', '197K', '200F', '201L', '202Y', '203V', '205K', '206G', '207Y', '208Q', '211D', '212V', '218S', '21F', '221N', '222T', '224K', '226I', '227F', '228K', '22D', '231L', '237N', '239R', '23D', '240A', '241I', '243T', '244A', '245del', '246del', '247F', '248S', '249P', '24V', '250A', '251Q', '252D', '253I', '254del', '255del', '256del', '257del', '259G', '260T', '261S', '266F', '271K', '273T', '276M', '27N', '280D', '292S', '293Q', '294N', '297A', '299L', '302S', '303V', '307E', '308I', '309D', '321V', '323S', '324G', '325D', '326V', '32S', '33M', '346K', '348P', '354E', '357K', '359A', '372T', '373F', '384A', '393S', '3I', '402V', '403K', '406D', '417V', '41E', '42I', '430M', '434L', '438T', '439R', '441I', '443A', '444T', '445S', '446T', '452K', '455Y', '456L', '458H', '459G', '460K', '462R', '46D', '470N', '471V', '472P', '473F', '474S', '475P', '476D', '477G', '478K', '47T', '481T', '482P', '483del', '484P', '485A', '486L', '490W', '493N', '494D', '498Y', '499T', '49Y', '501T', '503I', '50L', '519N', '529L', '532D', '534I', '537Q', '554P', '556S', '558R', '560Q', '569V', '570S', '572F', '575S', '580K', '582S', '588S', '591A', '59Y', '604A', '606S', '607E', '619D', '621S', '622T', '632A', '635I', '640N', '646Q', '64G', '657D', '658T', '675H', '677V', '678S', '679L', '67T', '680L', '681del', '682del', '683del', '684del', '687T', '688S', '689Q', '690K', '693V', '69N', '6L', '702D', '703S', '705I', '70H', '711T', '719S', '71T', '722I', '726V', '727M', '72del', '732A', '739N', '73del', '74del', '750A', '75del', '768S', '76del', '772A', '776R', '779R', '77del', '788M', '78del', '793T', '794L', '796Y', '7F', '80G', '810L', '813T', '834M', '839E', '845N', '84I', '868D', '872A', '875A', '878V', '879S', '87K', '882A', '884A', '90I', '922Q', '929K', '932S', '933Q', '936E', '939T', '940T', '942S', '943T', '94A', '9T']","('Nabel21', 'Casirivimab', 'SARS-CoV Spike:+359A', 100000.0)"
Nabel21,Casirivimab,SARS-CoV Spike,"Fig 2A, 2B",Pseudovirus (lentivirus),IC50,100000.0,1.0,100000.0,1.0,ng/ml,2022-03-09,nabel21-pot.csv,100000.0,"['100V', '101V', '1055A', '105V', '1070S', '1073R', '1084E', '1088Y', '108S', '1097F', '1101S', '1104I', '110M', '1110F', '1111S', '111N', '112N', '1133I', '114S', '117V', '118I', '11T', '120I', '1216V', '1233L', '123S', '1247A', '129R', '130A', '132N', '134E', '135L', '137D', '138N', '141F', '142A', '144S', '145K', '146P', '147del', '148M', '149G', '14D', '150del', '151del', '152del', '153T', '154Q', '155T', '156H', '157T', '158M', '159I', '15L', '160F', '161D', '162N', '164F', '16D', '171I', '173D', '174A', '176S', '177L', '179V', '17R', '180S', '181E', '183S', '188H', '18C', '197K', '200F', '201L', '202Y', '203V', '205K', '206G', '207Y', '208Q', '211D', '212V', '218S', '21F', '221N', '222T', '224K', '226I', '227F', '228K', '22D', '231L', '237N', '239R', '23D', '240A', '241I', '243T', '244A', '245del', '246del', '247F', '248S', '249P', '24V', '250A', '251Q', '252D', '253I', '254del', '255del', '256del', '257del', '259G', '260T', '261S', '266F', '271K', '273T', '276M', '27N', '280D', '292S', '293Q', '294N', '297A', '299L', '302S', '303V', '307E', '308I', '309D', '321V', '323S', '324G', '325D', '326V', '32S', '33M', '346K', '348P', '354E', '357K', '372T', '373F', '384A', '393S', '3I', '402V', '403K', '406D', '417V', '41E', '42I', '430M', '434L', '438T', '439R', '441I', '443A', '444T', '445S', '446T', '452K', '455Y', '456L', '458H', '459G', '460K', '462R', '46D', '470N', '471V', '472P', '473F', '474S', '475P', '476D', '477G', '478K', '47T', '481T', '482P', '483del', '484P', '485A', '486L', '490W', '493N', '494D', '498Y', '499T', '49Y', '501T', '503I', '50L', '519N', '529L', '532D', '534I', '537Q', '554P', '556S', '558R', '560Q', '569V', '570S', '572F', '575S', '580K', '582S', '588S', '591A', '59Y', '604A', '606S', '607E', '619D', '621S', '622T', '632A', '635I', '640N', '646Q', '64G', '657D', '658T', '675H', '677V', '678S', '679L', '67T', '680L', '681del', '682del', '683del', '684del', '687T', '688S', '689Q', '690K', '693V', '69N', '6L', '702D', '703S', '705I', '70H', '711T', '719S', '71T', '722I', '726V', '727M', '72del', '732A', '739N', '73del', '74del', '750A', '75del', '768S', '76del', '772A', '776R', '779R', '77del', '788M', '78del', '793T', '794L', '796Y', '7F', '80G', '810L', '813T', '834M', '839E', '845N', '84I', '868D', '872A', '875A', '878V', '879S', '87K', '882A', '884A', '90I', '922Q', '929K', '932S', '933Q', '936E', '939T', '940T', '942S', '943T', '94A', '9T']","('Nabel21', 'Casirivimab', 'SARS-CoV Spike', 100000.0)"
Nabel21,Imdevimab,S:614G,"Fig 2A, 2B",Pseudovirus (lentivirus),IC50,32.0,1.0,100000.0,1.0,ng/ml,2022-03-09,nabel21-pot.csv,32.0,['614G'],"('Nabel21', 'Imdevimab', 'S:614G', 32.0)"
Nabel21,Imdevimab,S:5F+95I+253G+477N+614G+701V,"Fig 2A, 2B",Pseudovirus (lentivirus),IC50,44.0,1.0,100000.0,1.0,ng/ml,2022-03-09,nabel21-pot.csv,44.0,"['253G', '477N', '5F', '614G', '701V', '95I']","('Nabel21', 'Imdevimab', 'S:5F+95I+253G+477N+614G+701V', 44.0)"
Nabel21,Imdevimab,S:501Y,"Fig 2A, 2B",Pseudovirus (lentivirus),IC50,38.0,1.0,100000.0,1.0,ng/ml,2022-03-09,nabel21-pot.csv,38.0,['501Y'],"('Nabel21', 'Imdevimab', 'S:501Y', 38.0)"
Nabel21,Imdevimab,S:69del+70del+144del+501Y+570D+614G+681H+716I+982A+1118H,"Fig 2A, 2B",Pseudovirus (lentivirus),IC50,28.0,1.0,100000.0,1.0,ng/ml,2022-03-09,nabel21-pot.csv,28.0,"['1118H', '144del', '501Y', '570D', '614G', '681H', '69del', '70del', '716I', '982A']","('Nabel21', 'Imdevimab', 'S:69del+70del+144del+501Y+570D+614G+681H+716I+982A+1118H', 28.0)"
Nabel21,Imdevimab,S:69del+70del+144del+372S+501Y+570D+614G+681H+716I+982A+1118H,"Fig 2A, 2B",Pseudovirus (lentivirus),IC50,31.0,1.0,100000.0,1.0,ng/ml,2022-03-09,nabel21-pot.csv,31.0,"['1118H', '144del', '372S', '501Y', '570D', '614G', '681H', '69del', '70del', '716I', '982A']","('Nabel21', 'Imdevimab', 'S:69del+70del+144del+372S+501Y+570D+614G+681H+716I+982A+1118H', 31.0)"
Nabel21,Imdevimab,S:439K,"Fig 2A, 2B",Pseudovirus (lentivirus),IC50,2400.0,1.0,100000.0,1.0,ng/ml,2022-03-09,nabel21-pot.csv,2400.0,['439K'],"('Nabel21', 'Imdevimab', 'S:439K', 2400.0)"
Nabel21,Imdevimab,S:75V+76I+246del+247del+248del+249del+250del+251del+252del+253N+452Q+490S+614G+859N,"Fig 2A, 2B",Pseudovirus (lentivirus),IC50,12.0,1.0,100000.0,1.0,ng/ml,2022-03-09,nabel21-pot.csv,12.0,"['246del', '247del', '248del', '249del', '250del', '251del', '252del', '253N', '452Q', '490S', '614G', '75V', '76I', '859N']","('Nabel21', 'Imdevimab', 'S:75V+76I+246del+247del+248del+249del+250del+251del+252del+253N+452Q+490S+614G+859N', 12.0)"
Nabel21,Imdevimab,S:19R+452R+478K+484K+490S+501Y+523N+614G+681R+950N,"Fig 2A, 2B",Pseudovirus (lentivirus),IC50,27.0,1.0,100000.0,1.0,ng/ml,2022-03-09,nabel21-pot.csv,27.0,"['19R', '452R', '478K', '490S', '501Y', '523N', '614G', '681R', '950N']","('Nabel21', 'Imdevimab', 'S:19R+452R+478K+484K+490S+501Y+523N+614G+681R+950N', 27.0)"
Nabel21,Imdevimab,S:5F+95I+253G+484K+614G+701V,"Fig 2A, 2B",Pseudovirus (lentivirus),IC50,88.0,1.0,100000.0,1.0,ng/ml,2022-03-09,nabel21-pot.csv,88.0,"['253G', '484K', '5F', '614G', '701V', '95I']","('Nabel21', 'Imdevimab', 'S:5F+95I+253G+484K+614G+701V', 88.0)"
Nabel21,Imdevimab,S:95I+142D+154K+452R+484Q+614G+681R+1071H,"Fig 2A, 2B",Pseudovirus (lentivirus),IC50,1000.0,1.0,100000.0,1.0,ng/ml,2022-03-09,nabel21-pot.csv,1000.0,"['1071H', '142D', '154K', '452R', '484Q', '614G', '681R', '95I']","('Nabel21', 'Imdevimab', 'S:95I+142D+154K+452R+484Q+614G+681R+1071H', 1000.0)"
Nabel21,Imdevimab,S:13I+152C+452R+614G,"Fig 2A, 2B",Pseudovirus (lentivirus),IC50,1900.0,1.0,100000.0,1.0,ng/ml,2022-03-09,nabel21-pot.csv,1900.0,"['13I', '152C', '452R', '614G']","('Nabel21', 'Imdevimab', 'S:13I+152C+452R+614G', 1900.0)"
Nabel21,Imdevimab,S:493K,"Fig 2A, 2B",Pseudovirus (lentivirus),IC50,44.0,1.0,100000.0,1.0,ng/ml,2022-03-09,nabel21-pot.csv,44.0,['493K'],"('Nabel21', 'Imdevimab', 'S:493K', 44.0)"
Nabel21,Imdevimab,S:493R,"Fig 2A, 2B",Pseudovirus (lentivirus),IC50,47.0,1.0,100000.0,1.0,ng/ml,2022-03-09,nabel21-pot.csv,47.0,['493R'],"('Nabel21', 'Imdevimab', 'S:493R', 47.0)"
Nabel21,Imdevimab,S:19R+70F+156G+157del+158del+222V+417N+452R+478K+614G+681R+950N,"Fig 2A, 2B",Pseudovirus (lentivirus),IC50,48.0,1.0,100000.0,1.0,ng/ml,2022-03-09,nabel21-pot.csv,48.0,"['156G', '157del', '158del', '19R', '222V', '417N', '452R', '478K', '614G', '681R', '70F', '950N']","('Nabel21', 'Imdevimab', 'S:19R+70F+156G+157del+158del+222V+417N+452R+478K+614G+681R+950N', 48.0)"
Nabel21,Imdevimab,S:18F+20N+26S+138Y+190S+417T+484K+501Y+614G+655Y+1027I+1176F,"Fig 2A, 2B",Pseudovirus (lentivirus),IC50,68.0,1.0,100000.0,1.0,ng/ml,2022-03-09,nabel21-pot.csv,68.0,"['1027I', '1176F', '138Y', '18F', '190S', '20N', '26S', '417T', '484K', '501Y', '614G', '655Y']","('Nabel21', 'Imdevimab', 'S:18F+20N+26S+138Y+190S+417T+484K+501Y+614G+655Y+1027I+1176F', 68.0)"
Nabel21,Imdevimab,S:80A+215G+241del+242del+243del+417N+484K+501Y+614G+701V,"Fig 2A, 2B",Pseudovirus (lentivirus),IC50,50.0,1.0,100000.0,1.0,ng/ml,2022-03-09,nabel21-pot.csv,50.0,"['215G', '241del', '242del', '243del', '417N', '484K', '501Y', '614G', '701V', '80A']","('Nabel21', 'Imdevimab', 'S:80A+215G+241del+242del+243del+417N+484K+501Y+614G+701V', 50.0)"
Nabel21,Imdevimab,hCoV-19/USA/MA-JLL-D152/2020 Spike:+Y489H,"Fig 2A, 2B",Pseudovirus (lentivirus),IC50,26.0,1.0,100000.0,1.0,ng/ml,2022-03-09,nabel21-pot.csv,26.0,"['141del', '142del', '143del', '144del', '183H', '478K', '484A', '486I', '489H', '494P', '501Y', '614G', '870V']","('Nabel21', 'Imdevimab', 'hCoV-19/USA/MA-JLL-D152/2020 Spike:+Y489H', 26.0)"
Nabel21,Imdevimab,hCoV-19/USA/MA-JLL-D146/2020 Spike:+E484K+Y489H-N440D,"Fig 2A, 2B",Pseudovirus (lentivirus),IC50,17.0,1.0,100000.0,1.0,ng/ml,2022-03-09,nabel21-pot.csv,17.0,"['142del', '143del', '144del', '183H', '478K', '484K', '489H', '493K', '494P', '501Y', '614G', '870V']","('Nabel21', 'Imdevimab', 'hCoV-19/USA/MA-JLL-D146/2020 Spike:+E484K+Y489H-N440D', 17.0)"
Nabel21,Imdevimab,hCoV-19/USA/MA-JLL-D146/2020 Spike:+K417N+E484K+Y489H-N440D,"Fig 2A, 2B",Pseudovirus (lentivirus),IC50,19.0,1.0,100000.0,1.0,ng/ml,2022-03-09,nabel21-pot.csv,19.0,"['142del', '143del', '144del', '183H', '417N', '478K', '484K', '489H', '493K', '494P', '501Y', '614G', '870V']","('Nabel21', 'Imdevimab', 'hCoV-19/USA/MA-JLL-D146/2020 Spike:+K417N+E484K+Y489H-N440D', 19.0)"
Nabel21,Imdevimab,hCoV-19/USA/MA-JLL-D146/2020 Spike:+Y489H,"Fig 2A, 2B",Pseudovirus (lentivirus),IC50,1800.0,1.0,100000.0,1.0,ng/ml,2022-03-09,nabel21-pot.csv,1800.0,"['1020S', '142del', '143del', '144del', '183H', '440D', '478K', '489H', '493K', '494P', '501Y', '614G', '870V']","('Nabel21', 'Imdevimab', 'hCoV-19/USA/MA-JLL-D146/2020 Spike:+Y489H', 1800.0)"
Nabel21,Imdevimab,hCoV-19/South Africa/Tygerberg-461/2020 Spike:+N439K+L452R,"Fig 2A, 2B",Pseudovirus (lentivirus),IC50,509.0,1.0,100000.0,1.0,ng/ml,2022-03-09,nabel21-pot.csv,509.0,"['215G', '242del', '243del', '244del', '417N', '439K', '452R', '484K', '501Y', '614G', '701V', '80A']","('Nabel21', 'Imdevimab', 'hCoV-19/South Africa/Tygerberg-461/2020 Spike:+N439K+L452R', 509.0)"
Nabel21,Imdevimab,SARS-CoV Spike:+359A,"Fig 2A, 2B",Pseudovirus (lentivirus),IC50,100000.0,1.0,100000.0,1.0,ng/ml,2022-03-09,nabel21-pot.csv,100000.0,"['100V', '101V', '1055A', '105V', '1070S', '1073R', '1084E', '1088Y', '108S', '1097F', '1101S', '1104I', '110M', '1110F', '1111S', '111N', '112N', '1133I', '114S', '117V', '118I', '11T', '120I', '1216V', '1233L', '123S', '1247A', '129R', '130A', '132N', '134E', '135L', '137D', '138N', '141F', '142A', '144S', '145K', '146P', '147del', '148M', '149G', '14D', '150del', '151del', '152del', '153T', '154Q', '155T', '156H', '157T', '158M', '159I', '15L', '160F', '161D', '162N', '164F', '16D', '171I', '173D', '174A', '176S', '177L', '179V', '17R', '180S', '181E', '183S', '188H', '18C', '197K', '200F', '201L', '202Y', '203V', '205K', '206G', '207Y', '208Q', '211D', '212V', '218S', '21F', '221N', '222T', '224K', '226I', '227F', '228K', '22D', '231L', '237N', '239R', '23D', '240A', '241I', '243T', '244A', '245del', '246del', '247F', '248S', '249P', '24V', '250A', '251Q', '252D', '253I', '254del', '255del', '256del', '257del', '259G', '260T', '261S', '266F', '271K', '273T', '276M', '27N', '280D', '292S', '293Q', '294N', '297A', '299L', '302S', '303V', '307E', '308I', '309D', '321V', '323S', '324G', '325D', '326V', '32S', '33M', '346K', '348P', '354E', '357K', '359A', '372T', '373F', '384A', '393S', '3I', '402V', '403K', '406D', '417V', '41E', '42I', '430M', '434L', '438T', '439R', '441I', '443A', '444T', '445S', '446T', '452K', '455Y', '456L', '458H', '459G', '460K', '462R', '46D', '470N', '471V', '472P', '473F', '474S', '475P', '476D', '477G', '478K', '47T', '481T', '482P', '483del', '484P', '485A', '486L', '490W', '493N', '494D', '498Y', '499T', '49Y', '501T', '503I', '50L', '519N', '529L', '532D', '534I', '537Q', '554P', '556S', '558R', '560Q', '569V', '570S', '572F', '575S', '580K', '582S', '588S', '591A', '59Y', '604A', '606S', '607E', '619D', '621S', '622T', '632A', '635I', '640N', '646Q', '64G', '657D', '658T', '675H', '677V', '678S', '679L', '67T', '680L', '681del', '682del', '683del', '684del', '687T', '688S', '689Q', '690K', '693V', '69N', '6L', '702D', '703S', '705I', '70H', '711T', '719S', '71T', '722I', '726V', '727M', '72del', '732A', '739N', '73del', '74del', '750A', '75del', '768S', '76del', '772A', '776R', '779R', '77del', '788M', '78del', '793T', '794L', '796Y', '7F', '80G', '810L', '813T', '834M', '839E', '845N', '84I', '868D', '872A', '875A', '878V', '879S', '87K', '882A', '884A', '90I', '922Q', '929K', '932S', '933Q', '936E', '939T', '940T', '942S', '943T', '94A', '9T']","('Nabel21', 'Imdevimab', 'SARS-CoV Spike:+359A', 100000.0)"
Nabel21,Imdevimab,SARS-CoV Spike,"Fig 2A, 2B",Pseudovirus (lentivirus),IC50,100000.0,1.0,100000.0,1.0,ng/ml,2022-03-09,nabel21-pot.csv,100000.0,"['100V', '101V', '1055A', '105V', '1070S', '1073R', '1084E', '1088Y', '108S', '1097F', '1101S', '1104I', '110M', '1110F', '1111S', '111N', '112N', '1133I', '114S', '117V', '118I', '11T', '120I', '1216V', '1233L', '123S', '1247A', '129R', '130A', '132N', '134E', '135L', '137D', '138N', '141F', '142A', '144S', '145K', '146P', '147del', '148M', '149G', '14D', '150del', '151del', '152del', '153T', '154Q', '155T', '156H', '157T', '158M', '159I', '15L', '160F', '161D', '162N', '164F', '16D', '171I', '173D', '174A', '176S', '177L', '179V', '17R', '180S', '181E', '183S', '188H', '18C', '197K', '200F', '201L', '202Y', '203V', '205K', '206G', '207Y', '208Q', '211D', '212V', '218S', '21F', '221N', '222T', '224K', '226I', '227F', '228K', '22D', '231L', '237N', '239R', '23D', '240A', '241I', '243T', '244A', '245del', '246del', '247F', '248S', '249P', '24V', '250A', '251Q', '252D', '253I', '254del', '255del', '256del', '257del', '259G', '260T', '261S', '266F', '271K', '273T', '276M', '27N', '280D', '292S', '293Q', '294N', '297A', '299L', '302S', '303V', '307E', '308I', '309D', '321V', '323S', '324G', '325D', '326V', '32S', '33M', '346K', '348P', '354E', '357K', '372T', '373F', '384A', '393S', '3I', '402V', '403K', '406D', '417V', '41E', '42I', '430M', '434L', '438T', '439R', '441I', '443A', '444T', '445S', '446T', '452K', '455Y', '456L', '458H', '459G', '460K', '462R', '46D', '470N', '471V', '472P', '473F', '474S', '475P', '476D', '477G', '478K', '47T', '481T', '482P', '483del', '484P', '485A', '486L', '490W', '493N', '494D', '498Y', '499T', '49Y', '501T', '503I', '50L', '519N', '529L', '532D', '534I', '537Q', '554P', '556S', '558R', '560Q', '569V', '570S', '572F', '575S', '580K', '582S', '588S', '591A', '59Y', '604A', '606S', '607E', '619D', '621S', '622T', '632A', '635I', '640N', '646Q', '64G', '657D', '658T', '675H', '677V', '678S', '679L', '67T', '680L', '681del', '682del', '683del', '684del', '687T', '688S', '689Q', '690K', '693V', '69N', '6L', '702D', '703S', '705I', '70H', '711T', '719S', '71T', '722I', '726V', '727M', '72del', '732A', '739N', '73del', '74del', '750A', '75del', '768S', '76del', '772A', '776R', '779R', '77del', '788M', '78del', '793T', '794L', '796Y', '7F', '80G', '810L', '813T', '834M', '839E', '845N', '84I', '868D', '872A', '875A', '878V', '879S', '87K', '882A', '884A', '90I', '922Q', '929K', '932S', '933Q', '936E', '939T', '940T', '942S', '943T', '94A', '9T']","('Nabel21', 'Imdevimab', 'SARS-CoV Spike', 100000.0)"
Ohashi22,Casirivimab,hCoV-19/Japan/TY-WK-521/2020,Table 1,Virus isolate,IC50,13.9,1.0,10000.0,1.0,ng/ml,2022-04-12,ohashi22-pot.csv,13.9,"['hCoV', '19/Japan/TY', 'WK', '521/2020']","('Ohashi22', 'Casirivimab', 'hCoV-19/Japan/TY-WK-521/2020', 13.9)"
Ohashi22,Casirivimab,hCoV-19/Japan/QK002/2020,Table 1,Virus isolate,IC50,13.6,1.0,10000.0,1.0,ng/ml,2022-04-12,ohashi22-pot.csv,13.6,"['hCoV', '19/Japan/QK002/2020']","('Ohashi22', 'Casirivimab', 'hCoV-19/Japan/QK002/2020', 13.6)"
Ohashi22,Casirivimab,hCoV-19/Japan/TY7-501/2021,Table 1,Virus isolate,IC50,14.0,1.0,10000.0,1.0,ng/ml,2022-04-12,ohashi22-pot.csv,14.0,"['1027I', '1176F', '138Y', '181V', '18F', '190S', '20N', '26S', '417T', '484K', '501Y', '614G', '655Y']","('Ohashi22', 'Casirivimab', 'hCoV-19/Japan/TY7-501/2021', 14.0)"
Ohashi22,Casirivimab,hCoV-19/Japan/TY11-927-P1/2021,Table 1,Virus isolate,IC50,21.7,1.0,10000.0,1.0,ng/ml,2022-04-12,ohashi22-pot.csv,21.7,"['142D', '156del', '157del', '158G', '19R', '452R', '478K', '614G', '681R', '950N']","('Ohashi22', 'Casirivimab', 'hCoV-19/Japan/TY11-927-P1/2021', 21.7)"
Ohashi22,Casirivimab,hCoV-19/Japan/TY38-873P0/2021,Table 1,Virus isolate,IC50,10000.0,1.0,10000.0,1.0,ng/ml,2022-04-12,ohashi22-pot.csv,10000.0,"['142D', '143del', '144del', '145del', '211I', '212del', '339D', '371L', '373P', '375F', '417N', '440K', '446S', '477N', '478K', '484A', '493R', '496S', '498R', '501Y', '505H', '547K', '614G', '655Y', '679K', '67V', '681H', '69del', '70del', '764K', '796Y', '856K', '954H', '95I', '969K', '981F']","('Ohashi22', 'Casirivimab', 'hCoV-19/Japan/TY38-873P0/2021', 10000.0)"
Ohashi22,Casirivimab,hCoV-19/Japan/TY40-385-P1/2022,Table 1,Virus isolate,IC50,10000.0,1.0,10000.0,1.0,ng/ml,2022-04-12,ohashi22-pot.csv,10000.0,"['hCoV', '19/Japan/TY40', '385', 'P1/2022']","('Ohashi22', 'Casirivimab', 'hCoV-19/Japan/TY40-385-P1/2022', 10000.0)"
Ohashi22,Imdevimab,hCoV-19/Japan/TY-WK-521/2020,Table 1,Virus isolate,IC50,12.5,1.0,10000.0,1.0,ng/ml,2022-04-12,ohashi22-pot.csv,12.5,"['hCoV', '19/Japan/TY', 'WK', '521/2020']","('Ohashi22', 'Imdevimab', 'hCoV-19/Japan/TY-WK-521/2020', 12.5)"
Ohashi22,Imdevimab,hCoV-19/Japan/QK002/2020,Table 1,Virus isolate,IC50,22.7,1.0,10000.0,1.0,ng/ml,2022-04-12,ohashi22-pot.csv,22.7,"['hCoV', '19/Japan/QK002/2020']","('Ohashi22', 'Imdevimab', 'hCoV-19/Japan/QK002/2020', 22.7)"
Ohashi22,Imdevimab,hCoV-19/Japan/TY7-501/2021,Table 1,Virus isolate,IC50,8.2,1.0,10000.0,1.0,ng/ml,2022-04-12,ohashi22-pot.csv,8.2,"['1027I', '1176F', '138Y', '181V', '18F', '190S', '20N', '26S', '417T', '484K', '501Y', '614G', '655Y']","('Ohashi22', 'Imdevimab', 'hCoV-19/Japan/TY7-501/2021', 8.2)"
Ohashi22,Imdevimab,hCoV-19/Japan/TY11-927-P1/2021,Table 1,Virus isolate,IC50,29.0,1.0,10000.0,1.0,ng/ml,2022-04-12,ohashi22-pot.csv,29.0,"['142D', '156del', '157del', '158G', '19R', '452R', '478K', '614G', '681R', '950N']","('Ohashi22', 'Imdevimab', 'hCoV-19/Japan/TY11-927-P1/2021', 29.0)"
Ohashi22,Imdevimab,hCoV-19/Japan/TY38-873P0/2021,Table 1,Virus isolate,IC50,10000.0,1.0,10000.0,1.0,ng/ml,2022-04-12,ohashi22-pot.csv,10000.0,"['142D', '143del', '144del', '145del', '211I', '212del', '339D', '371L', '373P', '375F', '417N', '440K', '446S', '477N', '478K', '484A', '493R', '496S', '498R', '501Y', '505H', '547K', '614G', '655Y', '679K', '67V', '681H', '69del', '70del', '764K', '796Y', '856K', '954H', '95I', '969K', '981F']","('Ohashi22', 'Imdevimab', 'hCoV-19/Japan/TY38-873P0/2021', 10000.0)"
Ohashi22,Imdevimab,hCoV-19/Japan/TY40-385-P1/2022,Table 1,Virus isolate,IC50,1252.5,1.0,10000.0,1.0,ng/ml,2022-04-12,ohashi22-pot.csv,1252.5,"['hCoV', '19/Japan/TY40', '385', 'P1/2022']","('Ohashi22', 'Imdevimab', 'hCoV-19/Japan/TY40-385-P1/2022', 1252.5)"
Pelzek22,Casirivimab,B.1.1.7 Spike,Extended Table 1,Pseudovirus (lentivirus),IC50,26.0,1.0,10000.0,1.0,ng/ml,2022-04-13,pelzek22-pot.csv,26.0,"['1118H', '144del', '501Y', '570D', '614G', '681H', '69del', '70del', '716I', '982A']","('Pelzek22', 'Casirivimab', 'B.1.1.7 Spike', 26.0)"
Pelzek22,Casirivimab,B.1.351 Spike,Extended Table 1,Pseudovirus (lentivirus),IC50,1733.0,1.0,10000.0,1.0,ng/ml,2022-04-13,pelzek22-pot.csv,1733.0,"['18F', '215G', '242del', '243del', '244del', '246I', '417N', '484K', '501Y', '614G', '701V', '80A']","('Pelzek22', 'Casirivimab', 'B.1.351 Spike', 1733.0)"
Pelzek22,Casirivimab,P.1 Spike,Extended Table 1,Pseudovirus (lentivirus),IC50,2189.0,1.0,10000.0,1.0,ng/ml,2022-04-13,pelzek22-pot.csv,2189.0,"['1027I', '1176F', '138Y', '18F', '190S', '20N', '26S', '417T', '484K', '501Y', '614G', '655Y']","('Pelzek22', 'Casirivimab', 'P.1 Spike', 2189.0)"
Pelzek22,Casirivimab,B.1.617.2 Spike,Extended Table 1,Pseudovirus (lentivirus),IC50,16.0,1.0,10000.0,1.0,ng/ml,2022-04-13,pelzek22-pot.csv,16.0,"['156G', '157del', '158del', '19R', '452R', '478K', '614G', '681R', '950N']","('Pelzek22', 'Casirivimab', 'B.1.617.2 Spike', 16.0)"
Pelzek22,Casirivimab,B.1.525 Spike,Extended Table 1,Pseudovirus (lentivirus),IC50,55.0,1.0,10000.0,1.0,ng/ml,2022-04-13,pelzek22-pot.csv,55.0,"['145del', '484K', '52R', '614G', '677H', '67V', '69del', '70del', '888L']","('Pelzek22', 'Casirivimab', 'B.1.525 Spike', 55.0)"
Pelzek22,Casirivimab,B.1.526/E484K Spike,Extended Table 1,Pseudovirus (lentivirus),IC50,116.0,1.0,10000.0,1.0,ng/ml,2022-04-13,pelzek22-pot.csv,116.0,"['253G', '484K', '5F', '614G', '701V', '95I']","('Pelzek22', 'Casirivimab', 'B.1.526/E484K Spike', 116.0)"
Pelzek22,Casirivimab,B.1.427/9 Spike,Extended Table 1,Pseudovirus (lentivirus),IC50,27.0,1.0,10000.0,1.0,ng/ml,2022-04-13,pelzek22-pot.csv,27.0,"['13I', '152C', '452R', '614G']","('Pelzek22', 'Casirivimab', 'B.1.427/9 Spike', 27.0)"
Pelzek22,Imdevimab,B.1.1.7 Spike,Extended Table 1,Pseudovirus (lentivirus),IC50,3.0,1.0,10000.0,1.0,ng/ml,2022-04-13,pelzek22-pot.csv,3.0,"['1118H', '144del', '501Y', '570D', '614G', '681H', '69del', '70del', '716I', '982A']","('Pelzek22', 'Imdevimab', 'B.1.1.7 Spike', 3.0)"
Pelzek22,Imdevimab,B.1.351 Spike,Extended Table 1,Pseudovirus (lentivirus),IC50,10.0,1.0,10000.0,1.0,ng/ml,2022-04-13,pelzek22-pot.csv,10.0,"['18F', '215G', '242del', '243del', '244del', '246I', '417N', '484K', '501Y', '614G', '701V', '80A']","('Pelzek22', 'Imdevimab', 'B.1.351 Spike', 10.0)"
Pelzek22,Imdevimab,P.1 Spike,Extended Table 1,Pseudovirus (lentivirus),IC50,10.0,1.0,10000.0,1.0,ng/ml,2022-04-13,pelzek22-pot.csv,10.0,"['1027I', '1176F', '138Y', '18F', '190S', '20N', '26S', '417T', '484K', '501Y', '614G', '655Y']","('Pelzek22', 'Imdevimab', 'P.1 Spike', 10.0)"
Pelzek22,Imdevimab,B.1.617.2 Spike,Extended Table 1,Pseudovirus (lentivirus),IC50,81.0,1.0,10000.0,1.0,ng/ml,2022-04-13,pelzek22-pot.csv,81.0,"['156G', '157del', '158del', '19R', '452R', '478K', '614G', '681R', '950N']","('Pelzek22', 'Imdevimab', 'B.1.617.2 Spike', 81.0)"
Pelzek22,Imdevimab,B.1.525 Spike,Extended Table 1,Pseudovirus (lentivirus),IC50,22.0,1.0,10000.0,1.0,ng/ml,2022-04-13,pelzek22-pot.csv,22.0,"['145del', '484K', '52R', '614G', '677H', '67V', '69del', '70del', '888L']","('Pelzek22', 'Imdevimab', 'B.1.525 Spike', 22.0)"
Pelzek22,Imdevimab,B.1.526/E484K Spike,Extended Table 1,Pseudovirus (lentivirus),IC50,18.0,1.0,10000.0,1.0,ng/ml,2022-04-13,pelzek22-pot.csv,18.0,"['253G', '484K', '5F', '614G', '701V', '95I']","('Pelzek22', 'Imdevimab', 'B.1.526/E484K Spike', 18.0)"
Pelzek22,Imdevimab,B.1.427/9 Spike,Extended Table 1,Pseudovirus (lentivirus),IC50,18.0,1.0,10000.0,1.0,ng/ml,2022-04-13,pelzek22-pot.csv,18.0,"['13I', '152C', '452R', '614G']","('Pelzek22', 'Imdevimab', 'B.1.427/9 Spike', 18.0)"
Planas21b,Casirivimab,B.1 full genome,"Fig.1, Extended Data Fig.5, 2021.05.26.445838 Figure 3a",Virus isolate,IC50,0.1,1.0,10000.0,0.1,ng/ml,2021-07-13,planas21b-pot.csv,0.1,['614G'],"('Planas21b', 'Casirivimab', 'B.1 full genome', 0.1)"
Planas21b,Casirivimab,B.1.1.7 full genome,"Fig.1, Extended Data Fig.5, 2021.05.26.445838 Figure 3a",Virus isolate,IC50,0.1,1.0,10000.0,0.1,ng/ml,2021-07-13,planas21b-pot.csv,0.1,"['1118H', '144del', '145del', '501Y', '570D', '614G', '681H', '69del', '70del', '716I', '982A']","('Planas21b', 'Casirivimab', 'B.1.1.7 full genome', 0.1)"
Planas21b,Casirivimab,B.1.351 full genome,"Fig.1, Extended Data Fig.5, 2021.05.26.445838 Figure 3a",Virus isolate,IC50,398.298525,1.0,10000.0,0.1,ng/ml,2021-07-13,planas21b-pot.csv,398.298525,"['18F', '215G', '242del', '243del', '244del', '246I', '417N', '484K', '501Y', '614G', '701V', '80A']","('Planas21b', 'Casirivimab', 'B.1.351 full genome', 398.2985)"
Planas21b,Casirivimab,hCoV-19/France/IDF-APHP-HEGP-20-23-2131905084/2021,"Fig.1, Extended Data Fig.5, 2021.05.26.445838 Figure 3a",Virus isolate,IC50,0.1,1.0,10000.0,0.1,ng/ml,2021-07-13,planas21b-pot.csv,0.1,"['156G', '157del', '158del', '19R', '452R', '478K', '614G', '681R', '950N']","('Planas21b', 'Casirivimab', 'hCoV-19/France/IDF-APHP-HEGP-20-23-2131905084/2021', 0.1)"
Planas21b,Imdevimab,B.1 full genome,"Fig.1, Extended Data Fig.5, 2021.05.26.445838 Figure 3a",Virus isolate,IC50,0.1,1.0,10000.0,0.1,ng/ml,2021-07-13,planas21b-pot.csv,0.1,['614G'],"('Planas21b', 'Imdevimab', 'B.1 full genome', 0.1)"
Planas21b,Imdevimab,B.1.1.7 full genome,"Fig.1, Extended Data Fig.5, 2021.05.26.445838 Figure 3a",Virus isolate,IC50,0.1,1.0,10000.0,0.1,ng/ml,2021-07-13,planas21b-pot.csv,0.1,"['1118H', '144del', '145del', '501Y', '570D', '614G', '681H', '69del', '70del', '716I', '982A']","('Planas21b', 'Imdevimab', 'B.1.1.7 full genome', 0.1)"
Planas21b,Imdevimab,B.1.351 full genome,"Fig.1, Extended Data Fig.5, 2021.05.26.445838 Figure 3a",Virus isolate,IC50,0.1,1.0,10000.0,0.1,ng/ml,2021-07-13,planas21b-pot.csv,0.1,"['18F', '215G', '242del', '243del', '244del', '246I', '417N', '484K', '501Y', '614G', '701V', '80A']","('Planas21b', 'Imdevimab', 'B.1.351 full genome', 0.1)"
Planas21b,Imdevimab,hCoV-19/France/IDF-APHP-HEGP-20-23-2131905084/2021,"Fig.1, Extended Data Fig.5, 2021.05.26.445838 Figure 3a",Virus isolate,IC50,0.1,1.0,10000.0,0.1,ng/ml,2021-07-13,planas21b-pot.csv,0.1,"['156G', '157del', '158del', '19R', '452R', '478K', '614G', '681R', '950N']","('Planas21b', 'Imdevimab', 'hCoV-19/France/IDF-APHP-HEGP-20-23-2131905084/2021', 0.1)"
Planas21c,Casirivimab,hCoV-19/France/IDF-APHP-HEGP-20-23-2131905084/2021,Extended Data Fig 4,Virus isolate,IC50,3.1,1.0,9000.0,1.0,ng/ml,2022-01-30,planas21c-pot.csv,3.1,"['156G', '157del', '158del', '19R', '452R', '478K', '614G', '681R', '950N']","('Planas21c', 'Casirivimab', 'hCoV-19/France/IDF-APHP-HEGP-20-23-2131905084/2021', 3.1)"
Planas21c,Casirivimab,hCoV-19/Belgium/rega-20174/2021,Extended Data Fig 4,Virus isolate,IC50,9000.0,1.0,9000.0,1.0,ng/ml,2022-01-31,planas21c-pot.csv,9000.0,"['142D', '143del', '144del', '145del', '211I', '212del', '339D', '371L', '373P', '375F', '417N', '440K', '446S', '477N', '478K', '484A', '493R', '496S', '498R', '501Y', '505H', '547K', '614G', '655Y', '679K', '67V', '681H', '69del', '70del', '764K', '796Y', '856K', '954H', '95I', '969K', '981F']","('Planas21c', 'Casirivimab', 'hCoV-19/Belgium/rega-20174/2021', 9000.0)"
Planas21c,Imdevimab,hCoV-19/France/IDF-APHP-HEGP-20-23-2131905084/2021,Extended Data Fig 4,Virus isolate,IC50,6.5,1.0,9000.0,1.0,ng/ml,2022-02-01,planas21c-pot.csv,6.5,"['156G', '157del', '158del', '19R', '452R', '478K', '614G', '681R', '950N']","('Planas21c', 'Imdevimab', 'hCoV-19/France/IDF-APHP-HEGP-20-23-2131905084/2021', 6.5)"
Planas21c,Imdevimab,hCoV-19/Belgium/rega-20174/2021,Extended Data Fig 4,Virus isolate,IC50,9000.0,1.0,9000.0,1.0,ng/ml,2022-02-02,planas21c-pot.csv,9000.0,"['142D', '143del', '144del', '145del', '211I', '212del', '339D', '371L', '373P', '375F', '417N', '440K', '446S', '477N', '478K', '484A', '493R', '496S', '498R', '501Y', '505H', '547K', '614G', '655Y', '679K', '67V', '681H', '69del', '70del', '764K', '796Y', '856K', '954H', '95I', '969K', '981F']","('Planas21c', 'Imdevimab', 'hCoV-19/Belgium/rega-20174/2021', 9000.0)"
Planas23,Casirivimab,hCoV-19/France/GES-1973/2020,Figure 3b,Virus isolate,IC50,1.7,1.0,10000.0,1.0,ng/ml,2022-11-22,planas23-pot.csv,1.7,['614G'],"('Planas23', 'Casirivimab', 'hCoV-19/France/GES-1973/2020', 1.7)"
Planas23,Imdevimab,hCoV-19/France/GES-1973/2020,Figure 3b,Virus isolate,IC50,2.1,1.0,10000.0,1.0,ng/ml,2022-11-22,planas23-pot.csv,2.1,['614G'],"('Planas23', 'Imdevimab', 'hCoV-19/France/GES-1973/2020', 2.1)"
Planas23,Casirivimab,hCoV-19/Belgium/rega-20174/2021,Figure 3b,Virus isolate,IC50,10000.0,1.0,10000.0,1.0,ng/ml,2022-11-22,planas23-pot.csv,10000.0,"['142D', '143del', '144del', '145del', '211I', '212del', '339D', '371L', '373P', '375F', '417N', '440K', '446S', '477N', '478K', '484A', '493R', '496S', '498R', '501Y', '505H', '547K', '614G', '655Y', '679K', '67V', '681H', '69del', '70del', '764K', '796Y', '856K', '954H', '95I', '969K', '981F']","('Planas23', 'Casirivimab', 'hCoV-19/Belgium/rega-20174/2021', 10000.0)"
Planas23,Imdevimab,hCoV-19/Belgium/rega-20174/2021,Figure 3b,Virus isolate,IC50,112.0,1.0,10000.0,1.0,ng/ml,2022-11-22,planas23-pot.csv,112.0,"['142D', '143del', '144del', '145del', '211I', '212del', '339D', '371L', '373P', '375F', '417N', '440K', '446S', '477N', '478K', '484A', '493R', '496S', '498R', '501Y', '505H', '547K', '614G', '655Y', '679K', '67V', '681H', '69del', '70del', '764K', '796Y', '856K', '954H', '95I', '969K', '981F']","('Planas23', 'Imdevimab', 'hCoV-19/Belgium/rega-20174/2021', 112.0)"
Planas23,Casirivimab,hCoV-19/France/CVL-ChuTo-9800086928/2022,Figure 3b,Virus isolate,IC50,10000.0,1.0,10000.0,1.0,ng/ml,2022-11-22,planas23-pot.csv,10000.0,"['9800086928/2022', 'hCoV', '19/France/CVL', 'ChuTo']","('Planas23', 'Casirivimab', 'hCoV-19/France/CVL-ChuTo-9800086928/2022', 10000.0)"
Planas23,Imdevimab,hCoV-19/France/CVL-ChuTo-9800086928/2022,Figure 3b,Virus isolate,IC50,208.0,1.0,10000.0,1.0,ng/ml,2022-11-22,planas23-pot.csv,208.0,"['9800086928/2022', 'hCoV', '19/France/CVL', 'ChuTo']","('Planas23', 'Imdevimab', 'hCoV-19/France/CVL-ChuTo-9800086928/2022', 208.0)"
Planas23,Casirivimab,hCoV-19/Belgium/Rega-IPP_BA2752i/2022,Figure 3b,Virus isolate,IC50,10000.0,1.0,10000.0,1.0,ng/ml,2022-11-22,planas23-pot.csv,10000.0,"['hCoV', '19/Belgium/Rega', 'IPP_BA2752i/2022']","('Planas23', 'Casirivimab', 'hCoV-19/Belgium/Rega-IPP_BA2752i/2022', 10000.0)"
Planas23,Imdevimab,hCoV-19/Belgium/Rega-IPP_BA2752i/2022,Figure 3b,Virus isolate,IC50,10000.0,1.0,10000.0,1.0,ng/ml,2022-11-22,planas23-pot.csv,10000.0,"['hCoV', '19/Belgium/Rega', 'IPP_BA2752i/2022']","('Planas23', 'Imdevimab', 'hCoV-19/Belgium/Rega-IPP_BA2752i/2022', 10000.0)"
Planas23,Casirivimab,hCoV-19/France/IDF-APHP-HEGP-IPP-BQ11i/2022,Figure 3b,Virus isolate,IC50,10000.0,1.0,10000.0,1.0,ng/ml,2022-11-22,planas23-pot.csv,10000.0,"['APHP', 'hCoV', '19/France/IDF', 'HEGP', 'BQ11i/2022', 'IPP']","('Planas23', 'Casirivimab', 'hCoV-19/France/IDF-APHP-HEGP-IPP-BQ11i/2022', 10000.0)"
Planas23,Imdevimab,hCoV-19/France/IDF-APHP-HEGP-IPP-BQ11i/2022,Figure 3b,Virus isolate,IC50,10000.0,1.0,10000.0,1.0,ng/ml,2022-11-22,planas23-pot.csv,10000.0,"['APHP', 'hCoV', '19/France/IDF', 'HEGP', 'BQ11i/2022', 'IPP']","('Planas23', 'Imdevimab', 'hCoV-19/France/IDF-APHP-HEGP-IPP-BQ11i/2022', 10000.0)"
Planas23,Casirivimab,hCoV-19/France/IDF-APHP-HEGP-IPP-BA46i/2022,Figure 3b,Virus isolate,IC50,10000.0,1.0,10000.0,1.0,ng/ml,2022-11-22,planas23-pot.csv,10000.0,"['APHP', 'hCoV', '19/France/IDF', 'BA46i/2022', 'HEGP', 'IPP']","('Planas23', 'Casirivimab', 'hCoV-19/France/IDF-APHP-HEGP-IPP-BA46i/2022', 10000.0)"
Planas23,Imdevimab,hCoV-19/France/IDF-APHP-HEGP-IPP-BA46i/2022,Figure 3b,Virus isolate,IC50,493.0,1.0,10000.0,1.0,ng/ml,2022-11-22,planas23-pot.csv,493.0,"['APHP', 'hCoV', '19/France/IDF', 'BA46i/2022', 'HEGP', 'IPP']","('Planas23', 'Imdevimab', 'hCoV-19/France/IDF-APHP-HEGP-IPP-BA46i/2022', 493.0)"
Ragonnet-Cronin22,Casirivimab,VIC,Figure 1C,Pseudovirus (lentivirus),IC50,2.0,1.0,10000.0,1.0,ng/ml,2022-10-21,ragonnet-cronin22-pot.csv,2.0,['247R'],"('Ragonnet-Cronin22', 'Casirivimab', 'VIC', 2.0)"
Ragonnet-Cronin22,Casirivimab,B.1.617.2 Spike,Figure 1C,Pseudovirus (lentivirus),IC50,1.0,1.0,10000.0,1.0,ng/ml,2022-10-21,ragonnet-cronin22-pot.csv,1.0,"['156G', '157del', '158del', '19R', '452R', '478K', '614G', '681R', '950N']","('Ragonnet-Cronin22', 'Casirivimab', 'B.1.617.2 Spike', 1.0)"
Ragonnet-Cronin22,Casirivimab,B.1.617.2 Spike:+E406D,Figure 1C,Pseudovirus (lentivirus),IC50,2.0,1.0,10000.0,1.0,ng/ml,2022-10-21,ragonnet-cronin22-pot.csv,2.0,"['156G', '157del', '158del', '19R', '406D', '452R', '478K', '614G', '681R', '950N']","('Ragonnet-Cronin22', 'Casirivimab', 'B.1.617.2 Spike:+E406D', 2.0)"
Ragonnet-Cronin22,Casirivimab,B.1.617.2 Spike:+E406Q,Figure 1C,Pseudovirus (lentivirus),IC50,14.0,1.0,10000.0,1.0,ng/ml,2022-10-21,ragonnet-cronin22-pot.csv,14.0,"['156G', '157del', '158del', '19R', '406Q', '452R', '478K', '614G', '681R', '950N']","('Ragonnet-Cronin22', 'Casirivimab', 'B.1.617.2 Spike:+E406Q', 14.0)"
Ragonnet-Cronin22,Casirivimab,B.1.617.2 Spike:+G446S,Figure 1C,Pseudovirus (lentivirus),IC50,1.0,1.0,10000.0,1.0,ng/ml,2022-10-21,ragonnet-cronin22-pot.csv,1.0,"['156G', '157del', '158del', '19R', '446S', '452R', '478K', '614G', '681R', '950N']","('Ragonnet-Cronin22', 'Casirivimab', 'B.1.617.2 Spike:+G446S', 1.0)"
Ragonnet-Cronin22,Casirivimab,B.1.617.2 Spike:+G446V,Figure 1C,Pseudovirus (lentivirus),IC50,1.0,1.0,10000.0,1.0,ng/ml,2022-10-21,ragonnet-cronin22-pot.csv,1.0,"['156G', '157del', '158del', '19R', '446V', '452R', '478K', '614G', '681R', '950N']","('Ragonnet-Cronin22', 'Casirivimab', 'B.1.617.2 Spike:+G446V', 1.0)"
Ragonnet-Cronin22,Casirivimab,B.1.617.2 Spike:+Y453F,Figure 1C,Pseudovirus (lentivirus),IC50,16.0,1.0,10000.0,1.0,ng/ml,2022-10-21,ragonnet-cronin22-pot.csv,16.0,"['156G', '157del', '158del', '19R', '452R', '453F', '478K', '614G', '681R', '950N']","('Ragonnet-Cronin22', 'Casirivimab', 'B.1.617.2 Spike:+Y453F', 16.0)"
Ragonnet-Cronin22,Casirivimab,B.1.617.2 Spike:+L455F,Figure 1C,Pseudovirus (lentivirus),IC50,17.0,1.0,10000.0,1.0,ng/ml,2022-10-21,ragonnet-cronin22-pot.csv,17.0,"['156G', '157del', '158del', '19R', '452R', '455F', '478K', '614G', '681R', '950N']","('Ragonnet-Cronin22', 'Casirivimab', 'B.1.617.2 Spike:+L455F', 17.0)"
Ragonnet-Cronin22,Casirivimab,B.1.617.2 Spike:+L455S,Figure 1C,Pseudovirus (lentivirus),IC50,155.0,1.0,10000.0,1.0,ng/ml,2022-10-21,ragonnet-cronin22-pot.csv,155.0,"['156G', '157del', '158del', '19R', '452R', '455S', '478K', '614G', '681R', '950N']","('Ragonnet-Cronin22', 'Casirivimab', 'B.1.617.2 Spike:+L455S', 155.0)"
Ragonnet-Cronin22,Casirivimab,B.1.617.2 Spike:+G446V+Y453F,Figure 1C,Pseudovirus (lentivirus),IC50,626.0,1.0,10000.0,1.0,ng/ml,2022-10-21,ragonnet-cronin22-pot.csv,626.0,"['156G', '157del', '158del', '19R', '446V', '452R', '453F', '478K', '614G', '681R', '950N']","('Ragonnet-Cronin22', 'Casirivimab', 'B.1.617.2 Spike:+G446V+Y453F', 626.0)"
Ragonnet-Cronin22,Casirivimab,B.1.617.2 Spike:+G446V+L455F,Figure 1C,Pseudovirus (lentivirus),IC50,129.0,1.0,10000.0,1.0,ng/ml,2022-10-21,ragonnet-cronin22-pot.csv,129.0,"['156G', '157del', '158del', '19R', '446V', '452R', '455F', '478K', '614G', '681R', '950N']","('Ragonnet-Cronin22', 'Casirivimab', 'B.1.617.2 Spike:+G446V+L455F', 129.0)"
Ragonnet-Cronin22,Imdevimab,VIC,Figure 1C,Pseudovirus (lentivirus),IC50,12.0,1.0,10000.0,1.0,ng/ml,2022-10-21,ragonnet-cronin22-pot.csv,12.0,['247R'],"('Ragonnet-Cronin22', 'Imdevimab', 'VIC', 12.0)"
Ragonnet-Cronin22,Imdevimab,B.1.617.2 Spike,Figure 1C,Pseudovirus (lentivirus),IC50,4.0,1.0,10000.0,1.0,ng/ml,2022-10-21,ragonnet-cronin22-pot.csv,4.0,"['156G', '157del', '158del', '19R', '452R', '478K', '614G', '681R', '950N']","('Ragonnet-Cronin22', 'Imdevimab', 'B.1.617.2 Spike', 4.0)"
Ragonnet-Cronin22,Imdevimab,B.1.617.2 Spike:+E406D,Figure 1C,Pseudovirus (lentivirus),IC50,11.0,1.0,10000.0,1.0,ng/ml,2022-10-21,ragonnet-cronin22-pot.csv,11.0,"['156G', '157del', '158del', '19R', '406D', '452R', '478K', '614G', '681R', '950N']","('Ragonnet-Cronin22', 'Imdevimab', 'B.1.617.2 Spike:+E406D', 11.0)"
Ragonnet-Cronin22,Imdevimab,B.1.617.2 Spike:+E406Q,Figure 1C,Pseudovirus (lentivirus),IC50,15.0,1.0,10000.0,1.0,ng/ml,2022-10-21,ragonnet-cronin22-pot.csv,15.0,"['156G', '157del', '158del', '19R', '406Q', '452R', '478K', '614G', '681R', '950N']","('Ragonnet-Cronin22', 'Imdevimab', 'B.1.617.2 Spike:+E406Q', 15.0)"
Ragonnet-Cronin22,Imdevimab,B.1.617.2 Spike:+G446S,Figure 1C,Pseudovirus (lentivirus),IC50,10000.0,1.0,10000.0,1.0,ng/ml,2022-10-21,ragonnet-cronin22-pot.csv,10000.0,"['156G', '157del', '158del', '19R', '446S', '452R', '478K', '614G', '681R', '950N']","('Ragonnet-Cronin22', 'Imdevimab', 'B.1.617.2 Spike:+G446S', 10000.0)"
Ragonnet-Cronin22,Imdevimab,B.1.617.2 Spike:+G446V,Figure 1C,Pseudovirus (lentivirus),IC50,10000.0,1.0,10000.0,1.0,ng/ml,2022-10-21,ragonnet-cronin22-pot.csv,10000.0,"['156G', '157del', '158del', '19R', '446V', '452R', '478K', '614G', '681R', '950N']","('Ragonnet-Cronin22', 'Imdevimab', 'B.1.617.2 Spike:+G446V', 10000.0)"
Ragonnet-Cronin22,Imdevimab,B.1.617.2 Spike:+Y453F,Figure 1C,Pseudovirus (lentivirus),IC50,12.0,1.0,10000.0,1.0,ng/ml,2022-10-21,ragonnet-cronin22-pot.csv,12.0,"['156G', '157del', '158del', '19R', '452R', '453F', '478K', '614G', '681R', '950N']","('Ragonnet-Cronin22', 'Imdevimab', 'B.1.617.2 Spike:+Y453F', 12.0)"
Ragonnet-Cronin22,Imdevimab,B.1.617.2 Spike:+L455F,Figure 1C,Pseudovirus (lentivirus),IC50,5.0,1.0,10000.0,1.0,ng/ml,2022-10-21,ragonnet-cronin22-pot.csv,5.0,"['156G', '157del', '158del', '19R', '452R', '455F', '478K', '614G', '681R', '950N']","('Ragonnet-Cronin22', 'Imdevimab', 'B.1.617.2 Spike:+L455F', 5.0)"
Ragonnet-Cronin22,Imdevimab,B.1.617.2 Spike:+L455S,Figure 1C,Pseudovirus (lentivirus),IC50,4.0,1.0,10000.0,1.0,ng/ml,2022-10-21,ragonnet-cronin22-pot.csv,4.0,"['156G', '157del', '158del', '19R', '452R', '455S', '478K', '614G', '681R', '950N']","('Ragonnet-Cronin22', 'Imdevimab', 'B.1.617.2 Spike:+L455S', 4.0)"
Ragonnet-Cronin22,Imdevimab,B.1.617.2 Spike:+G446V+Y453F,Figure 1C,Pseudovirus (lentivirus),IC50,10000.0,1.0,10000.0,1.0,ng/ml,2022-10-21,ragonnet-cronin22-pot.csv,10000.0,"['156G', '157del', '158del', '19R', '446V', '452R', '453F', '478K', '614G', '681R', '950N']","('Ragonnet-Cronin22', 'Imdevimab', 'B.1.617.2 Spike:+G446V+Y453F', 10000.0)"
Ragonnet-Cronin22,Imdevimab,B.1.617.2 Spike:+G446V+L455F,Figure 1C,Pseudovirus (lentivirus),IC50,10000.0,1.0,10000.0,1.0,ng/ml,2022-10-21,ragonnet-cronin22-pot.csv,10000.0,"['156G', '157del', '158del', '19R', '446V', '452R', '455F', '478K', '614G', '681R', '950N']","('Ragonnet-Cronin22', 'Imdevimab', 'B.1.617.2 Spike:+G446V+L455F', 10000.0)"
Ragonnet-Cronin22,Casirivimab+Imdevimab,VIC,Figure 1C,Pseudovirus (lentivirus),IC50,2.0,1.0,10000.0,1.0,ng/ml,2022-10-21,ragonnet-cronin22-pot.csv,2.0,['247R'],"('Ragonnet-Cronin22', 'Casirivimab+Imdevimab', 'VIC', 2.0)"
Ragonnet-Cronin22,Casirivimab+Imdevimab,B.1.617.2 Spike,Figure 1C,Pseudovirus (lentivirus),IC50,1.0,1.0,10000.0,1.0,ng/ml,2022-10-21,ragonnet-cronin22-pot.csv,1.0,"['156G', '157del', '158del', '19R', '452R', '478K', '614G', '681R', '950N']","('Ragonnet-Cronin22', 'Casirivimab+Imdevimab', 'B.1.617.2 Spike', 1.0)"
Ragonnet-Cronin22,Casirivimab+Imdevimab,B.1.617.2 Spike:+E406D,Figure 1C,Pseudovirus (lentivirus),IC50,2.0,1.0,10000.0,1.0,ng/ml,2022-10-21,ragonnet-cronin22-pot.csv,2.0,"['156G', '157del', '158del', '19R', '406D', '452R', '478K', '614G', '681R', '950N']","('Ragonnet-Cronin22', 'Casirivimab+Imdevimab', 'B.1.617.2 Spike:+E406D', 2.0)"
Ragonnet-Cronin22,Casirivimab+Imdevimab,B.1.617.2 Spike:+E406Q,Figure 1C,Pseudovirus (lentivirus),IC50,6.0,1.0,10000.0,1.0,ng/ml,2022-10-21,ragonnet-cronin22-pot.csv,6.0,"['156G', '157del', '158del', '19R', '406Q', '452R', '478K', '614G', '681R', '950N']","('Ragonnet-Cronin22', 'Casirivimab+Imdevimab', 'B.1.617.2 Spike:+E406Q', 6.0)"
Ragonnet-Cronin22,Casirivimab+Imdevimab,B.1.617.2 Spike:+G446S,Figure 1C,Pseudovirus (lentivirus),IC50,2.0,1.0,10000.0,1.0,ng/ml,2022-10-21,ragonnet-cronin22-pot.csv,2.0,"['156G', '157del', '158del', '19R', '446S', '452R', '478K', '614G', '681R', '950N']","('Ragonnet-Cronin22', 'Casirivimab+Imdevimab', 'B.1.617.2 Spike:+G446S', 2.0)"
Ragonnet-Cronin22,Casirivimab+Imdevimab,B.1.617.2 Spike:+G446V,Figure 1C,Pseudovirus (lentivirus),IC50,2.0,1.0,10000.0,1.0,ng/ml,2022-10-21,ragonnet-cronin22-pot.csv,2.0,"['156G', '157del', '158del', '19R', '446V', '452R', '478K', '614G', '681R', '950N']","('Ragonnet-Cronin22', 'Casirivimab+Imdevimab', 'B.1.617.2 Spike:+G446V', 2.0)"
Ragonnet-Cronin22,Casirivimab+Imdevimab,B.1.617.2 Spike:+Y453F,Figure 1C,Pseudovirus (lentivirus),IC50,11.0,1.0,10000.0,1.0,ng/ml,2022-10-21,ragonnet-cronin22-pot.csv,11.0,"['156G', '157del', '158del', '19R', '452R', '453F', '478K', '614G', '681R', '950N']","('Ragonnet-Cronin22', 'Casirivimab+Imdevimab', 'B.1.617.2 Spike:+Y453F', 11.0)"
Ragonnet-Cronin22,Casirivimab+Imdevimab,B.1.617.2 Spike:+L455F,Figure 1C,Pseudovirus (lentivirus),IC50,5.0,1.0,10000.0,1.0,ng/ml,2022-10-21,ragonnet-cronin22-pot.csv,5.0,"['156G', '157del', '158del', '19R', '452R', '455F', '478K', '614G', '681R', '950N']","('Ragonnet-Cronin22', 'Casirivimab+Imdevimab', 'B.1.617.2 Spike:+L455F', 5.0)"
Ragonnet-Cronin22,Casirivimab+Imdevimab,B.1.617.2 Spike:+L455S,Figure 1C,Pseudovirus (lentivirus),IC50,3.0,1.0,10000.0,1.0,ng/ml,2022-10-21,ragonnet-cronin22-pot.csv,3.0,"['156G', '157del', '158del', '19R', '452R', '455S', '478K', '614G', '681R', '950N']","('Ragonnet-Cronin22', 'Casirivimab+Imdevimab', 'B.1.617.2 Spike:+L455S', 3.0)"
Ragonnet-Cronin22,Casirivimab+Imdevimab,B.1.617.2 Spike:+G446V+Y453F,Figure 1C,Pseudovirus (lentivirus),IC50,1097.0,1.0,10000.0,1.0,ng/ml,2022-10-21,ragonnet-cronin22-pot.csv,1097.0,"['156G', '157del', '158del', '19R', '446V', '452R', '453F', '478K', '614G', '681R', '950N']","('Ragonnet-Cronin22', 'Casirivimab+Imdevimab', 'B.1.617.2 Spike:+G446V+Y453F', 1097.0)"
Ragonnet-Cronin22,Casirivimab+Imdevimab,B.1.617.2 Spike:+G446V+L455F,Figure 1C,Pseudovirus (lentivirus),IC50,318.0,1.0,10000.0,1.0,ng/ml,2022-10-21,ragonnet-cronin22-pot.csv,318.0,"['156G', '157del', '158del', '19R', '446V', '452R', '455F', '478K', '614G', '681R', '950N']","('Ragonnet-Cronin22', 'Casirivimab+Imdevimab', 'B.1.617.2 Spike:+G446V+L455F', 318.0)"
Rothenberger22,Casirivimab,BA.1 Spike,Extended Data Fig. 1,Pseudovirus (VSV),IC50,1000.0,1.0,1000.0,1.0,ng/ml,2022-04-13,rothenberger22-pot.csv,1000.0,"['142D', '143del', '144del', '145del', '211I', '212del', '339D', '371L', '373P', '375F', '417N', '440K', '446S', '477N', '478K', '484A', '493R', '496S', '498R', '501Y', '505H', '547K', '614G', '655Y', '679K', '67V', '681H', '69del', '70del', '764K', '796Y', '856K', '954H', '95I', '969K', '981F']","('Rothenberger22', 'Casirivimab', 'BA.1 Spike', 1000.0)"
Rothenberger22,Imdevimab,BA.1 Spike,Extended Data Fig. 1,Pseudovirus (VSV),IC50,1000.0,1.0,1000.0,1.0,ng/ml,2022-04-13,rothenberger22-pot.csv,1000.0,"['142D', '143del', '144del', '145del', '211I', '212del', '339D', '371L', '373P', '375F', '417N', '440K', '446S', '477N', '478K', '484A', '493R', '496S', '498R', '501Y', '505H', '547K', '614G', '655Y', '679K', '67V', '681H', '69del', '70del', '764K', '796Y', '856K', '954H', '95I', '969K', '981F']","('Rothenberger22', 'Imdevimab', 'BA.1 Spike', 1000.0)"
Rothenberger22,Casirivimab,BA.1 Spike:493K,Extended Data Fig. 1,Pseudovirus (VSV),IC50,1000.0,1.0,1000.0,1.0,ng/ml,2022-04-13,rothenberger22-pot.csv,1000.0,"['142D', '143del', '144del', '145del', '211I', '212del', '339D', '371L', '373P', '375F', '417N', '440K', '446S', '477N', '478K', '484A', '493K', '496S', '498R', '501Y', '505H', '547K', '614G', '655Y', '679K', '67V', '681H', '69del', '70del', '764K', '796Y', '856K', '954H', '95I', '969K', '981F']","('Rothenberger22', 'Casirivimab', 'BA.1 Spike:493K', 1000.0)"
Rothenberger22,Imdevimab,BA.1 Spike:493K,Extended Data Fig. 1,Pseudovirus (VSV),IC50,1000.0,1.0,1000.0,1.0,ng/ml,2022-04-13,rothenberger22-pot.csv,1000.0,"['142D', '143del', '144del', '145del', '211I', '212del', '339D', '371L', '373P', '375F', '417N', '440K', '446S', '477N', '478K', '484A', '493K', '496S', '498R', '501Y', '505H', '547K', '614G', '655Y', '679K', '67V', '681H', '69del', '70del', '764K', '796Y', '856K', '954H', '95I', '969K', '981F']","('Rothenberger22', 'Imdevimab', 'BA.1 Spike:493K', 1000.0)"
Saito22,Casirivimab,B.1 Spike,Table 1,Pseudovirus (lentivirus),IC50,3.4,1.0,5042.0,1.0,ng/ml,2022-11-08,saito22-pot.csv,3.4,['614G'],"('Saito22', 'Casirivimab', 'B.1 Spike', 3.4)"
Saito22,Imdevimab,B.1 Spike,Table 1,Pseudovirus (lentivirus),IC50,8.0,1.0,5000.0,1.0,ng/ml,2022-11-08,saito22-pot.csv,8.0,['614G'],"('Saito22', 'Imdevimab', 'B.1 Spike', 8.0)"
Saito22,Casirivimab,BA.2 Spike,Table 1,Pseudovirus (lentivirus),IC50,5042.0,1.0,5042.0,1.0,ng/ml,2022-11-08,saito22-pot.csv,5042.0,"['142D', '19I', '213G', '24S', '25del', '26del', '27del', '339D', '371F', '373P', '375F', '376A', '405N', '408S', '417N', '440K', '477N', '478K', '484A', '493R', '498R', '501Y', '505H', '614G', '655Y', '679K', '681H', '764K', '796Y', '954H', '969K']","('Saito22', 'Casirivimab', 'BA.2 Spike', 5042.0)"
Saito22,Imdevimab,BA.2 Spike,Table 1,Pseudovirus (lentivirus),IC50,5000.0,1.0,5000.0,1.0,ng/ml,2022-11-08,saito22-pot.csv,5000.0,"['142D', '19I', '213G', '24S', '25del', '26del', '27del', '339D', '371F', '373P', '375F', '376A', '405N', '408S', '417N', '440K', '477N', '478K', '484A', '493R', '498R', '501Y', '505H', '614G', '655Y', '679K', '681H', '764K', '796Y', '954H', '969K']","('Saito22', 'Imdevimab', 'BA.2 Spike', 5000.0)"
Saito22,Casirivimab,BA.4/5 Spike,Table 1,Pseudovirus (lentivirus),IC50,5042.0,1.0,5042.0,1.0,ng/ml,2022-11-08,saito22-pot.csv,5042.0,"['142D', '19I', '213G', '24S', '25del', '26del', '27del', '339D', '371F', '373P', '375F', '376A', '405N', '408S', '417N', '440K', '452R', '477N', '478K', '484A', '486V', '498R', '501Y', '505H', '614G', '655Y', '679K', '681H', '69del', '70del', '764K', '796Y', '954H', '969K']","('Saito22', 'Casirivimab', 'BA.4/5 Spike', 5042.0)"
Saito22,Imdevimab,BA.4/5 Spike,Table 1,Pseudovirus (lentivirus),IC50,5000.0,1.0,5000.0,1.0,ng/ml,2022-11-08,saito22-pot.csv,5000.0,"['142D', '19I', '213G', '24S', '25del', '26del', '27del', '339D', '371F', '373P', '375F', '376A', '405N', '408S', '417N', '440K', '452R', '477N', '478K', '484A', '486V', '498R', '501Y', '505H', '614G', '655Y', '679K', '681H', '69del', '70del', '764K', '796Y', '954H', '969K']","('Saito22', 'Imdevimab', 'BA.4/5 Spike', 5000.0)"
Saito22,Casirivimab,BA.2.75 Spike,Table 1,Pseudovirus (lentivirus),IC50,2303.0,1.0,5042.0,1.0,ng/ml,2022-11-08,saito22-pot.csv,2303.0,"['142D', '147E', '152R', '157L', '19I', '210V', '213G', '24S', '257S', '25del', '26del', '27del', '339H', '371F', '373P', '375F', '376A', '405N', '408S', '417N', '440K', '446S', '460K', '477N', '478K', '484A', '498R', '501Y', '505H', '614G', '655Y', '679K', '681H', '764K', '796Y', '954H', '969K']","('Saito22', 'Casirivimab', 'BA.2.75 Spike', 2303.0)"
Saito22,Imdevimab,BA.2.75 Spike,Table 1,Pseudovirus (lentivirus),IC50,5000.0,1.0,5000.0,1.0,ng/ml,2022-11-08,saito22-pot.csv,5000.0,"['142D', '147E', '152R', '157L', '19I', '210V', '213G', '24S', '257S', '25del', '26del', '27del', '339H', '371F', '373P', '375F', '376A', '405N', '408S', '417N', '440K', '446S', '460K', '477N', '478K', '484A', '498R', '501Y', '505H', '614G', '655Y', '679K', '681H', '764K', '796Y', '954H', '969K']","('Saito22', 'Imdevimab', 'BA.2.75 Spike', 5000.0)"
Sheward22,Casirivimab,S:614G,Table 2,Pseudovirus (HIV),IC50,9.0,1.0,10000.0,0.1,ng/ml,2022-01-03,sheward22-pot.csv,9.0,['614G'],"('Sheward22', 'Casirivimab', 'S:614G', 9.0)"
Sheward22,Casirivimab,S:67V+69del+70del+95I+142D+143del+144del+145del+211I+212del+214EPEins+339D+371L+373P+375F+417N+440K+446S+477N+478K+484A+493R+496S+498R+501Y+505H+547K+614G+655Y+679K+681H+764K+796Y+856K+954H+969K+981F,Table 2,Pseudovirus (HIV),IC50,10000.0,1.0,10000.0,0.1,ng/ml,2022-01-03,sheward22-pot.csv,10000.0,"['142D', '143del', '144del', '145del', '211I', '212del', '339D', '371L', '373P', '375F', '417N', '440K', '446S', '477N', '478K', '484A', '493R', '496S', '498R', '501Y', '505H', '547K', '614G', '655Y', '679K', '67V', '681H', '69del', '70del', '764K', '796Y', '856K', '954H', '95I', '969K', '981F']","('Sheward22', 'Casirivimab', 'S:67V+69del+70del+95I+142D+143del+144del+145del+211I+212del+214EPEins+339D+371L+373P+375F+417N+440K+446S+477N+478K+484A+493R+496S+498R+501Y+505H+547K+614G+655Y+679K+681H+764K+796Y+856K+954H+969K+981F', 10000.0)"
Sheward22,Imdevimab,S:614G,Table 2,Pseudovirus (HIV),IC50,8.0,1.0,10000.0,0.1,ng/ml,2022-01-03,sheward22-pot.csv,8.0,['614G'],"('Sheward22', 'Imdevimab', 'S:614G', 8.0)"
Sheward22,Imdevimab,S:67V+69del+70del+95I+142D+143del+144del+145del+211I+212del+214EPEins+339D+371L+373P+375F+417N+440K+446S+477N+478K+484A+493R+496S+498R+501Y+505H+547K+614G+655Y+679K+681H+764K+796Y+856K+954H+969K+981F,Table 2,Pseudovirus (HIV),IC50,10000.0,1.0,10000.0,0.1,ng/ml,2022-01-03,sheward22-pot.csv,10000.0,"['142D', '143del', '144del', '145del', '211I', '212del', '339D', '371L', '373P', '375F', '417N', '440K', '446S', '477N', '478K', '484A', '493R', '496S', '498R', '501Y', '505H', '547K', '614G', '655Y', '679K', '67V', '681H', '69del', '70del', '764K', '796Y', '856K', '954H', '95I', '969K', '981F']","('Sheward22', 'Imdevimab', 'S:67V+69del+70del+95I+142D+143del+144del+145del+211I+212del+214EPEins+339D+371L+373P+375F+417N+440K+446S+477N+478K+484A+493R+496S+498R+501Y+505H+547K+614G+655Y+679K+681H+764K+796Y+856K+954H+969K+981F', 10000.0)"
Sheward22b,Casirivimab,S:614G,Table S1,Pseudovirus (lentivirus),IC50,11.0,1.0,1000.0,1.0,ng/ml,2022-07-25,sheward22b-pot.csv,11.0,['614G'],"('Sheward22b', 'Casirivimab', 'S:614G', 11.0)"
Sheward22b,Imdevimab,S:614G,Table S1,Pseudovirus (lentivirus),IC50,7.0,1.0,1000.0,1.0,ng/ml,2022-07-25,sheward22b-pot.csv,7.0,['614G'],"('Sheward22b', 'Imdevimab', 'S:614G', 7.0)"
Sheward22b,Casirivimab,BA.2 Spike,Table S1,Pseudovirus (lentivirus),IC50,1000.0,1.0,1000.0,1.0,ng/ml,2022-07-25,sheward22b-pot.csv,1000.0,"['142D', '19I', '213G', '24S', '25del', '26del', '27del', '339D', '371F', '373P', '375F', '376A', '405N', '408S', '417N', '440K', '477N', '478K', '484A', '493R', '498R', '501Y', '505H', '614G', '655Y', '679K', '681H', '764K', '796Y', '954H', '969K']","('Sheward22b', 'Casirivimab', 'BA.2 Spike', 1000.0)"
Sheward22b,Imdevimab,BA.2 Spike,Table S1,Pseudovirus (lentivirus),IC50,1000.0,1.0,1000.0,1.0,ng/ml,2022-07-25,sheward22b-pot.csv,1000.0,"['142D', '19I', '213G', '24S', '25del', '26del', '27del', '339D', '371F', '373P', '375F', '376A', '405N', '408S', '417N', '440K', '477N', '478K', '484A', '493R', '498R', '501Y', '505H', '614G', '655Y', '679K', '681H', '764K', '796Y', '954H', '969K']","('Sheward22b', 'Imdevimab', 'BA.2 Spike', 1000.0)"
Sheward22b,Casirivimab,BA.4/5 Spike,Table S1,Pseudovirus (lentivirus),IC50,1000.0,1.0,1000.0,1.0,ng/ml,2022-07-25,sheward22b-pot.csv,1000.0,"['142D', '19I', '213G', '24S', '25del', '26del', '27del', '339D', '371F', '373P', '375F', '376A', '405N', '408S', '417N', '440K', '452R', '477N', '478K', '484A', '486V', '498R', '501Y', '505H', '614G', '655Y', '679K', '681H', '69del', '70del', '764K', '796Y', '954H', '969K']","('Sheward22b', 'Casirivimab', 'BA.4/5 Spike', 1000.0)"
Sheward22b,Imdevimab,BA.4/5 Spike,Table S1,Pseudovirus (lentivirus),IC50,1000.0,1.0,1000.0,1.0,ng/ml,2022-07-25,sheward22b-pot.csv,1000.0,"['142D', '19I', '213G', '24S', '25del', '26del', '27del', '339D', '371F', '373P', '375F', '376A', '405N', '408S', '417N', '440K', '452R', '477N', '478K', '484A', '486V', '498R', '501Y', '505H', '614G', '655Y', '679K', '681H', '69del', '70del', '764K', '796Y', '954H', '969K']","('Sheward22b', 'Imdevimab', 'BA.4/5 Spike', 1000.0)"
Sheward22b,Casirivimab,BA.2.75 Spike,Table S1,Pseudovirus (lentivirus),IC50,1000.0,1.0,1000.0,1.0,ng/ml,2022-07-25,sheward22b-pot.csv,1000.0,"['142D', '147E', '152R', '157L', '19I', '210V', '213G', '24S', '257S', '25del', '26del', '27del', '339H', '371F', '373P', '375F', '376A', '405N', '408S', '417N', '440K', '446S', '460K', '477N', '478K', '484A', '498R', '501Y', '505H', '614G', '655Y', '679K', '681H', '764K', '796Y', '954H', '969K']","('Sheward22b', 'Casirivimab', 'BA.2.75 Spike', 1000.0)"
Sheward22b,Imdevimab,BA.2.75 Spike,Table S1,Pseudovirus (lentivirus),IC50,1000.0,1.0,1000.0,1.0,ng/ml,2022-07-25,sheward22b-pot.csv,1000.0,"['142D', '147E', '152R', '157L', '19I', '210V', '213G', '24S', '257S', '25del', '26del', '27del', '339H', '371F', '373P', '375F', '376A', '405N', '408S', '417N', '440K', '446S', '460K', '477N', '478K', '484A', '498R', '501Y', '505H', '614G', '655Y', '679K', '681H', '764K', '796Y', '954H', '969K']","('Sheward22b', 'Imdevimab', 'BA.2.75 Spike', 1000.0)"
Sheward22c,Casirivimab,S:614G,Figure 1B,Pseudovirus,IC50,14.0,1.0,1000.0,1.0,ng/ml,2022-10-04,sheward22c-pot.csv,14.0,['614G'],"('Sheward22c', 'Casirivimab', 'S:614G', 14.0)"
Sheward22c,Imdevimab,S:614G,Figure 1B,Pseudovirus,IC50,10.0,1.0,1000.0,1.0,ng/ml,2022-10-04,sheward22c-pot.csv,10.0,['614G'],"('Sheward22c', 'Imdevimab', 'S:614G', 10.0)"
Sheward22c,Casirivimab,BA.4/5 Spike,Figure 1B,Pseudovirus,IC50,1000.0,1.0,1000.0,1.0,ng/ml,2022-10-04,sheward22c-pot.csv,1000.0,"['142D', '19I', '213G', '24S', '25del', '26del', '27del', '339D', '371F', '373P', '375F', '376A', '405N', '408S', '417N', '440K', '452R', '477N', '478K', '484A', '486V', '498R', '501Y', '505H', '614G', '655Y', '679K', '681H', '69del', '70del', '764K', '796Y', '954H', '969K']","('Sheward22c', 'Casirivimab', 'BA.4/5 Spike', 1000.0)"
Sheward22c,Imdevimab,BA.4/5 Spike,Figure 1B,Pseudovirus,IC50,1000.0,1.0,1000.0,1.0,ng/ml,2022-10-04,sheward22c-pot.csv,1000.0,"['142D', '19I', '213G', '24S', '25del', '26del', '27del', '339D', '371F', '373P', '375F', '376A', '405N', '408S', '417N', '440K', '452R', '477N', '478K', '484A', '486V', '498R', '501Y', '505H', '614G', '655Y', '679K', '681H', '69del', '70del', '764K', '796Y', '954H', '969K']","('Sheward22c', 'Imdevimab', 'BA.4/5 Spike', 1000.0)"
Sheward22c,Casirivimab,BA.4.6 Spike,Figure 1B,Pseudovirus,IC50,1000.0,1.0,1000.0,1.0,ng/ml,2022-10-04,sheward22c-pot.csv,1000.0,"['142D', '19I', '213G', '24S', '25del', '26del', '27del', '339D', '346T', '371F', '373P', '375F', '376A', '405N', '408S', '417N', '440K', '452R', '477N', '478K', '484A', '486V', '498R', '501Y', '505H', '614G', '655Y', '658S', '679K', '681H', '69del', '70del', '764K', '796Y', '954H', '969K']","('Sheward22c', 'Casirivimab', 'BA.4.6 Spike', 1000.0)"
Sheward22c,Imdevimab,BA.4.6 Spike,Figure 1B,Pseudovirus,IC50,1000.0,1.0,1000.0,1.0,ng/ml,2022-10-04,sheward22c-pot.csv,1000.0,"['142D', '19I', '213G', '24S', '25del', '26del', '27del', '339D', '346T', '371F', '373P', '375F', '376A', '405N', '408S', '417N', '440K', '452R', '477N', '478K', '484A', '486V', '498R', '501Y', '505H', '614G', '655Y', '658S', '679K', '681H', '69del', '70del', '764K', '796Y', '954H', '969K']","('Sheward22c', 'Imdevimab', 'BA.4.6 Spike', 1000.0)"
Sheward22c,Casirivimab,BA.2.10.4 Spike,Figure 1B,Pseudovirus,IC50,1000.0,1.0,1000.0,1.0,ng/ml,2022-10-04,sheward22c-pot.csv,1000.0,"['1143L', '141del', '142del', '143del', '144del', '19I', '213G', '243del', '244del', '24S', '25del', '26del', '27del', '339D', '371F', '373P', '375F', '376A', '405N', '408S', '417N', '440K', '446S', '477N', '478K', '484A', '486P', '494P', '498R', '501Y', '505H', '614G', '64R', '655Y', '679K', '681H', '764K', '796Y', '954H', '969K']","('Sheward22c', 'Casirivimab', 'BA.2.10.4 Spike', 1000.0)"
Sheward22c,Imdevimab,BA.2.10.4 Spike,Figure 1B,Pseudovirus,IC50,1000.0,1.0,1000.0,1.0,ng/ml,2022-10-04,sheward22c-pot.csv,1000.0,"['1143L', '141del', '142del', '143del', '144del', '19I', '213G', '243del', '244del', '24S', '25del', '26del', '27del', '339D', '371F', '373P', '375F', '376A', '405N', '408S', '417N', '440K', '446S', '477N', '478K', '484A', '486P', '494P', '498R', '501Y', '505H', '614G', '64R', '655Y', '679K', '681H', '764K', '796Y', '954H', '969K']","('Sheward22c', 'Imdevimab', 'BA.2.10.4 Spike', 1000.0)"
Sheward22c,Casirivimab,BA.2.75.2 Spike,Figure 1B,Pseudovirus,IC50,1000.0,1.0,1000.0,1.0,ng/ml,2022-10-04,sheward22c-pot.csv,1000.0,"['1199N', '142D', '147E', '152R', '157L', '19I', '210V', '213G', '24S', '257S', '25del', '26del', '27del', '339H', '346T', '371F', '373P', '375F', '376A', '405N', '408S', '417N', '440K', '446S', '460K', '477N', '478K', '484A', '486S', '498R', '501Y', '505H', '614G', '655Y', '679K', '681H', '764K', '796Y', '954H', '969K']","('Sheward22c', 'Casirivimab', 'BA.2.75.2 Spike', 1000.0)"
Sheward22c,Imdevimab,BA.2.75.2 Spike,Figure 1B,Pseudovirus,IC50,1000.0,1.0,1000.0,1.0,ng/ml,2022-10-04,sheward22c-pot.csv,1000.0,"['1199N', '142D', '147E', '152R', '157L', '19I', '210V', '213G', '24S', '257S', '25del', '26del', '27del', '339H', '346T', '371F', '373P', '375F', '376A', '405N', '408S', '417N', '440K', '446S', '460K', '477N', '478K', '484A', '486S', '498R', '501Y', '505H', '614G', '655Y', '679K', '681H', '764K', '796Y', '954H', '969K']","('Sheward22c', 'Imdevimab', 'BA.2.75.2 Spike', 1000.0)"
Starr21,Casirivimab,S:614G,Figure S3; git.io/Jc7NB (20201125),Pseudovirus (HIV),IC50,6.4,1.0,6000.0,2.9,ng/ml,2021-01-27,starr21-pot.csv,6.4,['614G'],"('Starr21', 'Casirivimab', 'S:614G', 6.4)"
Starr21,Casirivimab,S:406W+614G,Figure S3; git.io/Jc7NB (20201125),Pseudovirus (HIV),IC50,540.3,1.0,6000.0,2.9,ng/ml,2021-01-27,starr21-pot.csv,540.3,"['406W', '614G']","('Starr21', 'Casirivimab', 'S:406W+614G', 540.3)"
Starr21,Casirivimab,S:439K+614G,Figure S3; git.io/Jc7NB (20201125),Pseudovirus (HIV),IC50,5.3,1.0,6000.0,2.9,ng/ml,2021-01-27,starr21-pot.csv,5.3,"['439K', '614G']","('Starr21', 'Casirivimab', 'S:439K+614G', 5.3)"
Starr21,Casirivimab,S:444Q+614G,Figure S3; git.io/Jc7NB (20201125),Pseudovirus (HIV),IC50,2.9,1.0,6000.0,2.9,ng/ml,2021-01-27,starr21-pot.csv,2.9,"['444Q', '614G']","('Starr21', 'Casirivimab', 'S:444Q+614G', 2.9)"
Starr21,Casirivimab,S:486K+614G,Figure S3; git.io/Jc7NB (20201125),Pseudovirus (HIV),IC50,6000.0,1.0,6000.0,2.9,ng/ml,2021-01-27,starr21-pot.csv,6000.0,"['486K', '614G']","('Starr21', 'Casirivimab', 'S:486K+614G', 6000.0)"
Starr21,Imdevimab,S:614G,Figure S3; git.io/Jc7NB (20201125),Pseudovirus (HIV),IC50,7.0,1.0,6000.0,2.9,ng/ml,2021-01-27,starr21-pot.csv,7.0,['614G'],"('Starr21', 'Imdevimab', 'S:614G', 7.0)"
Starr21,Imdevimab,S:406W+614G,Figure S3; git.io/Jc7NB (20201125),Pseudovirus (HIV),IC50,757.1,1.0,6000.0,2.9,ng/ml,2021-01-27,starr21-pot.csv,757.1,"['406W', '614G']","('Starr21', 'Imdevimab', 'S:406W+614G', 757.1)"
Starr21,Imdevimab,S:439K+614G,Figure S3; git.io/Jc7NB (20201125),Pseudovirus (HIV),IC50,250.2,1.0,6000.0,2.9,ng/ml,2021-01-27,starr21-pot.csv,250.2,"['439K', '614G']","('Starr21', 'Imdevimab', 'S:439K+614G', 250.2)"
Starr21,Imdevimab,S:444Q+614G,Figure S3; git.io/Jc7NB (20201125),Pseudovirus (HIV),IC50,6000.0,1.0,6000.0,2.9,ng/ml,2021-01-27,starr21-pot.csv,6000.0,"['444Q', '614G']","('Starr21', 'Imdevimab', 'S:444Q+614G', 6000.0)"
Starr21,Imdevimab,S:486K+614G,Figure S3; git.io/Jc7NB (20201125),Pseudovirus (HIV),IC50,3.1,1.0,6000.0,2.9,ng/ml,2021-01-27,starr21-pot.csv,3.1,"['486K', '614G']","('Starr21', 'Imdevimab', 'S:486K+614G', 3.1)"
Supasa21,Imdevimab,VIC,Dejnirattisai21 Table S2,Virus isolate,IC50,32.0,1.0,10000.0,,ng/ml,2021-03-15,supasa21-pot.csv,32.0,['247R'],"('Supasa21', 'Imdevimab', 'VIC', 32.0)"
Supasa21,Casirivimab,VIC,Dejnirattisai21 Table S2,Virus isolate,IC50,4.0,1.0,10000.0,,ng/ml,2021-03-15,supasa21-pot.csv,4.0,['247R'],"('Supasa21', 'Casirivimab', 'VIC', 4.0)"
Supasa21,Imdevimab,B.1.1.7 full genome,Dejnirattisai21 Table S2,Virus isolate,IC50,28.0,1.0,10000.0,,ng/ml,2021-03-15,supasa21-pot.csv,28.0,"['1118H', '144del', '145del', '501Y', '570D', '614G', '681H', '69del', '70del', '716I', '982A']","('Supasa21', 'Imdevimab', 'B.1.1.7 full genome', 28.0)"
Supasa21,Casirivimab,B.1.1.7 full genome,Dejnirattisai21 Table S2,Virus isolate,IC50,14.0,1.0,10000.0,,ng/ml,2021-03-15,supasa21-pot.csv,14.0,"['1118H', '144del', '145del', '501Y', '570D', '614G', '681H', '69del', '70del', '716I', '982A']","('Supasa21', 'Casirivimab', 'B.1.1.7 full genome', 14.0)"
Syed21,Casirivimab,S:614G,Table 2,VLP,IC50,36.0,1.0,1000.0,1.0,ng/ml,2022-01-03,syed21-pot.csv,36.0,['614G'],"('Syed21', 'Casirivimab', 'S:614G', 36.0)"
Syed21,Casirivimab,S:67V+142D+156G+157del+158del+452R+478K+614G+681R+950N,Table 2,VLP,IC50,21.0,1.0,1000.0,1.0,ng/ml,2022-01-03,syed21-pot.csv,21.0,"['142D', '156G', '157del', '158del', '452R', '478K', '614G', '67V', '681R', '950N']","('Syed21', 'Casirivimab', 'S:67V+142D+156G+157del+158del+452R+478K+614G+681R+950N', 21.0)"
Syed21,Casirivimab,S:67V+69del+70del+95I+142D+143del+144del+145del+211I+212del+214EPEins+339D+371L+373P+375F+417N+440K+446S+477N+478K+484A+493R+496S+498R+501Y+505H+547K+614G+655Y+679K+681H+764K+796Y+856K+954H+969K+981F,Table 2,VLP,IC50,1000.0,1.0,1000.0,1.0,ng/ml,2022-01-03,syed21-pot.csv,1000.0,"['142D', '143del', '144del', '145del', '211I', '212del', '339D', '371L', '373P', '375F', '417N', '440K', '446S', '477N', '478K', '484A', '493R', '496S', '498R', '501Y', '505H', '547K', '614G', '655Y', '679K', '67V', '681H', '69del', '70del', '764K', '796Y', '856K', '954H', '95I', '969K', '981F']","('Syed21', 'Casirivimab', 'S:67V+69del+70del+95I+142D+143del+144del+145del+211I+212del+214EPEins+339D+371L+373P+375F+417N+440K+446S+477N+478K+484A+493R+496S+498R+501Y+505H+547K+614G+655Y+679K+681H+764K+796Y+856K+954H+969K+981F', 1000.0)"
Syed21,Imdevimab,S:614G,Table 2,VLP,IC50,34.0,1.0,1000.0,1.0,ng/ml,2022-01-03,syed21-pot.csv,34.0,['614G'],"('Syed21', 'Imdevimab', 'S:614G', 34.0)"
Syed21,Imdevimab,S:67V+142D+156G+157del+158del+452R+478K+614G+681R+950N,Table 2,VLP,IC50,125.0,1.0,1000.0,1.0,ng/ml,2022-01-03,syed21-pot.csv,125.0,"['142D', '156G', '157del', '158del', '452R', '478K', '614G', '67V', '681R', '950N']","('Syed21', 'Imdevimab', 'S:67V+142D+156G+157del+158del+452R+478K+614G+681R+950N', 125.0)"
Syed21,Imdevimab,S:67V+69del+70del+95I+142D+143del+144del+145del+211I+212del+214EPEins+339D+371L+373P+375F+417N+440K+446S+477N+478K+484A+493R+496S+498R+501Y+505H+547K+614G+655Y+679K+681H+764K+796Y+856K+954H+969K+981F,Table 2,VLP,IC50,1000.0,1.0,1000.0,1.0,ng/ml,2022-01-03,syed21-pot.csv,1000.0,"['142D', '143del', '144del', '145del', '211I', '212del', '339D', '371L', '373P', '375F', '417N', '440K', '446S', '477N', '478K', '484A', '493R', '496S', '498R', '501Y', '505H', '547K', '614G', '655Y', '679K', '67V', '681H', '69del', '70del', '764K', '796Y', '856K', '954H', '95I', '969K', '981F']","('Syed21', 'Imdevimab', 'S:67V+69del+70del+95I+142D+143del+144del+145del+211I+212del+214EPEins+339D+371L+373P+375F+417N+440K+446S+477N+478K+484A+493R+496S+498R+501Y+505H+547K+614G+655Y+679K+681H+764K+796Y+856K+954H+969K+981F', 1000.0)"
Tada21,Casirivimab,S:614G,Table 3,Pseudovirus (HIV),IC50,7.44,1.0,2000.0,,ng/ml,2021-06-28,tada21-pot.csv,7.44,['614G'],"('Tada21', 'Casirivimab', 'S:614G', 7.44)"
Tada21,Casirivimab,B.1.1.7 Spike,Table 3,Pseudovirus (HIV),IC50,7.44,1.0,2000.0,,ng/ml,2021-06-28,tada21-pot.csv,7.44,"['1118H', '144del', '501Y', '570D', '614G', '681H', '69del', '70del', '716I', '982A']","('Tada21', 'Casirivimab', 'B.1.1.7 Spike', 7.44)"
Tada21,Casirivimab,S:69del+70del+501Y+681H,Table 3,Pseudovirus (HIV),IC50,8.4,1.0,2000.0,,ng/ml,2021-06-28,tada21-pot.csv,8.4,"['501Y', '681H', '69del', '70del']","('Tada21', 'Casirivimab', 'S:69del+70del+501Y+681H', 8.4)"
Tada21,Casirivimab,S:69del+70del,Table 3,Pseudovirus (HIV),IC50,14.03,1.0,2000.0,,ng/ml,2021-06-28,tada21-pot.csv,14.03,"['69del', '70del']","('Tada21', 'Casirivimab', 'S:69del+70del', 14.03)"
Tada21,Casirivimab,S:144del,Table 3,Pseudovirus (HIV),IC50,11.11,1.0,2000.0,,ng/ml,2021-06-28,tada21-pot.csv,11.11,['144del'],"('Tada21', 'Casirivimab', 'S:144del', 11.11)"
Tada21,Casirivimab,S:501Y,Table 3,Pseudovirus (HIV),IC50,12.22,1.0,2000.0,,ng/ml,2021-06-28,tada21-pot.csv,12.22,['501Y'],"('Tada21', 'Casirivimab', 'S:501Y', 12.22)"
Tada21,Casirivimab,S:570D,Table 3,Pseudovirus (HIV),IC50,4.68,1.0,2000.0,,ng/ml,2021-06-28,tada21-pot.csv,4.68,['570D'],"('Tada21', 'Casirivimab', 'S:570D', 4.68)"
Tada21,Casirivimab,S:681H,Table 3,Pseudovirus (HIV),IC50,10.16,1.0,2000.0,,ng/ml,2021-06-28,tada21-pot.csv,10.16,['681H'],"('Tada21', 'Casirivimab', 'S:681H', 10.16)"
Tada21,Casirivimab,S:716I,Table 3,Pseudovirus (HIV),IC50,1.32,1.0,2000.0,,ng/ml,2021-06-28,tada21-pot.csv,1.32,['716I'],"('Tada21', 'Casirivimab', 'S:716I', 1.32)"
Tada21,Casirivimab,S:982A,Table 3,Pseudovirus (HIV),IC50,12.92,1.0,2000.0,,ng/ml,2021-06-28,tada21-pot.csv,12.92,['982A'],"('Tada21', 'Casirivimab', 'S:982A', 12.92)"
Tada21,Casirivimab,S:1118H,Table 3,Pseudovirus (HIV),IC50,10.17,1.0,2000.0,,ng/ml,2021-06-28,tada21-pot.csv,10.17,['1118H'],"('Tada21', 'Casirivimab', 'S:1118H', 10.17)"
Tada21,Casirivimab,B.1.351 Spike,Table 3,Pseudovirus (HIV),IC50,567.6,1.0,2000.0,,ng/ml,2021-06-28,tada21-pot.csv,567.6,"['18F', '215G', '242del', '243del', '244del', '246I', '417N', '484K', '501Y', '614G', '701V', '80A']","('Tada21', 'Casirivimab', 'B.1.351 Spike', 567.6)"
Tada21,Casirivimab,S:18F,Table 3,Pseudovirus (HIV),IC50,4.51,1.0,2000.0,,ng/ml,2021-06-28,tada21-pot.csv,4.51,['18F'],"('Tada21', 'Casirivimab', 'S:18F', 4.51)"
Tada21,Casirivimab,S:80A,Table 3,Pseudovirus (HIV),IC50,4.02,1.0,2000.0,,ng/ml,2021-06-28,tada21-pot.csv,4.02,['80A'],"('Tada21', 'Casirivimab', 'S:80A', 4.02)"
Tada21,Casirivimab,S:215G,Table 3,Pseudovirus (HIV),IC50,8.56,1.0,2000.0,,ng/ml,2021-06-28,tada21-pot.csv,8.56,['215G'],"('Tada21', 'Casirivimab', 'S:215G', 8.56)"
Tada21,Casirivimab,S:242del+243del+244del,Table 3,Pseudovirus (HIV),IC50,8.26,1.0,2000.0,,ng/ml,2021-06-28,tada21-pot.csv,8.26,"['242del', '243del', '244del']","('Tada21', 'Casirivimab', 'S:242del+243del+244del', 8.26)"
Tada21,Casirivimab,S:246I,Table 3,Pseudovirus (HIV),IC50,6.04,1.0,2000.0,,ng/ml,2021-06-28,tada21-pot.csv,6.04,['246I'],"('Tada21', 'Casirivimab', 'S:246I', 6.04)"
Tada21,Casirivimab,S:417N,Table 3,Pseudovirus (HIV),IC50,362.6,1.0,2000.0,,ng/ml,2021-06-28,tada21-pot.csv,362.6,['417N'],"('Tada21', 'Casirivimab', 'S:417N', 362.6)"
Tada21,Casirivimab,S:484K,Table 3,Pseudovirus (HIV),IC50,54.29,1.0,2000.0,,ng/ml,2021-06-28,tada21-pot.csv,54.29,['484K'],"('Tada21', 'Casirivimab', 'S:484K', 54.29)"
Tada21,Casirivimab,S:701V,Table 3,Pseudovirus (HIV),IC50,5.43,1.0,2000.0,,ng/ml,2021-06-28,tada21-pot.csv,5.43,['701V'],"('Tada21', 'Casirivimab', 'S:701V', 5.43)"
Tada21,Casirivimab,P.1 Spike,Table 3,Pseudovirus (HIV),IC50,2000.0,1.0,2000.0,,ng/ml,2021-06-28,tada21-pot.csv,2000.0,"['1027I', '1176F', '138Y', '18F', '190S', '20N', '26S', '417T', '484K', '501Y', '614G', '655Y']","('Tada21', 'Casirivimab', 'P.1 Spike', 2000.0)"
Tada21,Casirivimab,Mink Cluster 5 Spike,Table 3,Pseudovirus (HIV),IC50,1599.0,1.0,2000.0,,ng/ml,2021-06-28,tada21-pot.csv,1599.0,"['1147L', '1229I', '453F', '614G', '692V', '69del', '70del']","('Tada21', 'Casirivimab', 'Mink Cluster 5 Spike', 1599.0)"
Tada21,Casirivimab,S:453F,Table 3,Pseudovirus (HIV),IC50,1355.0,1.0,2000.0,,ng/ml,2021-06-28,tada21-pot.csv,1355.0,['453F'],"('Tada21', 'Casirivimab', 'S:453F', 1355.0)"
Tada21,Casirivimab,S:692V,Table 3,Pseudovirus (HIV),IC50,2.54,1.0,2000.0,,ng/ml,2021-06-28,tada21-pot.csv,2.54,['692V'],"('Tada21', 'Casirivimab', 'S:692V', 2.54)"
Tada21,Casirivimab,S:1147L,Table 3,Pseudovirus (HIV),IC50,15.44,1.0,2000.0,,ng/ml,2021-06-28,tada21-pot.csv,15.44,['1147L'],"('Tada21', 'Casirivimab', 'S:1147L', 15.44)"
Tada21,Casirivimab,S:1229I,Table 3,Pseudovirus (HIV),IC50,13.72,1.0,2000.0,,ng/ml,2021-06-28,tada21-pot.csv,13.72,['1229I'],"('Tada21', 'Casirivimab', 'S:1229I', 13.72)"
Tada21,Casirivimab,S:501Y+614G+677H,Table 3,Pseudovirus (HIV),IC50,5.98,1.0,2000.0,,ng/ml,2021-06-28,tada21-pot.csv,5.98,"['501Y', '614G', '677H']","('Tada21', 'Casirivimab', 'S:501Y+614G+677H', 5.98)"
Tada21,Casirivimab,S:486S,Table 3,Pseudovirus (HIV),IC50,2000.0,1.0,2000.0,,ng/ml,2021-06-28,tada21-pot.csv,2000.0,['486S'],"('Tada21', 'Casirivimab', 'S:486S', 2000.0)"
Tada21,Imdevimab,S:614G,Table 3,Pseudovirus (HIV),IC50,19.42,1.0,2000.0,,ng/ml,2021-06-28,tada21-pot.csv,19.42,['614G'],"('Tada21', 'Imdevimab', 'S:614G', 19.42)"
Tada21,Imdevimab,B.1.1.7 Spike,Table 3,Pseudovirus (HIV),IC50,19.42,1.0,2000.0,,ng/ml,2021-06-28,tada21-pot.csv,19.42,"['1118H', '144del', '501Y', '570D', '614G', '681H', '69del', '70del', '716I', '982A']","('Tada21', 'Imdevimab', 'B.1.1.7 Spike', 19.42)"
Tada21,Imdevimab,S:69del+70del+501Y+681H,Table 3,Pseudovirus (HIV),IC50,14.94,1.0,2000.0,,ng/ml,2021-06-28,tada21-pot.csv,14.94,"['501Y', '681H', '69del', '70del']","('Tada21', 'Imdevimab', 'S:69del+70del+501Y+681H', 14.94)"
Tada21,Imdevimab,S:69del+70del,Table 3,Pseudovirus (HIV),IC50,9.49,1.0,2000.0,,ng/ml,2021-06-28,tada21-pot.csv,9.49,"['69del', '70del']","('Tada21', 'Imdevimab', 'S:69del+70del', 9.49)"
Tada21,Imdevimab,S:144del,Table 3,Pseudovirus (HIV),IC50,19.79,1.0,2000.0,,ng/ml,2021-06-28,tada21-pot.csv,19.79,['144del'],"('Tada21', 'Imdevimab', 'S:144del', 19.79)"
Tada21,Imdevimab,S:501Y,Table 3,Pseudovirus (HIV),IC50,18.4,1.0,2000.0,,ng/ml,2021-06-28,tada21-pot.csv,18.4,['501Y'],"('Tada21', 'Imdevimab', 'S:501Y', 18.4)"
Tada21,Imdevimab,S:570D,Table 3,Pseudovirus (HIV),IC50,5.52,1.0,2000.0,,ng/ml,2021-06-28,tada21-pot.csv,5.52,['570D'],"('Tada21', 'Imdevimab', 'S:570D', 5.52)"
Tada21,Imdevimab,S:681H,Table 3,Pseudovirus (HIV),IC50,17.47,1.0,2000.0,,ng/ml,2021-06-28,tada21-pot.csv,17.47,['681H'],"('Tada21', 'Imdevimab', 'S:681H', 17.47)"
Tada21,Imdevimab,S:716I,Table 3,Pseudovirus (HIV),IC50,5.41,1.0,2000.0,,ng/ml,2021-06-28,tada21-pot.csv,5.41,['716I'],"('Tada21', 'Imdevimab', 'S:716I', 5.41)"
Tada21,Imdevimab,S:982A,Table 3,Pseudovirus (HIV),IC50,23.0,1.0,2000.0,,ng/ml,2021-06-28,tada21-pot.csv,23.0,['982A'],"('Tada21', 'Imdevimab', 'S:982A', 23.0)"
Tada21,Imdevimab,S:1118H,Table 3,Pseudovirus (HIV),IC50,17.56,1.0,2000.0,,ng/ml,2021-06-28,tada21-pot.csv,17.56,['1118H'],"('Tada21', 'Imdevimab', 'S:1118H', 17.56)"
Tada21,Imdevimab,B.1.351 Spike,Table 3,Pseudovirus (HIV),IC50,43.74,1.0,2000.0,,ng/ml,2021-06-28,tada21-pot.csv,43.74,"['18F', '215G', '242del', '243del', '244del', '246I', '417N', '484K', '501Y', '614G', '701V', '80A']","('Tada21', 'Imdevimab', 'B.1.351 Spike', 43.74)"
Tada21,Imdevimab,S:18F,Table 3,Pseudovirus (HIV),IC50,9.28,1.0,2000.0,,ng/ml,2021-06-28,tada21-pot.csv,9.28,['18F'],"('Tada21', 'Imdevimab', 'S:18F', 9.28)"
Tada21,Imdevimab,S:80A,Table 3,Pseudovirus (HIV),IC50,11.46,1.0,2000.0,,ng/ml,2021-06-28,tada21-pot.csv,11.46,['80A'],"('Tada21', 'Imdevimab', 'S:80A', 11.46)"
Tada21,Imdevimab,S:215G,Table 3,Pseudovirus (HIV),IC50,12.85,1.0,2000.0,,ng/ml,2021-06-28,tada21-pot.csv,12.85,['215G'],"('Tada21', 'Imdevimab', 'S:215G', 12.85)"
Tada21,Imdevimab,S:242del+243del+244del,Table 3,Pseudovirus (HIV),IC50,3.48,1.0,2000.0,,ng/ml,2021-06-28,tada21-pot.csv,3.48,"['242del', '243del', '244del']","('Tada21', 'Imdevimab', 'S:242del+243del+244del', 3.48)"
Tada21,Imdevimab,S:246I,Table 3,Pseudovirus (HIV),IC50,18.27,1.0,2000.0,,ng/ml,2021-06-28,tada21-pot.csv,18.27,['246I'],"('Tada21', 'Imdevimab', 'S:246I', 18.27)"
Tada21,Imdevimab,S:417N,Table 3,Pseudovirus (HIV),IC50,26.17,1.0,2000.0,,ng/ml,2021-06-28,tada21-pot.csv,26.17,['417N'],"('Tada21', 'Imdevimab', 'S:417N', 26.17)"
Tada21,Imdevimab,S:484K,Table 3,Pseudovirus (HIV),IC50,10.55,1.0,2000.0,,ng/ml,2021-06-28,tada21-pot.csv,10.55,['484K'],"('Tada21', 'Imdevimab', 'S:484K', 10.55)"
Tada21,Imdevimab,S:701V,Table 3,Pseudovirus (HIV),IC50,14.98,1.0,2000.0,,ng/ml,2021-06-28,tada21-pot.csv,14.98,['701V'],"('Tada21', 'Imdevimab', 'S:701V', 14.98)"
Tada21,Imdevimab,P.1 Spike,Table 3,Pseudovirus (HIV),IC50,36.37,1.0,2000.0,,ng/ml,2021-06-28,tada21-pot.csv,36.37,"['1027I', '1176F', '138Y', '18F', '190S', '20N', '26S', '417T', '484K', '501Y', '614G', '655Y']","('Tada21', 'Imdevimab', 'P.1 Spike', 36.37)"
Tada21,Imdevimab,Mink Cluster 5 Spike,Table 3,Pseudovirus (HIV),IC50,54.33,1.0,2000.0,,ng/ml,2021-06-28,tada21-pot.csv,54.33,"['1147L', '1229I', '453F', '614G', '692V', '69del', '70del']","('Tada21', 'Imdevimab', 'Mink Cluster 5 Spike', 54.33)"
Tada21,Imdevimab,S:453F,Table 3,Pseudovirus (HIV),IC50,28.81,1.0,2000.0,,ng/ml,2021-06-28,tada21-pot.csv,28.81,['453F'],"('Tada21', 'Imdevimab', 'S:453F', 28.81)"
Tada21,Imdevimab,S:692V,Table 3,Pseudovirus (HIV),IC50,12.4,1.0,2000.0,,ng/ml,2021-06-28,tada21-pot.csv,12.4,['692V'],"('Tada21', 'Imdevimab', 'S:692V', 12.4)"
Tada21,Imdevimab,S:1147L,Table 3,Pseudovirus (HIV),IC50,17.99,1.0,2000.0,,ng/ml,2021-06-28,tada21-pot.csv,17.99,['1147L'],"('Tada21', 'Imdevimab', 'S:1147L', 17.99)"
Tada21,Imdevimab,S:1229I,Table 3,Pseudovirus (HIV),IC50,6.49,1.0,2000.0,,ng/ml,2021-06-28,tada21-pot.csv,6.49,['1229I'],"('Tada21', 'Imdevimab', 'S:1229I', 6.49)"
Tada21,Imdevimab,S:501Y+614G+677H,Table 3,Pseudovirus (HIV),IC50,4.96,1.0,2000.0,,ng/ml,2021-06-28,tada21-pot.csv,4.96,"['501Y', '614G', '677H']","('Tada21', 'Imdevimab', 'S:501Y+614G+677H', 4.96)"
Tada21,Imdevimab,S:486S,Table 3,Pseudovirus (HIV),IC50,8.49,1.0,2000.0,,ng/ml,2021-06-28,tada21-pot.csv,8.49,['486S'],"('Tada21', 'Imdevimab', 'S:486S', 8.49)"
Tada21c,Casirivimab,S:19del,Table 1,Pseudovirus (HIV),IC50,3.9,1.0,50000.0,1.0,ng/ml,2022-08-16,tada21c-pot.csv,3.9,['19del'],"('Tada21c', 'Casirivimab', 'S:19del', 3.9)"
Tada21c,Imdevimab,S:19del,Table 1,Pseudovirus (HIV),IC50,13.9,1.0,50000.0,1.0,ng/ml,2022-08-16,tada21c-pot.csv,13.9,['19del'],"('Tada21c', 'Imdevimab', 'S:19del', 13.9)"
Tada21c,Casirivimab,S:614G,Table 1,Pseudovirus (HIV),IC50,3.2,1.0,50000.0,1.0,ng/ml,2022-08-16,tada21c-pot.csv,3.2,['614G'],"('Tada21c', 'Casirivimab', 'S:614G', 3.2)"
Tada21c,Imdevimab,S:614G,Table 1,Pseudovirus (HIV),IC50,50.3,1.0,50000.0,1.0,ng/ml,2022-08-16,tada21c-pot.csv,50.3,['614G'],"('Tada21c', 'Imdevimab', 'S:614G', 50.3)"
Tada21c,Casirivimab,B.1.351 Spike,Table 1,Pseudovirus (HIV),IC50,424.6,1.0,50000.0,1.0,ng/ml,2022-08-16,tada21c-pot.csv,424.6,"['18F', '215G', '242del', '243del', '244del', '246I', '417N', '484K', '501Y', '614G', '701V', '80A']","('Tada21c', 'Casirivimab', 'B.1.351 Spike', 424.6)"
Tada21c,Imdevimab,B.1.351 Spike,Table 1,Pseudovirus (HIV),IC50,73.5,1.0,50000.0,1.0,ng/ml,2022-08-16,tada21c-pot.csv,73.5,"['18F', '215G', '242del', '243del', '244del', '246I', '417N', '484K', '501Y', '614G', '701V', '80A']","('Tada21c', 'Imdevimab', 'B.1.351 Spike', 73.5)"
Tada21c,Casirivimab,B.1.617 Spike,Table 1,Pseudovirus (HIV),IC50,78.8,1.0,50000.0,1.0,ng/ml,2022-08-16,tada21c-pot.csv,78.8,"['1071H', '142D', '154K', '452R', '484Q', '614G', '681R', '95I']","('Tada21c', 'Casirivimab', 'B.1.617 Spike', 78.8)"
Tada21c,Imdevimab,B.1.617 Spike,Table 1,Pseudovirus (HIV),IC50,151.7,1.0,50000.0,1.0,ng/ml,2022-08-16,tada21c-pot.csv,151.7,"['1071H', '142D', '154K', '452R', '484Q', '614G', '681R', '95I']","('Tada21c', 'Imdevimab', 'B.1.617 Spike', 151.7)"
Tada21c,Casirivimab,S:19R+142D+156del+157del+158G+452R+478K+614G+681R+950N,Table 1,Pseudovirus (HIV),IC50,62.1,1.0,50000.0,1.0,ng/ml,2022-08-16,tada21c-pot.csv,62.1,"['142D', '156del', '157del', '158G', '19R', '452R', '478K', '614G', '681R', '950N']","('Tada21c', 'Casirivimab', 'S:19R+142D+156del+157del+158G+452R+478K+614G+681R+950N', 62.1)"
Tada21c,Imdevimab,S:19R+142D+156del+157del+158G+452R+478K+614G+681R+950N,Table 1,Pseudovirus (HIV),IC50,28.2,1.0,50000.0,1.0,ng/ml,2022-08-16,tada21c-pot.csv,28.2,"['142D', '156del', '157del', '158G', '19R', '452R', '478K', '614G', '681R', '950N']","('Tada21c', 'Imdevimab', 'S:19R+142D+156del+157del+158G+452R+478K+614G+681R+950N', 28.2)"
Tada21c,Casirivimab,S:145del+146del+484K+614G,Table 1,Pseudovirus (HIV),IC50,139.8,1.0,50000.0,1.0,ng/ml,2022-08-16,tada21c-pot.csv,139.8,"['145del', '146del', '484K', '614G']","('Tada21c', 'Casirivimab', 'S:145del+146del+484K+614G', 139.8)"
Tada21c,Imdevimab,S:145del+146del+484K+614G,Table 1,Pseudovirus (HIV),IC50,31.4,1.0,50000.0,1.0,ng/ml,2022-08-16,tada21c-pot.csv,31.4,"['145del', '146del', '484K', '614G']","('Tada21c', 'Imdevimab', 'S:145del+146del+484K+614G', 31.4)"
Tada21c,Casirivimab,S:440K+614G,Table 1,Pseudovirus (HIV),IC50,1.4,1.0,50000.0,1.0,ng/ml,2022-08-16,tada21c-pot.csv,1.4,"['440K', '614G']","('Tada21c', 'Casirivimab', 'S:440K+614G', 1.4)"
Tada21c,Imdevimab,S:440K+614G,Table 1,Pseudovirus (HIV),IC50,1.4,1.0,50000.0,1.0,ng/ml,2022-08-16,tada21c-pot.csv,1.4,"['440K', '614G']","('Tada21c', 'Imdevimab', 'S:440K+614G', 1.4)"
Tada21c,Casirivimab,S:452R,Supplemental Figure 2D,Pseudovirus (HIV),IC50,30.7,1.0,50000.0,1.0,ng/ml,2022-08-16,tada21c-pot.csv,30.7,['452R'],"('Tada21c', 'Casirivimab', 'S:452R', 30.7)"
Tada21c,Imdevimab,S:452R,Supplemental Figure 2D,Pseudovirus (HIV),IC50,147.6,1.0,50000.0,1.0,ng/ml,2022-08-16,tada21c-pot.csv,147.6,['452R'],"('Tada21c', 'Imdevimab', 'S:452R', 147.6)"
Tada21c,Casirivimab,S:484Q,Supplemental Figure 2D,Pseudovirus (HIV),IC50,82.3,1.0,50000.0,1.0,ng/ml,2022-08-16,tada21c-pot.csv,82.3,['484Q'],"('Tada21c', 'Casirivimab', 'S:484Q', 82.3)"
Tada21c,Imdevimab,S:484Q,Supplemental Figure 2D,Pseudovirus (HIV),IC50,53.6,1.0,50000.0,1.0,ng/ml,2022-08-16,tada21c-pot.csv,53.6,['484Q'],"('Tada21c', 'Imdevimab', 'S:484Q', 53.6)"
Tada21c,Casirivimab,S:681R,Supplemental Figure 2D,Pseudovirus (HIV),IC50,3.7,1.0,50000.0,1.0,ng/ml,2022-08-16,tada21c-pot.csv,3.7,['681R'],"('Tada21c', 'Casirivimab', 'S:681R', 3.7)"
Tada21c,Imdevimab,S:681R,Supplemental Figure 2D,Pseudovirus (HIV),IC50,43.6,1.0,50000.0,1.0,ng/ml,2022-08-16,tada21c-pot.csv,43.6,['681R'],"('Tada21c', 'Imdevimab', 'S:681R', 43.6)"
Tada21c,Casirivimab,S:145del+146del,Supplemental Figure 2D,Pseudovirus (HIV),IC50,2.5,1.0,50000.0,1.0,ng/ml,2022-08-16,tada21c-pot.csv,2.5,"['145del', '146del']","('Tada21c', 'Casirivimab', 'S:145del+146del', 2.5)"
Tada21c,Imdevimab,S:145del+146del,Supplemental Figure 2D,Pseudovirus (HIV),IC50,65.9,1.0,50000.0,1.0,ng/ml,2022-08-16,tada21c-pot.csv,65.9,"['145del', '146del']","('Tada21c', 'Imdevimab', 'S:145del+146del', 65.9)"
Tada21c,Casirivimab,S:484K,Supplemental Figure 2D,Pseudovirus (HIV),IC50,69.3,1.0,50000.0,1.0,ng/ml,2022-08-16,tada21c-pot.csv,69.3,['484K'],"('Tada21c', 'Casirivimab', 'S:484K', 69.3)"
Tada21c,Imdevimab,S:484K,Supplemental Figure 2D,Pseudovirus (HIV),IC50,39.6,1.0,50000.0,1.0,ng/ml,2022-08-16,tada21c-pot.csv,39.6,['484K'],"('Tada21c', 'Imdevimab', 'S:484K', 39.6)"
Tada21d,Casirivimab,S:614G,Figure 2A table,Pseudovirus (HIV),IC50,3.3,1.0,10000.0,0.1,ng/ml,2021-07-12,tada21d-pot.csv,3.3,['614G'],"('Tada21d', 'Casirivimab', 'S:614G', 3.3)"
Tada21d,Imdevimab,S:614G,Figure 2A table,Pseudovirus (HIV),IC50,9.3,1.0,10000.0,0.1,ng/ml,2021-07-12,tada21d-pot.csv,9.3,['614G'],"('Tada21d', 'Imdevimab', 'S:614G', 9.3)"
Tada21d,Casirivimab,B.1.351 Spike,Figure 2A table,Pseudovirus (HIV),IC50,420.4,1.0,10000.0,0.1,ng/ml,2021-07-12,tada21d-pot.csv,420.4,"['18F', '215G', '242del', '243del', '244del', '246I', '417N', '484K', '501Y', '614G', '701V', '80A']","('Tada21d', 'Casirivimab', 'B.1.351 Spike', 420.4)"
Tada21d,Imdevimab,B.1.351 Spike,Figure 2A table,Pseudovirus (HIV),IC50,16.4,1.0,10000.0,0.1,ng/ml,2021-07-12,tada21d-pot.csv,16.4,"['18F', '215G', '242del', '243del', '244del', '246I', '417N', '484K', '501Y', '614G', '701V', '80A']","('Tada21d', 'Imdevimab', 'B.1.351 Spike', 16.4)"
Tada21d,Casirivimab,C.37 Spike,Figure 2A table,Pseudovirus (HIV),IC50,2.9,1.0,10000.0,0.1,ng/ml,2021-07-12,tada21d-pot.csv,2.9,"['246del', '247del', '248del', '249del', '250del', '251del', '252del', '452Q', '490S', '614G', '75V', '76I', '869N']","('Tada21d', 'Casirivimab', 'C.37 Spike', 2.9)"
Tada21d,Imdevimab,C.37 Spike,Figure 2A table,Pseudovirus (HIV),IC50,33.7,1.0,10000.0,0.1,ng/ml,2021-07-12,tada21d-pot.csv,33.7,"['246del', '247del', '248del', '249del', '250del', '251del', '252del', '452Q', '490S', '614G', '75V', '76I', '869N']","('Tada21d', 'Imdevimab', 'C.37 Spike', 33.7)"
Tada21d,Casirivimab,S:75V+76I,Figure 2B table,Pseudovirus (HIV),IC50,5.8,1.0,10000.0,0.1,ng/ml,2021-07-12,tada21d-pot.csv,5.8,"['75V', '76I']","('Tada21d', 'Casirivimab', 'S:75V+76I', 5.8)"
Tada21d,Imdevimab,S:75V+76I,Figure 2B table,Pseudovirus (HIV),IC50,10.7,1.0,10000.0,0.1,ng/ml,2021-07-12,tada21d-pot.csv,10.7,"['75V', '76I']","('Tada21d', 'Imdevimab', 'S:75V+76I', 10.7)"
Tada21d,Casirivimab,S:246del+247del+248del+249del+250del+251del+252del,Figure 2B table,Pseudovirus (HIV),IC50,3.5,1.0,10000.0,0.1,ng/ml,2021-07-12,tada21d-pot.csv,3.5,"['246del', '247del', '248del', '249del', '250del', '251del', '252del']","('Tada21d', 'Casirivimab', 'S:246del+247del+248del+249del+250del+251del+252del', 3.5)"
Tada21d,Imdevimab,S:246del+247del+248del+249del+250del+251del+252del,Figure 2B table,Pseudovirus (HIV),IC50,9.7,1.0,10000.0,0.1,ng/ml,2021-07-12,tada21d-pot.csv,9.7,"['246del', '247del', '248del', '249del', '250del', '251del', '252del']","('Tada21d', 'Imdevimab', 'S:246del+247del+248del+249del+250del+251del+252del', 9.7)"
Tada21d,Casirivimab,S:452Q,Figure 2B table,Pseudovirus (HIV),IC50,19.3,1.0,10000.0,0.1,ng/ml,2021-07-12,tada21d-pot.csv,19.3,['452Q'],"('Tada21d', 'Casirivimab', 'S:452Q', 19.3)"
Tada21d,Imdevimab,S:452Q,Figure 2B table,Pseudovirus (HIV),IC50,40.5,1.0,10000.0,0.1,ng/ml,2021-07-12,tada21d-pot.csv,40.5,['452Q'],"('Tada21d', 'Imdevimab', 'S:452Q', 40.5)"
Tada21d,Casirivimab,S:490S,Figure 2B table,Pseudovirus (HIV),IC50,1.9,1.0,10000.0,0.1,ng/ml,2021-07-12,tada21d-pot.csv,1.9,['490S'],"('Tada21d', 'Casirivimab', 'S:490S', 1.9)"
Tada21d,Imdevimab,S:490S,Figure 2B table,Pseudovirus (HIV),IC50,11.2,1.0,10000.0,0.1,ng/ml,2021-07-12,tada21d-pot.csv,11.2,['490S'],"('Tada21d', 'Imdevimab', 'S:490S', 11.2)"
Tada21d,Casirivimab,S:859N,Figure 2B table,Pseudovirus (HIV),IC50,4.3,1.0,10000.0,0.1,ng/ml,2021-07-12,tada21d-pot.csv,4.3,['859N'],"('Tada21d', 'Casirivimab', 'S:859N', 4.3)"
Tada21d,Imdevimab,S:859N,Figure 2B table,Pseudovirus (HIV),IC50,11.5,1.0,10000.0,0.1,ng/ml,2021-07-12,tada21d-pot.csv,11.5,['859N'],"('Tada21d', 'Imdevimab', 'S:859N', 11.5)"
Tada21e,Casirivimab,S:614G,Figure 2,Pseudovirus (HIV),IC50,3.3,1.0,100000.0,0.1,ng/ml,2021-07-20,tada21e-pot.csv,3.3,['614G'],"('Tada21e', 'Casirivimab', 'S:614G', 3.3)"
Tada21e,Casirivimab,B.1.351 Spike,Figure 2,Pseudovirus (HIV),IC50,420.4,1.0,100000.0,0.1,ng/ml,2021-07-20,tada21e-pot.csv,420.4,"['18F', '215G', '242del', '243del', '244del', '246I', '417N', '484K', '501Y', '614G', '701V', '80A']","('Tada21e', 'Casirivimab', 'B.1.351 Spike', 420.4)"
Tada21e,Casirivimab,S:19R+142D+156del+157del+158G+452R+478K+614G+681R+950N,Figure 2,Pseudovirus (HIV),IC50,39.1,1.0,100000.0,0.1,ng/ml,2021-07-20,tada21e-pot.csv,39.1,"['142D', '156del', '157del', '158G', '19R', '452R', '478K', '614G', '681R', '950N']","('Tada21e', 'Casirivimab', 'S:19R+142D+156del+157del+158G+452R+478K+614G+681R+950N', 39.1)"
Tada21e,Casirivimab,S:19R+142D+156del+157del+158G+417N+452R+478K+614G+681R+950N,Figure 2,Pseudovirus (HIV),IC50,306.3,1.0,100000.0,0.1,ng/ml,2021-07-20,tada21e-pot.csv,306.3,"['142D', '156del', '157del', '158G', '19R', '417N', '452R', '478K', '614G', '681R', '950N']","('Tada21e', 'Casirivimab', 'S:19R+142D+156del+157del+158G+417N+452R+478K+614G+681R+950N', 306.3)"
Tada21e,Casirivimab,S:75V+76I+246del+247del+248del+249del+250del+251del+252del+452Q+490S+614G+859N,Figure 2,Pseudovirus (HIV),IC50,2.9,1.0,100000.0,0.1,ng/ml,2021-07-20,tada21e-pot.csv,2.9,"['246del', '247del', '248del', '249del', '250del', '251del', '252del', '452Q', '490S', '614G', '75V', '76I', '869N']","('Tada21e', 'Casirivimab', 'S:75V+76I+246del+247del+248del+249del+250del+251del+252del+452Q+490S+614G+859N', 2.9)"
Tada21e,Imdevimab,S:614G,Figure 2,Pseudovirus (HIV),IC50,9.3,1.0,100000.0,0.1,ng/ml,2021-07-20,tada21e-pot.csv,9.3,['614G'],"('Tada21e', 'Imdevimab', 'S:614G', 9.3)"
Tada21e,Imdevimab,B.1.351 Spike,Figure 2,Pseudovirus (HIV),IC50,16.4,1.0,100000.0,0.1,ng/ml,2021-07-20,tada21e-pot.csv,16.4,"['18F', '215G', '242del', '243del', '244del', '246I', '417N', '484K', '501Y', '614G', '701V', '80A']","('Tada21e', 'Imdevimab', 'B.1.351 Spike', 16.4)"
Tada21e,Imdevimab,S:19R+142D+156del+157del+158G+452R+478K+614G+681R+950N,Figure 2,Pseudovirus (HIV),IC50,28.8,1.0,100000.0,0.1,ng/ml,2021-07-20,tada21e-pot.csv,28.8,"['142D', '156del', '157del', '158G', '19R', '452R', '478K', '614G', '681R', '950N']","('Tada21e', 'Imdevimab', 'S:19R+142D+156del+157del+158G+452R+478K+614G+681R+950N', 28.8)"
Tada21e,Imdevimab,S:19R+142D+156del+157del+158G+417N+452R+478K+614G+681R+950N,Figure 2,Pseudovirus (HIV),IC50,29.7,1.0,100000.0,0.1,ng/ml,2021-07-20,tada21e-pot.csv,29.7,"['142D', '156del', '157del', '158G', '19R', '417N', '452R', '478K', '614G', '681R', '950N']","('Tada21e', 'Imdevimab', 'S:19R+142D+156del+157del+158G+417N+452R+478K+614G+681R+950N', 29.7)"
Tada21e,Imdevimab,S:75V+76I+246del+247del+248del+249del+250del+251del+252del+452Q+490S+614G+859N,Figure 2,Pseudovirus (HIV),IC50,33.7,1.0,100000.0,0.1,ng/ml,2021-07-20,tada21e-pot.csv,33.7,"['246del', '247del', '248del', '249del', '250del', '251del', '252del', '452Q', '490S', '614G', '75V', '76I', '869N']","('Tada21e', 'Imdevimab', 'S:75V+76I+246del+247del+248del+249del+250del+251del+252del+452Q+490S+614G+859N', 33.7)"
Tada21e,Casirivimab,S:75V+76I,Supplementary Figure S1D,Pseudovirus (HIV),IC50,5.8,1.0,100000.0,0.1,ng/ml,2021-07-20,tada21e-pot.csv,5.8,"['75V', '76I']","('Tada21e', 'Casirivimab', 'S:75V+76I', 5.8)"
Tada21e,Casirivimab,S:246del+247del+248del+249del+250del+251del+252del,Supplementary Figure S1D,Pseudovirus (HIV),IC50,3.5,1.0,100000.0,0.1,ng/ml,2021-07-20,tada21e-pot.csv,3.5,"['246del', '247del', '248del', '249del', '250del', '251del', '252del']","('Tada21e', 'Casirivimab', 'S:246del+247del+248del+249del+250del+251del+252del', 3.5)"
Tada21e,Casirivimab,S:484K,Supplementary Figure S1D,Pseudovirus (HIV),IC50,157.6,1.0,100000.0,0.1,ng/ml,2021-07-20,tada21e-pot.csv,157.6,['484K'],"('Tada21e', 'Casirivimab', 'S:484K', 157.6)"
Tada21e,Casirivimab,S:417N,Supplementary Figure S1D,Pseudovirus (HIV),IC50,373.3,1.0,100000.0,0.1,ng/ml,2021-07-20,tada21e-pot.csv,373.3,['417N'],"('Tada21e', 'Casirivimab', 'S:417N', 373.3)"
Tada21e,Casirivimab,S:478K,Supplementary Figure S1D,Pseudovirus (HIV),IC50,9.5,1.0,100000.0,0.1,ng/ml,2021-07-20,tada21e-pot.csv,9.5,['478K'],"('Tada21e', 'Casirivimab', 'S:478K', 9.5)"
Tada21e,Imdevimab,S:75V+76I,Supplementary Figure S1D,Pseudovirus (HIV),IC50,10.7,1.0,100000.0,0.1,ng/ml,2021-07-20,tada21e-pot.csv,10.7,"['75V', '76I']","('Tada21e', 'Imdevimab', 'S:75V+76I', 10.7)"
Tada21e,Imdevimab,S:246del+247del+248del+249del+250del+251del+252del,Supplementary Figure S1D,Pseudovirus (HIV),IC50,9.7,1.0,100000.0,0.1,ng/ml,2021-07-20,tada21e-pot.csv,9.7,"['246del', '247del', '248del', '249del', '250del', '251del', '252del']","('Tada21e', 'Imdevimab', 'S:246del+247del+248del+249del+250del+251del+252del', 9.7)"
Tada21e,Imdevimab,S:484K,Supplementary Figure S1D,Pseudovirus (HIV),IC50,11.7,1.0,100000.0,0.1,ng/ml,2021-07-20,tada21e-pot.csv,11.7,['484K'],"('Tada21e', 'Imdevimab', 'S:484K', 11.7)"
Tada21e,Imdevimab,S:452R,Supplementary Figure S1D,Pseudovirus (HIV),IC50,63.3,1.0,100000.0,0.1,ng/ml,2021-07-20,tada21e-pot.csv,63.3,['452R'],"('Tada21e', 'Imdevimab', 'S:452R', 63.3)"
Tada21e,Imdevimab,S:417N,Supplementary Figure S1D,Pseudovirus (HIV),IC50,3.3,1.0,100000.0,0.1,ng/ml,2021-07-20,tada21e-pot.csv,3.3,['417N'],"('Tada21e', 'Imdevimab', 'S:417N', 3.3)"
Tada21e,Imdevimab,S:478K,Supplementary Figure S1D,Pseudovirus (HIV),IC50,13.0,1.0,100000.0,0.1,ng/ml,2021-07-20,tada21e-pot.csv,13.0,['478K'],"('Tada21e', 'Imdevimab', 'S:478K', 13.0)"
Tada22,Casirivimab,S:614G,Figure 2e,Pseudovirus (lentivirus),IC50,2.1,1.0,5000.0,0.1,ng/ml,2022-04-26,tada22-pot.csv,2.1,['614G'],"('Tada22', 'Casirivimab', 'S:614G', 2.1)"
Tada22,Imdevimab,S:614G,Figure 2e,Pseudovirus (lentivirus),IC50,2.0,1.0,5000.0,0.1,ng/ml,2022-04-26,tada22-pot.csv,2.0,['614G'],"('Tada22', 'Imdevimab', 'S:614G', 2.0)"
Tada22,Casirivimab,B.1.1.7 Spike,Figure 2e,Pseudovirus (lentivirus),IC50,1.5,1.0,5000.0,0.1,ng/ml,2022-04-26,tada22-pot.csv,1.5,"['1118H', '144del', '501Y', '570D', '614G', '681H', '69del', '70del', '716I', '982A']","('Tada22', 'Casirivimab', 'B.1.1.7 Spike', 1.5)"
Tada22,Imdevimab,B.1.1.7 Spike,Figure 2e,Pseudovirus (lentivirus),IC50,1.5,1.0,5000.0,0.1,ng/ml,2022-04-26,tada22-pot.csv,1.5,"['1118H', '144del', '501Y', '570D', '614G', '681H', '69del', '70del', '716I', '982A']","('Tada22', 'Imdevimab', 'B.1.1.7 Spike', 1.5)"
Tada22,Casirivimab,B.1.351 Spike,Figure 2e,Pseudovirus (lentivirus),IC50,76.2,1.0,5000.0,0.1,ng/ml,2022-04-26,tada22-pot.csv,76.2,"['18F', '215G', '242del', '243del', '244del', '246I', '417N', '484K', '501Y', '614G', '701V', '80A']","('Tada22', 'Casirivimab', 'B.1.351 Spike', 76.2)"
Tada22,Imdevimab,B.1.351 Spike,Figure 2e,Pseudovirus (lentivirus),IC50,3.9,1.0,5000.0,0.1,ng/ml,2022-04-26,tada22-pot.csv,3.9,"['18F', '215G', '242del', '243del', '244del', '246I', '417N', '484K', '501Y', '614G', '701V', '80A']","('Tada22', 'Imdevimab', 'B.1.351 Spike', 3.9)"
Tada22,Casirivimab,B.1.617.2 Spike,Figure 2e,Pseudovirus (lentivirus),IC50,6.1,1.0,5000.0,0.1,ng/ml,2022-04-26,tada22-pot.csv,6.1,"['156G', '157del', '158del', '19R', '452R', '478K', '614G', '681R', '950N']","('Tada22', 'Casirivimab', 'B.1.617.2 Spike', 6.1)"
Tada22,Imdevimab,B.1.617.2 Spike,Figure 2e,Pseudovirus (lentivirus),IC50,6.0,1.0,5000.0,0.1,ng/ml,2022-04-26,tada22-pot.csv,6.0,"['156G', '157del', '158del', '19R', '452R', '478K', '614G', '681R', '950N']","('Tada22', 'Imdevimab', 'B.1.617.2 Spike', 6.0)"
Tada22,Casirivimab,BA.1 Spike:Q493K,Figure 2e,Pseudovirus (lentivirus),IC50,5000.0,1.0,5000.0,0.1,ng/ml,2022-04-26,tada22-pot.csv,5000.0,"['142D', '143del', '144del', '145del', '211I', '212del', '339D', '371L', '373P', '375F', '417N', '440K', '446S', '477N', '478K', '484A', '493K', '496S', '498R', '501Y', '505H', '547K', '614G', '655Y', '679K', '67V', '681H', '69del', '70del', '764K', '796Y', '856K', '954H', '95I', '969K', '981F']","('Tada22', 'Casirivimab', 'BA.1 Spike:Q493K', 5000.0)"
Tada22,Imdevimab,BA.1 Spike:Q493K,Figure 2e,Pseudovirus (lentivirus),IC50,5000.0,1.0,5000.0,0.1,ng/ml,2022-04-26,tada22-pot.csv,5000.0,"['142D', '143del', '144del', '145del', '211I', '212del', '339D', '371L', '373P', '375F', '417N', '440K', '446S', '477N', '478K', '484A', '493K', '496S', '498R', '501Y', '505H', '547K', '614G', '655Y', '679K', '67V', '681H', '69del', '70del', '764K', '796Y', '856K', '954H', '95I', '969K', '981F']","('Tada22', 'Imdevimab', 'BA.1 Spike:Q493K', 5000.0)"
Takashita22,Imdevimab,hCoV-19/Japan/UT-NCGM02/2020,Table 1,Virus isolate,IC50,3.05,1.0,50000.0,0.01,ng/ml,2022-01-31,takashita22-pot.csv,3.05,"['19/Japan/UT', 'hCoV', 'NCGM02/2020']","('Takashita22', 'Imdevimab', 'hCoV-19/Japan/UT-NCGM02/2020', 3.05)"
Takashita22,Casirivimab,hCoV-19/Japan/UT-NCGM02/2020,Table 1,Virus isolate,IC50,2.79,1.0,50000.0,0.01,ng/ml,2022-01-31,takashita22-pot.csv,2.79,"['19/Japan/UT', 'hCoV', 'NCGM02/2020']","('Takashita22', 'Casirivimab', 'hCoV-19/Japan/UT-NCGM02/2020', 2.79)"
Takashita22,Imdevimab,SARS-CoV-2/UT-HP127-1Nf/Human/2021/Tokyo,Table 1,Virus isolate,IC50,1.87,1.0,50000.0,0.01,ng/ml,2022-01-31,takashita22-pot.csv,1.87,"['1118H', '144del', '145del', '501Y', '570D', '614G', '681H', '69del', '70del', '716I', '982A']","('Takashita22', 'Imdevimab', 'SARS-CoV-2/UT-HP127-1Nf/Human/2021/Tokyo', 1.87)"
Takashita22,Casirivimab,SARS-CoV-2/UT-HP127-1Nf/Human/2021/Tokyo,Table 1,Virus isolate,IC50,2.74,1.0,50000.0,0.01,ng/ml,2022-01-31,takashita22-pot.csv,2.74,"['1118H', '144del', '145del', '501Y', '570D', '614G', '681H', '69del', '70del', '716I', '982A']","('Takashita22', 'Casirivimab', 'SARS-CoV-2/UT-HP127-1Nf/Human/2021/Tokyo', 2.74)"
Takashita22,Imdevimab,hCoV-19/USA/MD-HP01542/2021,Table 1,Virus isolate,IC50,2.17,1.0,50000.0,0.01,ng/ml,2022-01-31,takashita22-pot.csv,2.17,"['18F', '215G', '241del', '242del', '243del', '417N', '484K', '501Y', '614G', '701V', '80A']","('Takashita22', 'Imdevimab', 'hCoV-19/USA/MD-HP01542/2021', 2.17)"
Takashita22,Casirivimab,hCoV-19/USA/MD-HP01542/2021,Table 1,Virus isolate,IC50,757.13,1.0,50000.0,0.01,ng/ml,2022-01-31,takashita22-pot.csv,757.13,"['18F', '215G', '241del', '242del', '243del', '417N', '484K', '501Y', '614G', '701V', '80A']","('Takashita22', 'Casirivimab', 'hCoV-19/USA/MD-HP01542/2021', 757.13)"
Takashita22,Imdevimab,hCoV-19/Japan/TY7-503/2021,Table 1,Virus isolate,IC50,1.04,1.0,50000.0,0.01,ng/ml,2022-01-31,takashita22-pot.csv,1.04,"['1027I', '1176F', '138Y', '18F', '190S', '20N', '26S', '417T', '484K', '501Y', '614G', '655Y']","('Takashita22', 'Imdevimab', 'hCoV-19/Japan/TY7-503/2021', 1.04)"
Takashita22,Casirivimab,hCoV-19/Japan/TY7-503/2021,Table 1,Virus isolate,IC50,187.69,1.0,50000.0,0.01,ng/ml,2022-01-31,takashita22-pot.csv,187.69,"['1027I', '1176F', '138Y', '18F', '190S', '20N', '26S', '417T', '484K', '501Y', '614G', '655Y']","('Takashita22', 'Casirivimab', 'hCoV-19/Japan/TY7-503/2021', 187.69)"
Takashita22,Imdevimab,hCoV-19/USA/WI-UW-5250/2021,Table 1,Virus isolate,IC50,3.95,1.0,50000.0,0.01,ng/ml,2022-01-31,takashita22-pot.csv,3.95,"['142D', '156G', '157del', '158del', '19R', '452R', '478K', '614G', '681R', '950N', '95I']","('Takashita22', 'Imdevimab', 'hCoV-19/USA/WI-UW-5250/2021', 3.95)"
Takashita22,Casirivimab,hCoV-19/USA/WI-UW-5250/2021,Table 1,Virus isolate,IC50,2.89,1.0,50000.0,0.01,ng/ml,2022-01-31,takashita22-pot.csv,2.89,"['142D', '156G', '157del', '158del', '19R', '452R', '478K', '614G', '681R', '950N', '95I']","('Takashita22', 'Casirivimab', 'hCoV-19/USA/WI-UW-5250/2021', 2.89)"
Takashita22,Imdevimab,hCoV-19/Japan/NC928-2N/2021,Table 1,Virus isolate,IC50,50000.0,1.0,50000.0,0.01,ng/ml,2022-01-31,takashita22-pot.csv,50000.0,"['142D', '143del', '144del', '145del', '211I', '212del', '339D', '371L', '373P', '375F', '417N', '440K', '446S', '477N', '478K', '484A', '493R', '496S', '498R', '501Y', '505H', '547K', '614G', '655Y', '679K', '67V', '681H', '69del', '70del', '764K', '796Y', '856K', '954H', '95I', '969K', '981F']","('Takashita22', 'Imdevimab', 'hCoV-19/Japan/NC928-2N/2021', 50000.0)"
Takashita22,Casirivimab,hCoV-19/Japan/NC928-2N/2021,Table 1,Virus isolate,IC50,14110.7,1.0,50000.0,0.01,ng/ml,2022-01-31,takashita22-pot.csv,14110.7,"['142D', '143del', '144del', '145del', '211I', '212del', '339D', '371L', '373P', '375F', '417N', '440K', '446S', '477N', '478K', '484A', '493R', '496S', '498R', '501Y', '505H', '547K', '614G', '655Y', '679K', '67V', '681H', '69del', '70del', '764K', '796Y', '856K', '954H', '95I', '969K', '981F']","('Takashita22', 'Casirivimab', 'hCoV-19/Japan/NC928-2N/2021', 14110.7)"
Takashita22b,Imdevimab,hCoV-19/Japan/UT-NCD1288-2N/2022,Table 1,Virus isolate,IC50,68.65,1.0,50000.0,0.1,ng/ml,2022-03-17,takashita22b-pot.csv,68.65,"['142D', '19I', '213G', '24del', '25del', '26del', '27S', '339D', '371F', '373P', '375F', '376A', '405N', '408S', '417N', '440K', '477N', '478K', '484A', '493R', '498R', '501Y', '505H', '614G', '655Y', '679K', '681H', '764K', '796Y', '954H', '969K']","('Takashita22b', 'Imdevimab', 'hCoV-19/Japan/UT-NCD1288-2N/2022', 68.65)"
Takashita22b,Casirivimab,hCoV-19/Japan/UT-NCD1288-2N/2022,Table 1,Virus isolate,IC50,1666.19,1.0,50000.0,0.1,ng/ml,2022-03-17,takashita22b-pot.csv,1666.19,"['142D', '19I', '213G', '24del', '25del', '26del', '27S', '339D', '371F', '373P', '375F', '376A', '405N', '408S', '417N', '440K', '477N', '478K', '484A', '493R', '498R', '501Y', '505H', '614G', '655Y', '679K', '681H', '764K', '796Y', '954H', '969K']","('Takashita22b', 'Casirivimab', 'hCoV-19/Japan/UT-NCD1288-2N/2022', 1666.19)"
Takashita22b,Imdevimab,SARS-CoV-2/UT-NC002-1T/Human/2020/Tokyo,Table S2,Virus isolate,IC50,3.05,1.0,50000.0,0.1,ng/ml,2022-03-17,takashita22b-pot.csv,3.05,"['NC002', '1T/Human/2020/Tokyo', 'CoV', 'SARS', '2/UT']","('Takashita22b', 'Imdevimab', 'SARS-CoV-2/UT-NC002-1T/Human/2020/Tokyo', 3.05)"
Takashita22b,Casirivimab,SARS-CoV-2/UT-NC002-1T/Human/2020/Tokyo,Table S2,Virus isolate,IC50,2.79,1.0,50000.0,0.1,ng/ml,2022-03-17,takashita22b-pot.csv,2.79,"['NC002', '1T/Human/2020/Tokyo', 'CoV', 'SARS', '2/UT']","('Takashita22b', 'Casirivimab', 'SARS-CoV-2/UT-NC002-1T/Human/2020/Tokyo', 2.79)"
Takashita22c,Imdevimab,SARS-CoV-2/UT-NC002-1T/Human/2020/Tokyo,Table 1,Virus isolate,IC50,7.4,1.0,50000.0,1.0,ng/ml,2022-08-15,takashita22c-pot.csv,7.4,"['NC002', '1T/Human/2020/Tokyo', 'CoV', 'SARS', '2/UT']","('Takashita22c', 'Imdevimab', 'SARS-CoV-2/UT-NC002-1T/Human/2020/Tokyo', 7.4)"
Takashita22c,Imdevimab,hCoV-19/Japan/NC928-2N/2021,Table 1,Virus isolate,IC50,50000.0,1.0,50000.0,1.0,ng/ml,2022-08-15,takashita22c-pot.csv,50000.0,"['142D', '143del', '144del', '145del', '211I', '212del', '339D', '371L', '373P', '375F', '417N', '440K', '446S', '477N', '478K', '484A', '493R', '496S', '498R', '501Y', '505H', '547K', '614G', '655Y', '679K', '67V', '681H', '69del', '70del', '764K', '796Y', '856K', '954H', '95I', '969K', '981F']","('Takashita22c', 'Imdevimab', 'hCoV-19/Japan/NC928-2N/2021', 50000.0)"
Takashita22c,Imdevimab,hCoV-19/Japan/NC929-1N/2021,Table 1,Virus isolate,IC50,50000.0,1.0,50000.0,1.0,ng/ml,2022-08-15,takashita22c-pot.csv,50000.0,"['142D', '143del', '144del', '145del', '211I', '212del', '339D', '346K', '371L', '373P', '375F', '417N', '440K', '446S', '477N', '478K', '484A', '493R', '496S', '498R', '501Y', '505H', '547K', '614G', '655Y', '679K', '67V', '681H', '69del', '70del', '764K', '796Y', '856K', '954H', '95I', '969K', '981F']","('Takashita22c', 'Imdevimab', 'hCoV-19/Japan/NC929-1N/2021', 50000.0)"
Takashita22c,Imdevimab,hCoV-19/Japan/UT-NCD1288-2N/2022,Table 1,Virus isolate,IC50,329.0,1.0,50000.0,1.0,ng/ml,2022-08-15,takashita22c-pot.csv,329.0,"['142D', '19I', '213G', '24del', '25del', '26del', '27S', '339D', '371F', '373P', '375F', '376A', '405N', '408S', '417N', '440K', '477N', '478K', '484A', '493R', '498R', '501Y', '505H', '614G', '655Y', '679K', '681H', '764K', '796Y', '954H', '969K']","('Takashita22c', 'Imdevimab', 'hCoV-19/Japan/UT-NCD1288-2N/2022', 329.0)"
Takashita22c,Imdevimab,hCoV-19/USA/NY-MSHSPSP- PV56475/2022,Table 1,Virus isolate,IC50,238.1,1.0,50000.0,1.0,ng/ml,2022-08-15,takashita22c-pot.csv,238.1,"['PV56475/2022', 'hCoV', 'MSHSPSP', '19/USA/NY']","('Takashita22c', 'Imdevimab', 'hCoV-19/USA/NY-MSHSPSP- PV56475/2022', 238.1)"
Takashita22c,Imdevimab,hCoV-19/USA/MD-HP30386-PIDNBNVCCQ-2/2022,Table 1,Virus isolate,IC50,132.6,1.0,50000.0,1.0,ng/ml,2022-08-15,takashita22c-pot.csv,132.6,"['hCoV', 'PIDNBNVCCQ', '19/USA/MD', 'HP30386', '2/2022']","('Takashita22c', 'Imdevimab', 'hCoV-19/USA/MD-HP30386-PIDNBNVCCQ-2/2022', 132.6)"
Takashita22c,Imdevimab,hCoV-19/Japan/TY41-702/2022,Table 1,Virus isolate,IC50,583.4,1.0,50000.0,1.0,ng/ml,2022-08-15,takashita22c-pot.csv,583.4,"['19/Japan/TY41', 'hCoV', '702/2022']","('Takashita22c', 'Imdevimab', 'hCoV-19/Japan/TY41-702/2022', 583.4)"
Takashita22c,Casirivimab,SARS-CoV-2/UT-NC002-1T/Human/2020/Tokyo,Table 1,Virus isolate,IC50,6.1,1.0,50000.0,1.0,ng/ml,2022-08-15,takashita22c-pot.csv,6.1,"['NC002', '1T/Human/2020/Tokyo', 'CoV', 'SARS', '2/UT']","('Takashita22c', 'Casirivimab', 'SARS-CoV-2/UT-NC002-1T/Human/2020/Tokyo', 6.1)"
Takashita22c,Casirivimab,hCoV-19/Japan/NC928-2N/2021,Table 1,Virus isolate,IC50,50000.0,1.0,50000.0,1.0,ng/ml,2022-08-15,takashita22c-pot.csv,50000.0,"['142D', '143del', '144del', '145del', '211I', '212del', '339D', '371L', '373P', '375F', '417N', '440K', '446S', '477N', '478K', '484A', '493R', '496S', '498R', '501Y', '505H', '547K', '614G', '655Y', '679K', '67V', '681H', '69del', '70del', '764K', '796Y', '856K', '954H', '95I', '969K', '981F']","('Takashita22c', 'Casirivimab', 'hCoV-19/Japan/NC928-2N/2021', 50000.0)"
Takashita22c,Casirivimab,hCoV-19/Japan/NC929-1N/2021,Table 1,Virus isolate,IC50,50000.0,1.0,50000.0,1.0,ng/ml,2022-08-15,takashita22c-pot.csv,50000.0,"['142D', '143del', '144del', '145del', '211I', '212del', '339D', '346K', '371L', '373P', '375F', '417N', '440K', '446S', '477N', '478K', '484A', '493R', '496S', '498R', '501Y', '505H', '547K', '614G', '655Y', '679K', '67V', '681H', '69del', '70del', '764K', '796Y', '856K', '954H', '95I', '969K', '981F']","('Takashita22c', 'Casirivimab', 'hCoV-19/Japan/NC929-1N/2021', 50000.0)"
Takashita22c,Casirivimab,hCoV-19/Japan/UT-NCD1288-2N/2022,Table 1,Virus isolate,IC50,50000.0,1.0,50000.0,1.0,ng/ml,2022-08-15,takashita22c-pot.csv,50000.0,"['142D', '19I', '213G', '24del', '25del', '26del', '27S', '339D', '371F', '373P', '375F', '376A', '405N', '408S', '417N', '440K', '477N', '478K', '484A', '493R', '498R', '501Y', '505H', '614G', '655Y', '679K', '681H', '764K', '796Y', '954H', '969K']","('Takashita22c', 'Casirivimab', 'hCoV-19/Japan/UT-NCD1288-2N/2022', 50000.0)"
Takashita22c,Casirivimab,hCoV-19/USA/NY-MSHSPSP- PV56475/2022,Table 1,Virus isolate,IC50,50000.0,1.0,50000.0,1.0,ng/ml,2022-08-15,takashita22c-pot.csv,50000.0,"['PV56475/2022', 'hCoV', 'MSHSPSP', '19/USA/NY']","('Takashita22c', 'Casirivimab', 'hCoV-19/USA/NY-MSHSPSP- PV56475/2022', 50000.0)"
Takashita22c,Casirivimab,hCoV-19/USA/MD-HP30386-PIDNBNVCCQ-2/2022,Table 1,Virus isolate,IC50,50000.0,1.0,50000.0,1.0,ng/ml,2022-08-15,takashita22c-pot.csv,50000.0,"['hCoV', 'PIDNBNVCCQ', '19/USA/MD', 'HP30386', '2/2022']","('Takashita22c', 'Casirivimab', 'hCoV-19/USA/MD-HP30386-PIDNBNVCCQ-2/2022', 50000.0)"
Takashita22c,Casirivimab,hCoV-19/Japan/TY41-702/2022,Table 1,Virus isolate,IC50,50000.0,1.0,50000.0,1.0,ng/ml,2022-08-15,takashita22c-pot.csv,50000.0,"['19/Japan/TY41', 'hCoV', '702/2022']","('Takashita22c', 'Casirivimab', 'hCoV-19/Japan/TY41-702/2022', 50000.0)"
Takashita22d,Imdevimab,SARS-CoV-2/UT-NC002-1T/Human/2020/Tokyo,Table 1,Virus isolate,IC50,4.36,1.0,50000.0,1.0,ng/ml,2022-10-11,takashita22d-pot.csv,4.36,"['NC002', '1T/Human/2020/Tokyo', 'CoV', 'SARS', '2/UT']","('Takashita22d', 'Imdevimab', 'SARS-CoV-2/UT-NC002-1T/Human/2020/Tokyo', 4.36)"
Takashita22d,Imdevimab,hCoV-19/Japan/UT-NCD1288-2N/2022,Table 1,Virus isolate,IC50,958.28,1.0,50000.0,1.0,ng/ml,2022-10-11,takashita22d-pot.csv,958.28,"['142D', '19I', '213G', '24del', '25del', '26del', '27S', '339D', '371F', '373P', '375F', '376A', '405N', '408S', '417N', '440K', '477N', '478K', '484A', '493R', '498R', '501Y', '505H', '614G', '655Y', '679K', '681H', '764K', '796Y', '954H', '969K']","('Takashita22d', 'Imdevimab', 'hCoV-19/Japan/UT-NCD1288-2N/2022', 958.28)"
Takashita22d,Imdevimab,hCoV-19/Japan/TY41-702/2022,Table 1,Virus isolate,IC50,174.37,1.0,50000.0,1.0,ng/ml,2022-10-11,takashita22d-pot.csv,174.37,"['19/Japan/TY41', 'hCoV', '702/2022']","('Takashita22d', 'Imdevimab', 'hCoV-19/Japan/TY41-702/2022', 174.37)"
Takashita22d,Imdevimab,hCoV-19/Japan/TY41-716-P1/2022,Table 1,Virus isolate,IC50,50000.0,1.0,50000.0,1.0,ng/ml,2022-10-11,takashita22d-pot.csv,50000.0,"['142D', '147E', '152R', '157L', '19I', '210V', '213G', '24S', '257S', '25del', '26del', '27del', '339H', '371F', '373P', '375F', '376A', '405N', '408S', '417N', '440K', '446S', '460K', '477N', '478K', '484A', '498R', '501Y', '505H', '614G', '655Y', '679K', '681H', '764K', '796Y', '954H', '969K']","('Takashita22d', 'Imdevimab', 'hCoV-19/Japan/TY41-716-P1/2022', 50000.0)"
Takashita22d,Casirivimab,SARS-CoV-2/UT-NC002-1T/Human/2020/Tokyo,Table 1,Virus isolate,IC50,2.42,1.0,50000.0,1.0,ng/ml,2022-10-11,takashita22d-pot.csv,2.42,"['NC002', '1T/Human/2020/Tokyo', 'CoV', 'SARS', '2/UT']","('Takashita22d', 'Casirivimab', 'SARS-CoV-2/UT-NC002-1T/Human/2020/Tokyo', 2.42)"
Takashita22d,Casirivimab,hCoV-19/Japan/UT-NCD1288-2N/2022,Table 1,Virus isolate,IC50,50000.0,1.0,50000.0,1.0,ng/ml,2022-10-11,takashita22d-pot.csv,50000.0,"['142D', '19I', '213G', '24del', '25del', '26del', '27S', '339D', '371F', '373P', '375F', '376A', '405N', '408S', '417N', '440K', '477N', '478K', '484A', '493R', '498R', '501Y', '505H', '614G', '655Y', '679K', '681H', '764K', '796Y', '954H', '969K']","('Takashita22d', 'Casirivimab', 'hCoV-19/Japan/UT-NCD1288-2N/2022', 50000.0)"
Takashita22d,Casirivimab,hCoV-19/Japan/TY41-702/2022,Table 1,Virus isolate,IC50,50000.0,1.0,50000.0,1.0,ng/ml,2022-10-11,takashita22d-pot.csv,50000.0,"['19/Japan/TY41', 'hCoV', '702/2022']","('Takashita22d', 'Casirivimab', 'hCoV-19/Japan/TY41-702/2022', 50000.0)"
Takashita22d,Casirivimab,hCoV-19/Japan/TY41-716-P1/2022,Table 1,Virus isolate,IC50,1153.19,1.0,50000.0,1.0,ng/ml,2022-10-11,takashita22d-pot.csv,1153.19,"['142D', '147E', '152R', '157L', '19I', '210V', '213G', '24S', '257S', '25del', '26del', '27del', '339H', '371F', '373P', '375F', '376A', '405N', '408S', '417N', '440K', '446S', '460K', '477N', '478K', '484A', '498R', '501Y', '505H', '614G', '655Y', '679K', '681H', '764K', '796Y', '954H', '969K']","('Takashita22d', 'Casirivimab', 'hCoV-19/Japan/TY41-716-P1/2022', 1153.19)"
Touret22,Casirivimab,B.1 full genome,"Figure 1, Table 1",Virus isolate,IC50,8.0,1.0,1000.0,0.97,ng/ml,2022-01-11,touret22-pot.csv,8.0,['614G'],"('Touret22', 'Casirivimab', 'B.1 full genome', 8.0)"
Touret22,Imdevimab,B.1 full genome,"Figure 1, Table 1",Virus isolate,IC50,9.0,1.0,1000.0,0.97,ng/ml,2022-01-11,touret22-pot.csv,9.0,['614G'],"('Touret22', 'Imdevimab', 'B.1 full genome', 9.0)"
Touret22,Casirivimab,hCoV-19/France/PAC-1514/2021,"Figure 1, Table 1",Virus isolate,IC50,1000.0,1.0,1000.0,0.97,ng/ml,2022-01-11,touret22-pot.csv,1000.0,"['142D', '143del', '144del', '145del', '211I', '212del', '339D', '371L', '373P', '375F', '417N', '440K', '446S', '477N', '478K', '484A', '493R', '496S', '498R', '501Y', '505H', '547K', '614G', '655Y', '679K', '67V', '681H', '69del', '70del', '764K', '796Y', '856K', '954H', '95I', '969K', '981F']","('Touret22', 'Casirivimab', 'hCoV-19/France/PAC-1514/2021', 1000.0)"
Touret22,Imdevimab,hCoV-19/France/PAC-1514/2021,"Figure 1, Table 1",Virus isolate,IC50,1000.0,1.0,1000.0,0.97,ng/ml,2022-01-11,touret22-pot.csv,1000.0,"['142D', '143del', '144del', '145del', '211I', '212del', '339D', '371L', '373P', '375F', '417N', '440K', '446S', '477N', '478K', '484A', '493R', '496S', '498R', '501Y', '505H', '547K', '614G', '655Y', '679K', '67V', '681H', '69del', '70del', '764K', '796Y', '856K', '954H', '95I', '969K', '981F']","('Touret22', 'Imdevimab', 'hCoV-19/France/PAC-1514/2021', 1000.0)"
Touret23,Casirivimab,hCoV-19/France/PAC-0610/2021,Table 1,Virus isolate,IC50,14.7,1.0,5000.0,1.0,ng/ml,2023-01-06,touret23-pot.csv,14.7,"['hCoV', '19/France/PAC', '0610/2021']","('Touret23', 'Casirivimab', 'hCoV-19/France/PAC-0610/2021', 14.7)"
Touret23,Casirivimab,hCoV-19/France/NAQ-HCL022005338701/2022,Table 1,Virus isolate,IC50,5000.0,1.0,5000.0,1.0,ng/ml,2023-01-06,touret23-pot.csv,5000.0,"['HCL022005338701/2022', 'hCoV', '19/France/NAQ']","('Touret23', 'Casirivimab', 'hCoV-19/France/NAQ-HCL022005338701/2022', 5000.0)"
Touret23,Casirivimab,hCoV-19/France/IDF-IPP50347/2022,Table 1,Virus isolate,IC50,5000.0,1.0,5000.0,1.0,ng/ml,2023-01-06,touret23-pot.csv,5000.0,"['hCoV', '19/France/IDF', 'IPP50347/2022']","('Touret23', 'Casirivimab', 'hCoV-19/France/IDF-IPP50347/2022', 5000.0)"
Touret23,Casirivimab,hCoV-19/France/BRE-IPP34319/2022,Table 1,Virus isolate,IC50,5000.0,1.0,5000.0,1.0,ng/ml,2023-01-06,touret23-pot.csv,5000.0,"['hCoV', '19/France/BRE', 'IPP34319/2022']","('Touret23', 'Casirivimab', 'hCoV-19/France/BRE-IPP34319/2022', 5000.0)"
Touret23,Casirivimab,Omicron/BQ.1 full genome,Table 1,Virus isolate,IC50,5000.0,1.0,5000.0,1.0,ng/ml,2023-01-06,touret23-pot.csv,5000.0,"['142D', '19I', '213G', '24S', '25del', '26del', '27del', '339D', '371F', '373P', '375F', '376A', '405N', '408S', '417N', '440K', '444T', '452R', '460K', '477N', '478K', '484A', '486V', '498R', '501Y', '505H', '614G', '655Y', '679K', '681H', '69del', '70del', '764K', '796Y', '954H', '969K']","('Touret23', 'Casirivimab', 'Omicron/BQ.1 full genome', 5000.0)"
Touret23,Casirivimab,hCoV-19/France/IDF-IPP50823/2022,Table 1,Virus isolate,IC50,5000.0,1.0,5000.0,1.0,ng/ml,2023-01-06,touret23-pot.csv,5000.0,"['hCoV', '19/France/IDF', 'IPP50823/2022']","('Touret23', 'Casirivimab', 'hCoV-19/France/IDF-IPP50823/2022', 5000.0)"
Touret23,Casirivimab,Omicron/XBB full genome,Table 1,Virus isolate,IC50,5000.0,1.0,5000.0,1.0,ng/ml,2023-01-06,touret23-pot.csv,5000.0,"['142D', '144del', '146Q', '183E', '19I', '213E', '24S', '25del', '26del', '27del', '339H', '346T', '368I', '371F', '373P', '375F', '376A', '405N', '408S', '417N', '440K', '445P', '446S', '460K', '477N', '478K', '484A', '486S', '490S', '498R', '501Y', '505H', '614G', '655Y', '679K', '681H', '764K', '796Y', '83A', '954H', '969K']","('Touret23', 'Casirivimab', 'Omicron/XBB full genome', 5000.0)"
Touret23,Imdevimab,hCoV-19/France/PAC-0610/2021,Table 1,Virus isolate,IC50,20.1,1.0,5000.0,1.0,ng/ml,2023-01-06,touret23-pot.csv,20.1,"['hCoV', '19/France/PAC', '0610/2021']","('Touret23', 'Imdevimab', 'hCoV-19/France/PAC-0610/2021', 20.1)"
Touret23,Imdevimab,hCoV-19/France/NAQ-HCL022005338701/2022,Table 1,Virus isolate,IC50,345.9,1.0,5000.0,1.0,ng/ml,2023-01-06,touret23-pot.csv,345.9,"['HCL022005338701/2022', 'hCoV', '19/France/NAQ']","('Touret23', 'Imdevimab', 'hCoV-19/France/NAQ-HCL022005338701/2022', 345.9)"
Touret23,Imdevimab,hCoV-19/France/IDF-IPP50347/2022,Table 1,Virus isolate,IC50,5000.0,1.0,5000.0,1.0,ng/ml,2023-01-06,touret23-pot.csv,5000.0,"['hCoV', '19/France/IDF', 'IPP50347/2022']","('Touret23', 'Imdevimab', 'hCoV-19/France/IDF-IPP50347/2022', 5000.0)"
Touret23,Imdevimab,hCoV-19/France/BRE-IPP34319/2022,Table 1,Virus isolate,IC50,254.4,1.0,5000.0,1.0,ng/ml,2023-01-06,touret23-pot.csv,254.4,"['hCoV', '19/France/BRE', 'IPP34319/2022']","('Touret23', 'Imdevimab', 'hCoV-19/France/BRE-IPP34319/2022', 254.4)"
Touret23,Imdevimab,Omicron/BQ.1 full genome,Table 1,Virus isolate,IC50,5000.0,1.0,5000.0,1.0,ng/ml,2023-01-06,touret23-pot.csv,5000.0,"['142D', '19I', '213G', '24S', '25del', '26del', '27del', '339D', '371F', '373P', '375F', '376A', '405N', '408S', '417N', '440K', '444T', '452R', '460K', '477N', '478K', '484A', '486V', '498R', '501Y', '505H', '614G', '655Y', '679K', '681H', '69del', '70del', '764K', '796Y', '954H', '969K']","('Touret23', 'Imdevimab', 'Omicron/BQ.1 full genome', 5000.0)"
Touret23,Imdevimab,hCoV-19/France/IDF-IPP50823/2022,Table 1,Virus isolate,IC50,5000.0,1.0,5000.0,1.0,ng/ml,2023-01-06,touret23-pot.csv,5000.0,"['hCoV', '19/France/IDF', 'IPP50823/2022']","('Touret23', 'Imdevimab', 'hCoV-19/France/IDF-IPP50823/2022', 5000.0)"
Touret23,Imdevimab,Omicron/XBB full genome,Table 1,Virus isolate,IC50,5000.0,1.0,5000.0,1.0,ng/ml,2023-01-06,touret23-pot.csv,5000.0,"['142D', '144del', '146Q', '183E', '19I', '213E', '24S', '25del', '26del', '27del', '339H', '346T', '368I', '371F', '373P', '375F', '376A', '405N', '408S', '417N', '440K', '445P', '446S', '460K', '477N', '478K', '484A', '486S', '490S', '498R', '501Y', '505H', '614G', '655Y', '679K', '681H', '764K', '796Y', '83A', '954H', '969K']","('Touret23', 'Imdevimab', 'Omicron/XBB full genome', 5000.0)"
Tuekprakhon22,Imdevimab,VIC,Figure 3,Pseudovirus (lentivirus),IC50,2.0,1.0,10000.0,1.0,ng/ml,2022-06-01,tuekprakhon22-pot.csv,2.0,['247R'],"('Tuekprakhon22', 'Imdevimab', 'VIC', 2.0)"
Tuekprakhon22,Casirivimab,VIC,Figure 3,Pseudovirus (lentivirus),IC50,1.0,1.0,10000.0,1.0,ng/ml,2022-06-01,tuekprakhon22-pot.csv,1.0,['247R'],"('Tuekprakhon22', 'Casirivimab', 'VIC', 1.0)"
Tuekprakhon22,Imdevimab,BA.1 Spike,Figure 3,Pseudovirus (lentivirus),IC50,10000.0,1.0,10000.0,1.0,ng/ml,2022-06-01,tuekprakhon22-pot.csv,10000.0,"['142D', '143del', '144del', '145del', '211I', '212del', '339D', '371L', '373P', '375F', '417N', '440K', '446S', '477N', '478K', '484A', '493R', '496S', '498R', '501Y', '505H', '547K', '614G', '655Y', '679K', '67V', '681H', '69del', '70del', '764K', '796Y', '856K', '954H', '95I', '969K', '981F']","('Tuekprakhon22', 'Imdevimab', 'BA.1 Spike', 10000.0)"
Tuekprakhon22,Casirivimab,BA.1 Spike,Figure 3,Pseudovirus (lentivirus),IC50,10000.0,1.0,10000.0,1.0,ng/ml,2022-06-01,tuekprakhon22-pot.csv,10000.0,"['142D', '143del', '144del', '145del', '211I', '212del', '339D', '371L', '373P', '375F', '417N', '440K', '446S', '477N', '478K', '484A', '493R', '496S', '498R', '501Y', '505H', '547K', '614G', '655Y', '679K', '67V', '681H', '69del', '70del', '764K', '796Y', '856K', '954H', '95I', '969K', '981F']","('Tuekprakhon22', 'Casirivimab', 'BA.1 Spike', 10000.0)"
Tuekprakhon22,Imdevimab,BA.1.1 Spike,Figure 3,Pseudovirus (lentivirus),IC50,10000.0,1.0,10000.0,1.0,ng/ml,2022-06-01,tuekprakhon22-pot.csv,10000.0,"['142D', '143del', '144del', '145del', '211I', '212del', '339D', '346K', '371L', '373P', '375F', '417N', '440K', '446S', '477N', '478K', '484A', '493R', '496S', '498R', '501Y', '505H', '547K', '614G', '655Y', '679K', '67V', '681H', '69del', '70del', '764K', '796Y', '856K', '954H', '95I', '969K', '981F']","('Tuekprakhon22', 'Imdevimab', 'BA.1.1 Spike', 10000.0)"
Tuekprakhon22,Casirivimab,BA.1.1 Spike,Figure 3,Pseudovirus (lentivirus),IC50,10000.0,1.0,10000.0,1.0,ng/ml,2022-06-01,tuekprakhon22-pot.csv,10000.0,"['142D', '143del', '144del', '145del', '211I', '212del', '339D', '346K', '371L', '373P', '375F', '417N', '440K', '446S', '477N', '478K', '484A', '493R', '496S', '498R', '501Y', '505H', '547K', '614G', '655Y', '679K', '67V', '681H', '69del', '70del', '764K', '796Y', '856K', '954H', '95I', '969K', '981F']","('Tuekprakhon22', 'Casirivimab', 'BA.1.1 Spike', 10000.0)"
Tuekprakhon22,Imdevimab,BA.2 Spike,Figure 3,Pseudovirus (lentivirus),IC50,616.0,1.0,10000.0,1.0,ng/ml,2022-06-01,tuekprakhon22-pot.csv,616.0,"['142D', '19I', '213G', '24S', '25del', '26del', '27del', '339D', '371F', '373P', '375F', '376A', '405N', '408S', '417N', '440K', '477N', '478K', '484A', '493R', '498R', '501Y', '505H', '614G', '655Y', '679K', '681H', '764K', '796Y', '954H', '969K']","('Tuekprakhon22', 'Imdevimab', 'BA.2 Spike', 616.0)"
Tuekprakhon22,Casirivimab,BA.2 Spike,Figure 3,Pseudovirus (lentivirus),IC50,10000.0,1.0,10000.0,1.0,ng/ml,2022-06-01,tuekprakhon22-pot.csv,10000.0,"['142D', '19I', '213G', '24S', '25del', '26del', '27del', '339D', '371F', '373P', '375F', '376A', '405N', '408S', '417N', '440K', '477N', '478K', '484A', '493R', '498R', '501Y', '505H', '614G', '655Y', '679K', '681H', '764K', '796Y', '954H', '969K']","('Tuekprakhon22', 'Casirivimab', 'BA.2 Spike', 10000.0)"
Tuekprakhon22,Imdevimab,BA.3 Spike,Figure 3,Pseudovirus (lentivirus),IC50,10000.0,1.0,10000.0,1.0,ng/ml,2022-06-01,tuekprakhon22-pot.csv,10000.0,"['142D', '143del', '144del', '145del', '211I', '212del', '339D', '371F', '373P', '375F', '405N', '417N', '440K', '446S', '477N', '478K', '484A', '493R', '498R', '501Y', '505H', '614G', '655Y', '679K', '67V', '681H', '69del', '70del', '764K', '796Y', '954H', '95I', '969K']","('Tuekprakhon22', 'Imdevimab', 'BA.3 Spike', 10000.0)"
Tuekprakhon22,Casirivimab,BA.3 Spike,Figure 3,Pseudovirus (lentivirus),IC50,10000.0,1.0,10000.0,1.0,ng/ml,2022-06-01,tuekprakhon22-pot.csv,10000.0,"['142D', '143del', '144del', '145del', '211I', '212del', '339D', '371F', '373P', '375F', '405N', '417N', '440K', '446S', '477N', '478K', '484A', '493R', '498R', '501Y', '505H', '614G', '655Y', '679K', '67V', '681H', '69del', '70del', '764K', '796Y', '954H', '95I', '969K']","('Tuekprakhon22', 'Casirivimab', 'BA.3 Spike', 10000.0)"
Tuekprakhon22,Imdevimab,BA.4/5 Spike,Figure 3,Pseudovirus (lentivirus),IC50,10000.0,1.0,10000.0,1.0,ng/ml,2022-06-01,tuekprakhon22-pot.csv,10000.0,"['142D', '19I', '213G', '24S', '25del', '26del', '27del', '339D', '371F', '373P', '375F', '376A', '405N', '408S', '417N', '440K', '452R', '477N', '478K', '484A', '486V', '498R', '501Y', '505H', '614G', '655Y', '679K', '681H', '69del', '70del', '764K', '796Y', '954H', '969K']","('Tuekprakhon22', 'Imdevimab', 'BA.4/5 Spike', 10000.0)"
Tuekprakhon22,Casirivimab,BA.4/5 Spike,Figure 3,Pseudovirus (lentivirus),IC50,10000.0,1.0,10000.0,1.0,ng/ml,2022-06-01,tuekprakhon22-pot.csv,10000.0,"['142D', '19I', '213G', '24S', '25del', '26del', '27del', '339D', '371F', '373P', '375F', '376A', '405N', '408S', '417N', '440K', '452R', '477N', '478K', '484A', '486V', '498R', '501Y', '505H', '614G', '655Y', '679K', '681H', '69del', '70del', '764K', '796Y', '954H', '969K']","('Tuekprakhon22', 'Casirivimab', 'BA.4/5 Spike', 10000.0)"
Uraki23,Imdevimab,hCoV-19/Japan/UT-NCD1288-2N/2022,Supplemental Figure 2A,Virus isolate,IC50,6269.0,1.0,50000.0,1.0,ng/ml,2023-04-05,uraki23-pot.csv,6269.0,"['142D', '19I', '213G', '24del', '25del', '26del', '27S', '339D', '371F', '373P', '375F', '376A', '405N', '408S', '417N', '440K', '477N', '478K', '484A', '493R', '498R', '501Y', '505H', '614G', '655Y', '679K', '681H', '764K', '796Y', '954H', '969K']","('Uraki23', 'Imdevimab', 'hCoV-19/Japan/UT-NCD1288-2N/2022', 6269.0)"
Uraki23,Imdevimab,hCoV-19/Japan/TY41-795-P0/2022,Supplemental Figure 2A,Virus isolate,IC50,50000.0,1.0,50000.0,1.0,ng/ml,2023-04-05,uraki23-pot.csv,50000.0,"['19/Japan/TY41', 'hCoV', 'P0/2022', '795']","('Uraki23', 'Imdevimab', 'hCoV-19/Japan/TY41-795-P0/2022', 50000.0)"
Uraki23,Imdevimab,hCoV-19/USA/MD-HP40900-PIDYSWHNUB-P2/2022,Supplemental Figure 2A,Virus isolate,IC50,50000.0,1.0,50000.0,1.0,ng/ml,2023-04-05,uraki23-pot.csv,50000.0,"['hCoV', 'HP40900', 'PIDYSWHNUB', 'P2/2022', '19/USA/MD']","('Uraki23', 'Imdevimab', 'hCoV-19/USA/MD-HP40900-PIDYSWHNUB-P2/2022', 50000.0)"
Uraki23,Casirivimab,hCoV-19/Japan/UT-NCD1288-2N/2022,Supplemental Figure 2A,Virus isolate,IC50,50000.0,1.0,50000.0,1.0,ng/ml,2023-04-05,uraki23-pot.csv,50000.0,"['142D', '19I', '213G', '24del', '25del', '26del', '27S', '339D', '371F', '373P', '375F', '376A', '405N', '408S', '417N', '440K', '477N', '478K', '484A', '493R', '498R', '501Y', '505H', '614G', '655Y', '679K', '681H', '764K', '796Y', '954H', '969K']","('Uraki23', 'Casirivimab', 'hCoV-19/Japan/UT-NCD1288-2N/2022', 50000.0)"
Uraki23,Casirivimab,hCoV-19/Japan/TY41-795-P0/2022,Supplemental Figure 2A,Virus isolate,IC50,50000.0,1.0,50000.0,1.0,ng/ml,2023-04-05,uraki23-pot.csv,50000.0,"['19/Japan/TY41', 'hCoV', 'P0/2022', '795']","('Uraki23', 'Casirivimab', 'hCoV-19/Japan/TY41-795-P0/2022', 50000.0)"
Uraki23,Casirivimab,hCoV-19/USA/MD-HP40900-PIDYSWHNUB-P2/2022,Supplemental Figure 2A,Virus isolate,IC50,50000.0,1.0,50000.0,1.0,ng/ml,2023-04-05,uraki23-pot.csv,50000.0,"['hCoV', 'HP40900', 'PIDYSWHNUB', 'P2/2022', '19/USA/MD']","('Uraki23', 'Casirivimab', 'hCoV-19/USA/MD-HP40900-PIDYSWHNUB-P2/2022', 50000.0)"
VanBlargan22,Imdevimab,WA1+S:614G,Figure 2g,Virus isolate,IC50,31.0,1.0,10000.0,0.1,ng/ml,2022-01-24,vanblargan22-pot.csv,31.0,['614G'],"('VanBlargan22', 'Imdevimab', 'WA1+S:614G', 31.0)"
VanBlargan22,Casirivimab,WA1+S:614G,Figure 2g,Virus isolate,IC50,11.0,1.0,10000.0,0.1,ng/ml,2022-01-24,vanblargan22-pot.csv,11.0,['614G'],"('VanBlargan22', 'Casirivimab', 'WA1+S:614G', 11.0)"
VanBlargan22,Imdevimab,hCoV-19/USA/WI-WSLH-221686/2021,Figure 2g,Virus isolate,IC50,10000.0,1.0,10000.0,0.1,ng/ml,2022-01-24,vanblargan22-pot.csv,10000.0,"['142D', '143del', '144del', '145del', '211I', '212del', '339D', '371L', '373P', '375F', '417N', '440K', '446S', '477N', '478K', '484A', '493R', '496S', '498R', '501Y', '505H', '547K', '614G', '655Y', '679K', '67V', '681H', '69del', '70del', '764K', '796Y', '856K', '954H', '95I', '969K', '981F']","('VanBlargan22', 'Imdevimab', 'hCoV-19/USA/WI-WSLH-221686/2021', 10000.0)"
VanBlargan22,Casirivimab,hCoV-19/USA/WI-WSLH-221686/2021,Figure 2g,Virus isolate,IC50,10000.0,1.0,10000.0,0.1,ng/ml,2022-01-24,vanblargan22-pot.csv,10000.0,"['142D', '143del', '144del', '145del', '211I', '212del', '339D', '371L', '373P', '375F', '417N', '440K', '446S', '477N', '478K', '484A', '493R', '496S', '498R', '501Y', '505H', '547K', '614G', '655Y', '679K', '67V', '681H', '69del', '70del', '764K', '796Y', '856K', '954H', '95I', '969K', '981F']","('VanBlargan22', 'Casirivimab', 'hCoV-19/USA/WI-WSLH-221686/2021', 10000.0)"
Wang21,Imdevimab,S:683G,Ext Data Fig 7,Pseudovirus (HIV),IC50,10.0,1.0,1000.0,,ng/ml,2021-03-22,wang21-pot.csv,10.0,['683G'],"('Wang21', 'Imdevimab', 'S:683G', 10.0)"
Wang21,Casirivimab,S:683G,Ext Data Fig 7,Pseudovirus (HIV),IC50,4.0,1.0,1000.0,,ng/ml,2021-03-22,wang21-pot.csv,4.0,['683G'],"('Wang21', 'Casirivimab', 'S:683G', 4.0)"
Wang21,Casirivimab+Imdevimab,S:683G,Ext Data Fig 7,Pseudovirus (HIV),IC50,6.0,1.0,1000.0,,ng/ml,2021-03-22,wang21-pot.csv,6.0,['683G'],"('Wang21', 'Casirivimab+Imdevimab', 'S:683G', 6.0)"
Wang21,Imdevimab,S:417N,Ext Data Fig 7,Pseudovirus (HIV),IC50,2.0,1.0,1000.0,,ng/ml,2021-03-22,wang21-pot.csv,2.0,['417N'],"('Wang21', 'Imdevimab', 'S:417N', 2.0)"
Wang21,Casirivimab,S:417N,Ext Data Fig 7,Pseudovirus (HIV),IC50,17.0,1.0,1000.0,,ng/ml,2021-03-22,wang21-pot.csv,17.0,['417N'],"('Wang21', 'Casirivimab', 'S:417N', 17.0)"
Wang21,Casirivimab+Imdevimab,S:417N,Ext Data Fig 7,Pseudovirus (HIV),IC50,3.0,1.0,1000.0,,ng/ml,2021-03-22,wang21-pot.csv,3.0,['417N'],"('Wang21', 'Casirivimab+Imdevimab', 'S:417N', 3.0)"
Wang21,Imdevimab,S:440K,Ext Data Fig 7,Pseudovirus (HIV),IC50,765.0,1.0,1000.0,,ng/ml,2021-03-22,wang21-pot.csv,765.0,['440K'],"('Wang21', 'Imdevimab', 'S:440K', 765.0)"
Wang21,Casirivimab,S:440K,Ext Data Fig 7,Pseudovirus (HIV),IC50,3.0,1.0,1000.0,,ng/ml,2021-03-22,wang21-pot.csv,3.0,['440K'],"('Wang21', 'Casirivimab', 'S:440K', 3.0)"
Wang21,Casirivimab+Imdevimab,S:440K,Ext Data Fig 7,Pseudovirus (HIV),IC50,6.0,1.0,1000.0,,ng/ml,2021-03-22,wang21-pot.csv,6.0,['440K'],"('Wang21', 'Casirivimab+Imdevimab', 'S:440K', 6.0)"
Wang21,Imdevimab,S:501Y,Ext Data Fig 7,Pseudovirus (HIV),IC50,6.0,1.0,1000.0,,ng/ml,2021-03-22,wang21-pot.csv,6.0,['501Y'],"('Wang21', 'Imdevimab', 'S:501Y', 6.0)"
Wang21,Casirivimab,S:501Y,Ext Data Fig 7,Pseudovirus (HIV),IC50,3.0,1.0,1000.0,,ng/ml,2021-03-22,wang21-pot.csv,3.0,['501Y'],"('Wang21', 'Casirivimab', 'S:501Y', 3.0)"
Wang21,Casirivimab+Imdevimab,S:501Y,Ext Data Fig 7,Pseudovirus (HIV),IC50,3.0,1.0,1000.0,,ng/ml,2021-03-22,wang21-pot.csv,3.0,['501Y'],"('Wang21', 'Casirivimab+Imdevimab', 'S:501Y', 3.0)"
Wang21,Imdevimab,S:484K,Ext Data Fig 7,Pseudovirus (HIV),IC50,7.0,1.0,1000.0,,ng/ml,2021-03-22,wang21-pot.csv,7.0,['484K'],"('Wang21', 'Imdevimab', 'S:484K', 7.0)"
Wang21,Casirivimab,S:484K,Ext Data Fig 7,Pseudovirus (HIV),IC50,36.0,1.0,1000.0,,ng/ml,2021-03-22,wang21-pot.csv,36.0,['484K'],"('Wang21', 'Casirivimab', 'S:484K', 36.0)"
Wang21,Casirivimab+Imdevimab,S:484K,Ext Data Fig 7,Pseudovirus (HIV),IC50,9.0,1.0,1000.0,,ng/ml,2021-03-22,wang21-pot.csv,9.0,['484K'],"('Wang21', 'Casirivimab+Imdevimab', 'S:484K', 9.0)"
Wang21,Imdevimab,S:417N+484K+501Y,Ext Data Fig 7,Pseudovirus (HIV),IC50,2.0,1.0,1000.0,,ng/ml,2021-03-22,wang21-pot.csv,2.0,"['417N', '484K', '501Y']","('Wang21', 'Imdevimab', 'S:417N+484K+501Y', 2.0)"
Wang21,Casirivimab,S:417N+484K+501Y,Ext Data Fig 7,Pseudovirus (HIV),IC50,527.0,1.0,1000.0,,ng/ml,2021-03-22,wang21-pot.csv,527.0,"['417N', '484K', '501Y']","('Wang21', 'Casirivimab', 'S:417N+484K+501Y', 527.0)"
Wang21,Casirivimab+Imdevimab,S:417N+484K+501Y,Ext Data Fig 7,Pseudovirus (HIV),IC50,4.0,1.0,1000.0,,ng/ml,2021-03-22,wang21-pot.csv,4.0,"['417N', '484K', '501Y']","('Wang21', 'Casirivimab+Imdevimab', 'S:417N+484K+501Y', 4.0)"
Wang21d,Imdevimab,S:614G,Figure S1A,Pseudovirus (VSV),IC50,0.606,1.0,800.0,0.256,ng/ml,2021-07-03,wang21d-pot.csv,0.606,['614G'],"('Wang21d', 'Imdevimab', 'S:614G', 0.606)"
Wang21d,Imdevimab,S:18F+20N+26S+138Y+190S+417T+484K+501Y+614G+655Y,Figure S1A,Pseudovirus (VSV),IC50,0.283,1.0,800.0,0.256,ng/ml,2021-03-03,wang21d-pot.csv,0.283,"['138Y', '18F', '190S', '20N', '26S', '417T', '484K', '501Y', '614G', '655Y']","('Wang21d', 'Imdevimab', 'S:18F+20N+26S+138Y+190S+417T+484K+501Y+614G+655Y', 0.283)"
Wang21d,Imdevimab,hCoV-19/Japan/TY7-503/2021,Figure S1A,Virus isolate,IC50,3.2,1.0,50000.0,3.2,ng/ml,2021-07-03,wang21d-pot.csv,3.2,"['1027I', '1176F', '138Y', '18F', '190S', '20N', '26S', '417T', '484K', '501Y', '614G', '655Y']","('Wang21d', 'Imdevimab', 'hCoV-19/Japan/TY7-503/2021', 3.2)"
Wang21d,Casirivimab,S:614G,Figure S1A,Pseudovirus (VSV),IC50,1.117,1.0,800.0,0.256,ng/ml,2021-07-03,wang21d-pot.csv,1.117,['614G'],"('Wang21d', 'Casirivimab', 'S:614G', 1.117)"
Wang21d,Casirivimab,S:18F+20N+26S+138Y+190S+417T+484K+501Y+614G+655Y,Figure S1A,Pseudovirus (VSV),IC50,489.771,1.0,800.0,0.256,ng/ml,2021-03-03,wang21d-pot.csv,489.771,"['138Y', '18F', '190S', '20N', '26S', '417T', '484K', '501Y', '614G', '655Y']","('Wang21d', 'Casirivimab', 'S:18F+20N+26S+138Y+190S+417T+484K+501Y+614G+655Y', 489.771)"
Wang21d,Casirivimab,hCoV-19/Japan/TY7-503/2021,Figure S1A,Virus isolate,IC50,3527.796,1.0,50000.0,3.2,ng/ml,2021-07-03,wang21d-pot.csv,3527.796,"['1027I', '1176F', '138Y', '18F', '190S', '20N', '26S', '417T', '484K', '501Y', '614G', '655Y']","('Wang21d', 'Casirivimab', 'hCoV-19/Japan/TY7-503/2021', 3527.796)"
Wang21e,Casirivimab,S:614G,Fig 2C,Pseudovirus (lentivirus),IC50,5.2,1.0,10000.0,0.1,ng/ml,2021-07-16,wang21e-pot.csv,5.2,['614G'],"('Wang21e', 'Casirivimab', 'S:614G', 5.2)"
Wang21e,Casirivimab,S:222V+614G,Fig 2C,Pseudovirus (lentivirus),IC50,5.7,1.0,10000.0,0.1,ng/ml,2021-07-16,wang21e-pot.csv,5.7,"['222V', '614G']","('Wang21e', 'Casirivimab', 'S:222V+614G', 5.7)"
Wang21e,Casirivimab,S:439K+614G,Fig 2C,Pseudovirus (lentivirus),IC50,5.8,1.0,10000.0,0.1,ng/ml,2021-07-16,wang21e-pot.csv,5.8,"['439K', '614G']","('Wang21e', 'Casirivimab', 'S:439K+614G', 5.8)"
Wang21e,Casirivimab,S:453F+614G,Fig 2C,Pseudovirus (lentivirus),IC50,10000.0,1.0,10000.0,0.1,ng/ml,2021-07-16,wang21e-pot.csv,10000.0,"['453F', '614G']","('Wang21e', 'Casirivimab', 'S:453F+614G', 10000.0)"
Wang21e,Casirivimab,S:501Y+614G,Fig 2C,Pseudovirus (lentivirus),IC50,7.4,1.0,10000.0,0.1,ng/ml,2021-07-16,wang21e-pot.csv,7.4,"['501Y', '614G']","('Wang21e', 'Casirivimab', 'S:501Y+614G', 7.4)"
Wang21e,Casirivimab,S:69del+70del+614G,Fig 2C,Pseudovirus (lentivirus),IC50,4.3,1.0,10000.0,0.1,ng/ml,2021-07-16,wang21e-pot.csv,4.3,"['614G', '69del', '70del']","('Wang21e', 'Casirivimab', 'S:69del+70del+614G', 4.3)"
Wang21e,Casirivimab,S:69del+70del+501Y+614G,Fig 2C,Pseudovirus (lentivirus),IC50,6.7,1.0,10000.0,0.1,ng/ml,2021-07-16,wang21e-pot.csv,6.7,"['501Y', '614G', '69del', '70del']","('Wang21e', 'Casirivimab', 'S:69del+70del+501Y+614G', 6.7)"
Wang21e,Casirivimab,S:69del+70del+144del+501Y+570D+614G+681H+716I+982A+1118H,Fig 2C,Pseudovirus (lentivirus),IC50,6.9,1.0,10000.0,0.1,ng/ml,2021-07-16,wang21e-pot.csv,6.9,"['1118H', '144del', '501Y', '570D', '614G', '681H', '69del', '70del', '716I', '982A']","('Wang21e', 'Casirivimab', 'S:69del+70del+144del+501Y+570D+614G+681H+716I+982A+1118H', 6.9)"
Wang21e,Casirivimab,S:69del+70del+144del+484K+501Y+570D+614G+681H+716I+982A+1118H,Fig 2C,Pseudovirus (lentivirus),IC50,87.5,1.0,10000.0,0.1,ng/ml,2021-07-16,wang21e-pot.csv,87.5,"['1118H', '144del', '484K', '501Y', '570D', '614G', '681H', '69del', '70del', '716I', '982A']","('Wang21e', 'Casirivimab', 'S:69del+70del+144del+484K+501Y+570D+614G+681H+716I+982A+1118H', 87.5)"
Wang21e,Casirivimab,S:417N+614G,Fig 2C,Pseudovirus (lentivirus),IC50,54.0,1.0,10000.0,0.1,ng/ml,2021-07-16,wang21e-pot.csv,54.0,"['417N', '614G']","('Wang21e', 'Casirivimab', 'S:417N+614G', 54.0)"
Wang21e,Casirivimab,S:484K+614G,Fig 2C,Pseudovirus (lentivirus),IC50,202.2,1.0,10000.0,0.1,ng/ml,2021-07-16,wang21e-pot.csv,202.2,"['484K', '614G']","('Wang21e', 'Casirivimab', 'S:484K+614G', 202.2)"
Wang21e,Casirivimab,S:417N+484K+501Y+614G,Fig 2C,Pseudovirus (lentivirus),IC50,10000.0,1.0,10000.0,0.1,ng/ml,2021-07-16,wang21e-pot.csv,10000.0,"['417N', '484K', '501Y', '614G']","('Wang21e', 'Casirivimab', 'S:417N+484K+501Y+614G', 10000.0)"
Wang21e,Casirivimab,S:18F+80A+215G+242del+243del+244del+246I+417N+484K+501Y+614G+701V,Fig 2C,Pseudovirus (lentivirus),IC50,10000.0,1.0,10000.0,0.1,ng/ml,2021-07-16,wang21e-pot.csv,10000.0,"['18F', '215G', '242del', '243del', '244del', '246I', '417N', '484K', '501Y', '614G', '701V', '80A']","('Wang21e', 'Casirivimab', 'S:18F+80A+215G+242del+243del+244del+246I+417N+484K+501Y+614G+701V', 10000.0)"
Wang21e,Casirivimab,S:18F+80A+215G+242del+243del+244del+417N+484K+501Y+614G+701V,Fig 2C,Pseudovirus (lentivirus),IC50,10000.0,1.0,10000.0,0.1,ng/ml,2021-07-16,wang21e-pot.csv,10000.0,"['18F', '215G', '242del', '243del', '244del', '417N', '484K', '501Y', '614G', '701V', '80A']","('Wang21e', 'Casirivimab', 'S:18F+80A+215G+242del+243del+244del+417N+484K+501Y+614G+701V', 10000.0)"
Wang21e,Casirivimab,S:452R+614G,Fig 2C,Pseudovirus (lentivirus),IC50,7.5,1.0,10000.0,0.1,ng/ml,2021-07-16,wang21e-pot.csv,7.5,"['452R', '614G']","('Wang21e', 'Casirivimab', 'S:452R+614G', 7.5)"
Wang21e,Casirivimab,S:13I+152C+452R+614G,Fig 2C,Pseudovirus (lentivirus),IC50,9.0,1.0,10000.0,0.1,ng/ml,2021-07-16,wang21e-pot.csv,9.0,"['13I', '152C', '452R', '614G']","('Wang21e', 'Casirivimab', 'S:13I+152C+452R+614G', 9.0)"
Wang21e,Casirivimab,S:13I+152C+452R+484K+614G,Fig 2C,Pseudovirus (lentivirus),IC50,62.5,1.0,10000.0,0.1,ng/ml,2021-07-16,wang21e-pot.csv,62.5,"['13I', '152C', '452R', '484K', '614G']","('Wang21e', 'Casirivimab', 'S:13I+152C+452R+484K+614G', 62.5)"
Wang21e,Casirivimab,S:5F+95I+253G+484K+614G+701V,Fig 2C,Pseudovirus (lentivirus),IC50,71.3,1.0,10000.0,0.1,ng/ml,2021-07-16,wang21e-pot.csv,71.3,"['253G', '484K', '5F', '614G', '701V', '95I']","('Wang21e', 'Casirivimab', 'S:5F+95I+253G+484K+614G+701V', 71.3)"
Wang21e,Casirivimab,S:18F+20N+26S+138Y+190S+417T+484K+501Y+614G+655Y+1027I,Fig 2C,Pseudovirus (lentivirus),IC50,1536.3,1.0,10000.0,0.1,ng/ml,2021-07-16,wang21e-pot.csv,1536.3,"['1027I', '138Y', '18F', '190S', '20N', '26S', '417T', '484K', '501Y', '614G', '655Y']","('Wang21e', 'Casirivimab', 'S:18F+20N+26S+138Y+190S+417T+484K+501Y+614G+655Y+1027I', 1536.3)"
Wang21e,Casirivimab,S:18F+20N+26S+138Y+190S+417T+484K+501Y+614G+655Y+1027I+1176F,Fig 2C,Pseudovirus (lentivirus),IC50,1046.3,1.0,10000.0,0.1,ng/ml,2021-07-16,wang21e-pot.csv,1046.3,"['1027I', '1176F', '138Y', '18F', '190S', '20N', '26S', '417T', '484K', '501Y', '614G', '655Y']","('Wang21e', 'Casirivimab', 'S:18F+20N+26S+138Y+190S+417T+484K+501Y+614G+655Y+1027I+1176F', 1046.3)"
Wang21e,Casirivimab,S:484K+614G+1176F,Fig 2C,Pseudovirus (lentivirus),IC50,56.2,1.0,10000.0,0.1,ng/ml,2021-07-16,wang21e-pot.csv,56.2,"['1176F', '484K', '614G']","('Wang21e', 'Casirivimab', 'S:484K+614G+1176F', 56.2)"
Wang21e,Casirivimab,S:95I+142D+154K+452R+484Q+614G+681R+1071H,Fig 2C,Pseudovirus (lentivirus),IC50,97.1,1.0,10000.0,0.1,ng/ml,2021-07-16,wang21e-pot.csv,97.1,"['1071H', '142D', '154K', '452R', '484Q', '614G', '681R', '95I']","('Wang21e', 'Casirivimab', 'S:95I+142D+154K+452R+484Q+614G+681R+1071H', 97.1)"
Wang21e,Casirivimab,S:19R+142D+156G+157del+158del+452R+478K+614G+681R+950N,Fig 2C,Pseudovirus (lentivirus),IC50,3.2,1.0,10000.0,0.1,ng/ml,2021-07-16,wang21e-pot.csv,3.2,"['142D', '156G', '157del', '158del', '19R', '452R', '478K', '614G', '681R', '950N']","('Wang21e', 'Casirivimab', 'S:19R+142D+156G+157del+158del+452R+478K+614G+681R+950N', 3.2)"
Wang21e,Imdevimab,S:614G,Fig 2C,Pseudovirus (lentivirus),IC50,20.0,1.0,10000.0,0.1,ng/ml,2021-07-16,wang21e-pot.csv,20.0,['614G'],"('Wang21e', 'Imdevimab', 'S:614G', 20.0)"
Wang21e,Imdevimab,S:222V+614G,Fig 2C,Pseudovirus (lentivirus),IC50,19.7,1.0,10000.0,0.1,ng/ml,2021-07-16,wang21e-pot.csv,19.7,"['222V', '614G']","('Wang21e', 'Imdevimab', 'S:222V+614G', 19.7)"
Wang21e,Imdevimab,S:439K+614G,Fig 2C,Pseudovirus (lentivirus),IC50,2005.4,1.0,10000.0,0.1,ng/ml,2021-07-16,wang21e-pot.csv,2005.4,"['439K', '614G']","('Wang21e', 'Imdevimab', 'S:439K+614G', 2005.4)"
Wang21e,Imdevimab,S:453F+614G,Fig 2C,Pseudovirus (lentivirus),IC50,29.1,1.0,10000.0,0.1,ng/ml,2021-07-16,wang21e-pot.csv,29.1,"['453F', '614G']","('Wang21e', 'Imdevimab', 'S:453F+614G', 29.1)"
Wang21e,Imdevimab,S:501Y+614G,Fig 2C,Pseudovirus (lentivirus),IC50,44.0,1.0,10000.0,0.1,ng/ml,2021-07-16,wang21e-pot.csv,44.0,"['501Y', '614G']","('Wang21e', 'Imdevimab', 'S:501Y+614G', 44.0)"
Wang21e,Imdevimab,S:69del+70del+614G,Fig 2C,Pseudovirus (lentivirus),IC50,7.8,1.0,10000.0,0.1,ng/ml,2021-07-16,wang21e-pot.csv,7.8,"['614G', '69del', '70del']","('Wang21e', 'Imdevimab', 'S:69del+70del+614G', 7.8)"
Wang21e,Imdevimab,S:69del+70del+501Y+614G,Fig 2C,Pseudovirus (lentivirus),IC50,23.7,1.0,10000.0,0.1,ng/ml,2021-07-16,wang21e-pot.csv,23.7,"['501Y', '614G', '69del', '70del']","('Wang21e', 'Imdevimab', 'S:69del+70del+501Y+614G', 23.7)"
Wang21e,Imdevimab,S:69del+70del+144del+501Y+570D+614G+681H+716I+982A+1118H,Fig 2C,Pseudovirus (lentivirus),IC50,16.8,1.0,10000.0,0.1,ng/ml,2021-07-16,wang21e-pot.csv,16.8,"['1118H', '144del', '501Y', '570D', '614G', '681H', '69del', '70del', '716I', '982A']","('Wang21e', 'Imdevimab', 'S:69del+70del+144del+501Y+570D+614G+681H+716I+982A+1118H', 16.8)"
Wang21e,Imdevimab,S:69del+70del+144del+484K+501Y+570D+614G+681H+716I+982A+1118H,Fig 2C,Pseudovirus (lentivirus),IC50,10.9,1.0,10000.0,0.1,ng/ml,2021-07-16,wang21e-pot.csv,10.9,"['1118H', '144del', '484K', '501Y', '570D', '614G', '681H', '69del', '70del', '716I', '982A']","('Wang21e', 'Imdevimab', 'S:69del+70del+144del+484K+501Y+570D+614G+681H+716I+982A+1118H', 10.9)"
Wang21e,Imdevimab,S:417N+614G,Fig 2C,Pseudovirus (lentivirus),IC50,5.6,1.0,10000.0,0.1,ng/ml,2021-07-16,wang21e-pot.csv,5.6,"['417N', '614G']","('Wang21e', 'Imdevimab', 'S:417N+614G', 5.6)"
Wang21e,Imdevimab,S:484K+614G,Fig 2C,Pseudovirus (lentivirus),IC50,17.5,1.0,10000.0,0.1,ng/ml,2021-07-16,wang21e-pot.csv,17.5,"['484K', '614G']","('Wang21e', 'Imdevimab', 'S:484K+614G', 17.5)"
Wang21e,Imdevimab,S:417N+484K+501Y+614G,Fig 2C,Pseudovirus (lentivirus),IC50,26.4,1.0,10000.0,0.1,ng/ml,2021-07-16,wang21e-pot.csv,26.4,"['417N', '484K', '501Y', '614G']","('Wang21e', 'Imdevimab', 'S:417N+484K+501Y+614G', 26.4)"
Wang21e,Imdevimab,S:18F+80A+215G+242del+243del+244del+246I+417N+484K+501Y+614G+701V,Fig 2C,Pseudovirus (lentivirus),IC50,14.3,1.0,10000.0,0.1,ng/ml,2021-07-16,wang21e-pot.csv,14.3,"['18F', '215G', '242del', '243del', '244del', '246I', '417N', '484K', '501Y', '614G', '701V', '80A']","('Wang21e', 'Imdevimab', 'S:18F+80A+215G+242del+243del+244del+246I+417N+484K+501Y+614G+701V', 14.3)"
Wang21e,Imdevimab,S:18F+80A+215G+242del+243del+244del+417N+484K+501Y+614G+701V,Fig 2C,Pseudovirus (lentivirus),IC50,24.4,1.0,10000.0,0.1,ng/ml,2021-07-16,wang21e-pot.csv,24.4,"['18F', '215G', '242del', '243del', '244del', '417N', '484K', '501Y', '614G', '701V', '80A']","('Wang21e', 'Imdevimab', 'S:18F+80A+215G+242del+243del+244del+417N+484K+501Y+614G+701V', 24.4)"
Wang21e,Imdevimab,S:452R+614G,Fig 2C,Pseudovirus (lentivirus),IC50,47.1,1.0,10000.0,0.1,ng/ml,2021-07-16,wang21e-pot.csv,47.1,"['452R', '614G']","('Wang21e', 'Imdevimab', 'S:452R+614G', 47.1)"
Wang21e,Imdevimab,S:13I+152C+452R+614G,Fig 2C,Pseudovirus (lentivirus),IC50,74.9,1.0,10000.0,0.1,ng/ml,2021-07-16,wang21e-pot.csv,74.9,"['13I', '152C', '452R', '614G']","('Wang21e', 'Imdevimab', 'S:13I+152C+452R+614G', 74.9)"
Wang21e,Imdevimab,S:13I+152C+452R+484K+614G,Fig 2C,Pseudovirus (lentivirus),IC50,113.6,1.0,10000.0,0.1,ng/ml,2021-07-16,wang21e-pot.csv,113.6,"['13I', '152C', '452R', '484K', '614G']","('Wang21e', 'Imdevimab', 'S:13I+152C+452R+484K+614G', 113.6)"
Wang21e,Imdevimab,S:5F+95I+253G+484K+614G+701V,Fig 2C,Pseudovirus (lentivirus),IC50,27.5,1.0,10000.0,0.1,ng/ml,2021-07-16,wang21e-pot.csv,27.5,"['253G', '484K', '5F', '614G', '701V', '95I']","('Wang21e', 'Imdevimab', 'S:5F+95I+253G+484K+614G+701V', 27.5)"
Wang21e,Imdevimab,S:18F+20N+26S+138Y+190S+417T+484K+501Y+614G+655Y+1027I,Fig 2C,Pseudovirus (lentivirus),IC50,6.5,1.0,10000.0,0.1,ng/ml,2021-07-16,wang21e-pot.csv,6.5,"['1027I', '138Y', '18F', '190S', '20N', '26S', '417T', '484K', '501Y', '614G', '655Y']","('Wang21e', 'Imdevimab', 'S:18F+20N+26S+138Y+190S+417T+484K+501Y+614G+655Y+1027I', 6.5)"
Wang21e,Imdevimab,S:18F+20N+26S+138Y+190S+417T+484K+501Y+614G+655Y+1027I+1176F,Fig 2C,Pseudovirus (lentivirus),IC50,4.0,1.0,10000.0,0.1,ng/ml,2021-07-16,wang21e-pot.csv,4.0,"['1027I', '1176F', '138Y', '18F', '190S', '20N', '26S', '417T', '484K', '501Y', '614G', '655Y']","('Wang21e', 'Imdevimab', 'S:18F+20N+26S+138Y+190S+417T+484K+501Y+614G+655Y+1027I+1176F', 4.0)"
Wang21e,Imdevimab,S:484K+614G+1176F,Fig 2C,Pseudovirus (lentivirus),IC50,33.9,1.0,10000.0,0.1,ng/ml,2021-07-16,wang21e-pot.csv,33.9,"['1176F', '484K', '614G']","('Wang21e', 'Imdevimab', 'S:484K+614G+1176F', 33.9)"
Wang21e,Imdevimab,S:95I+142D+154K+452R+484Q+614G+681R+1071H,Fig 2C,Pseudovirus (lentivirus),IC50,65.7,1.0,10000.0,0.1,ng/ml,2021-07-16,wang21e-pot.csv,65.7,"['1071H', '142D', '154K', '452R', '484Q', '614G', '681R', '95I']","('Wang21e', 'Imdevimab', 'S:95I+142D+154K+452R+484Q+614G+681R+1071H', 65.7)"
Wang21e,Imdevimab,S:19R+142D+156G+157del+158del+452R+478K+614G+681R+950N,Fig 2C,Pseudovirus (lentivirus),IC50,312.8,1.0,10000.0,0.1,ng/ml,2021-07-16,wang21e-pot.csv,312.8,"['142D', '156G', '157del', '158del', '19R', '452R', '478K', '614G', '681R', '950N']","('Wang21e', 'Imdevimab', 'S:19R+142D+156G+157del+158del+452R+478K+614G+681R+950N', 312.8)"
Wang21e,Casirivimab,S:456R,Figure 5B,Pseudovirus (lentivirus),IC50,23.1,1.0,10000.0,0.1,ng/ml,2021-07-16,wang21e-pot.csv,23.1,['456R'],"('Wang21e', 'Casirivimab', 'S:456R', 23.1)"
Wang21e,Casirivimab,S:475R,Figure 5B,Pseudovirus (lentivirus),IC50,341.5,1.0,10000.0,0.1,ng/ml,2021-07-16,wang21e-pot.csv,341.5,['475R'],"('Wang21e', 'Casirivimab', 'S:475R', 341.5)"
Wang21e,Casirivimab,S:478I,Figure 5B,Pseudovirus (lentivirus),IC50,7.8,1.0,10000.0,0.1,ng/ml,2021-07-16,wang21e-pot.csv,7.8,['478I'],"('Wang21e', 'Casirivimab', 'S:478I', 7.8)"
Wang21e,Casirivimab,S:486R,Figure 5B,Pseudovirus (lentivirus),IC50,10000.0,1.0,10000.0,0.1,ng/ml,2021-07-16,wang21e-pot.csv,10000.0,['486R'],"('Wang21e', 'Casirivimab', 'S:486R', 10000.0)"
Wang21e,Casirivimab,S:487R,Figure 5B,Pseudovirus (lentivirus),IC50,10000.0,1.0,10000.0,0.1,ng/ml,2021-07-16,wang21e-pot.csv,10000.0,['487R'],"('Wang21e', 'Casirivimab', 'S:487R', 10000.0)"
Wang21e,Casirivimab,S:452R,Figure 5B,Pseudovirus (lentivirus),IC50,5.8,1.0,10000.0,0.1,ng/ml,2021-07-16,wang21e-pot.csv,5.8,['452R'],"('Wang21e', 'Casirivimab', 'S:452R', 5.8)"
Wang21e,Casirivimab,S:490L,Figure 5B,Pseudovirus (lentivirus),IC50,26.9,1.0,10000.0,0.1,ng/ml,2021-07-16,wang21e-pot.csv,26.9,['490L'],"('Wang21e', 'Casirivimab', 'S:490L', 26.9)"
Wang21e,Casirivimab,S:494R,Figure 5B,Pseudovirus (lentivirus),IC50,6.0,1.0,10000.0,0.1,ng/ml,2021-07-16,wang21e-pot.csv,6.0,['494R'],"('Wang21e', 'Casirivimab', 'S:494R', 6.0)"
Wang21e,Casirivimab,S:477N+614G,Figure 5B,Pseudovirus (lentivirus),IC50,16.8,1.0,10000.0,0.1,ng/ml,2021-07-16,wang21e-pot.csv,16.8,"['477N', '614G']","('Wang21e', 'Casirivimab', 'S:477N+614G', 16.8)"
Wang21e,Imdevimab,S:456R,Figure 5B,Pseudovirus (lentivirus),IC50,23.9,1.0,10000.0,0.1,ng/ml,2021-07-16,wang21e-pot.csv,23.9,['456R'],"('Wang21e', 'Imdevimab', 'S:456R', 23.9)"
Wang21e,Imdevimab,S:475R,Figure 5B,Pseudovirus (lentivirus),IC50,23.1,1.0,10000.0,0.1,ng/ml,2021-07-16,wang21e-pot.csv,23.1,['475R'],"('Wang21e', 'Imdevimab', 'S:475R', 23.1)"
Wang21e,Imdevimab,S:478I,Figure 5B,Pseudovirus (lentivirus),IC50,60.9,1.0,10000.0,0.1,ng/ml,2021-07-16,wang21e-pot.csv,60.9,['478I'],"('Wang21e', 'Imdevimab', 'S:478I', 60.9)"
Wang21e,Imdevimab,S:486R,Figure 5B,Pseudovirus (lentivirus),IC50,18.8,1.0,10000.0,0.1,ng/ml,2021-07-16,wang21e-pot.csv,18.8,['486R'],"('Wang21e', 'Imdevimab', 'S:486R', 18.8)"
Wang21e,Imdevimab,S:487R,Figure 5B,Pseudovirus (lentivirus),IC50,3.5,1.0,10000.0,0.1,ng/ml,2021-07-16,wang21e-pot.csv,3.5,['487R'],"('Wang21e', 'Imdevimab', 'S:487R', 3.5)"
Wang21e,Imdevimab,S:452R,Figure 5B,Pseudovirus (lentivirus),IC50,215.4,1.0,10000.0,0.1,ng/ml,2021-07-16,wang21e-pot.csv,215.4,['452R'],"('Wang21e', 'Imdevimab', 'S:452R', 215.4)"
Wang21e,Imdevimab,S:490L,Figure 5B,Pseudovirus (lentivirus),IC50,57.7,1.0,10000.0,0.1,ng/ml,2021-07-16,wang21e-pot.csv,57.7,['490L'],"('Wang21e', 'Imdevimab', 'S:490L', 57.7)"
Wang21e,Imdevimab,S:494R,Figure 5B,Pseudovirus (lentivirus),IC50,227.0,1.0,10000.0,0.1,ng/ml,2021-07-16,wang21e-pot.csv,227.0,['494R'],"('Wang21e', 'Imdevimab', 'S:494R', 227.0)"
Wang21e,Imdevimab,S:477N+614G,Figure 5B,Pseudovirus (lentivirus),IC50,29.4,1.0,10000.0,0.1,ng/ml,2021-07-16,wang21e-pot.csv,29.4,"['477N', '614G']","('Wang21e', 'Imdevimab', 'S:477N+614G', 29.4)"
Wang21f,Casirivimab,S:614G,"Figure 1C, Figure S1",Pseudovirus (HIV),IC50,3.3,1.0,1000.0,0.5,ng/ml,2021-07-16,wang21f-pot.csv,3.3,['614G'],"('Wang21f', 'Casirivimab', 'S:614G', 3.3)"
Wang21f,Imdevimab,S:614G,"Figure 1C, Figure S1",Pseudovirus (HIV),IC50,4.4,1.0,1000.0,0.5,ng/ml,2021-07-16,wang21f-pot.csv,4.4,['614G'],"('Wang21f', 'Imdevimab', 'S:614G', 4.4)"
Wang21f,Casirivimab,B.1.1.7 Spike_601443,"Figure 1C, Figure S1",Pseudovirus (HIV),IC50,2.1,1.0,1000.0,0.5,ng/ml,2021-07-16,wang21f-pot.csv,2.1,"['1118H', '144del', '501Y', '570D', '614G', '681H', '69del', '70del', '716I', '982A']","('Wang21f', 'Casirivimab', 'B.1.1.7 Spike_601443', 2.1)"
Wang21f,Imdevimab,B.1.1.7 Spike_601443,"Figure 1C, Figure S1",Pseudovirus (HIV),IC50,1.8,1.0,1000.0,0.5,ng/ml,2021-07-16,wang21f-pot.csv,1.8,"['1118H', '144del', '501Y', '570D', '614G', '681H', '69del', '70del', '716I', '982A']","('Wang21f', 'Imdevimab', 'B.1.1.7 Spike_601443', 1.8)"
Wang21f,Casirivimab,B.1.351_700450 Spike,"Figure 1C, Figure S1",Pseudovirus (HIV),IC50,43.5,1.0,1000.0,0.5,ng/ml,2021-07-16,wang21f-pot.csv,43.5,"['18F', '215G', '242del', '243del', '244del', '305T', '417N', '484K', '501Y', '614G', '701V', '80A']","('Wang21f', 'Casirivimab', 'B.1.351_700450 Spike', 43.5)"
Wang21f,Imdevimab,B.1.351_700450 Spike,"Figure 1C, Figure S1",Pseudovirus (HIV),IC50,2.2,1.0,1000.0,0.5,ng/ml,2021-07-16,wang21f-pot.csv,2.2,"['18F', '215G', '242del', '243del', '244del', '305T', '417N', '484K', '501Y', '614G', '701V', '80A']","('Wang21f', 'Imdevimab', 'B.1.351_700450 Spike', 2.2)"
Wang21f,Casirivimab,P.1_792681 Spike,"Figure 1C, Figure S1",Pseudovirus (HIV),IC50,27.5,1.0,1000.0,0.5,ng/ml,2021-07-16,wang21f-pot.csv,27.5,"['1027I', '1176F', '138Y', '18F', '190S', '20N', '26S', '417T', '484K', '501Y', '614G', '655Y']","('Wang21f', 'Casirivimab', 'P.1_792681 Spike', 27.5)"
Wang21f,Imdevimab,P.1_792681 Spike,"Figure 1C, Figure S1",Pseudovirus (HIV),IC50,1.5,1.0,1000.0,0.5,ng/ml,2021-07-16,wang21f-pot.csv,1.5,"['1027I', '1176F', '138Y', '18F', '190S', '20N', '26S', '417T', '484K', '501Y', '614G', '655Y']","('Wang21f', 'Imdevimab', 'P.1_792681 Spike', 1.5)"
Wang21f,Casirivimab,S:18F,"Figure 1C, Figure S1",Pseudovirus (HIV),IC50,2.8,1.0,1000.0,0.5,ng/ml,2021-07-16,wang21f-pot.csv,2.8,['18F'],"('Wang21f', 'Casirivimab', 'S:18F', 2.8)"
Wang21f,Imdevimab,S:18F,"Figure 1C, Figure S1",Pseudovirus (HIV),IC50,4.8,1.0,1000.0,0.5,ng/ml,2021-07-16,wang21f-pot.csv,4.8,['18F'],"('Wang21f', 'Imdevimab', 'S:18F', 4.8)"
Wang21f,Casirivimab,S:69del+70del,"Figure 1C, Figure S1",Pseudovirus (HIV),IC50,4.0,1.0,1000.0,0.5,ng/ml,2021-07-16,wang21f-pot.csv,4.0,"['69del', '70del']","('Wang21f', 'Casirivimab', 'S:69del+70del', 4.0)"
Wang21f,Imdevimab,S:69del+70del,"Figure 1C, Figure S1",Pseudovirus (HIV),IC50,5.7,1.0,1000.0,0.5,ng/ml,2021-07-16,wang21f-pot.csv,5.7,"['69del', '70del']","('Wang21f', 'Imdevimab', 'S:69del+70del', 5.7)"
Wang21f,Casirivimab,S:144del,"Figure 1C, Figure S1",Pseudovirus (HIV),IC50,2.8,1.0,1000.0,0.5,ng/ml,2021-07-16,wang21f-pot.csv,2.8,['144del'],"('Wang21f', 'Casirivimab', 'S:144del', 2.8)"
Wang21f,Imdevimab,S:144del,"Figure 1C, Figure S1",Pseudovirus (HIV),IC50,3.7,1.0,1000.0,0.5,ng/ml,2021-07-16,wang21f-pot.csv,3.7,['144del'],"('Wang21f', 'Imdevimab', 'S:144del', 3.7)"
Wang21f,Casirivimab,S:222V,"Figure 1C, Figure S1",Pseudovirus (HIV),IC50,4.7,1.0,1000.0,0.5,ng/ml,2021-07-16,wang21f-pot.csv,4.7,['222V'],"('Wang21f', 'Casirivimab', 'S:222V', 4.7)"
Wang21f,Imdevimab,S:222V,"Figure 1C, Figure S1",Pseudovirus (HIV),IC50,5.7,1.0,1000.0,0.5,ng/ml,2021-07-16,wang21f-pot.csv,5.7,['222V'],"('Wang21f', 'Imdevimab', 'S:222V', 5.7)"
Wang21f,Casirivimab,S:242del+243del+244del,"Figure 1C, Figure S1",Pseudovirus (HIV),IC50,3.3,1.0,1000.0,0.5,ng/ml,2021-07-16,wang21f-pot.csv,3.3,"['242del', '243del', '244del']","('Wang21f', 'Casirivimab', 'S:242del+243del+244del', 3.3)"
Wang21f,Imdevimab,S:242del+243del+244del,"Figure 1C, Figure S1",Pseudovirus (HIV),IC50,3.7,1.0,1000.0,0.5,ng/ml,2021-07-16,wang21f-pot.csv,3.7,"['242del', '243del', '244del']","('Wang21f', 'Imdevimab', 'S:242del+243del+244del', 3.7)"
Wang21f,Casirivimab,S:417N,"Figure 1C, Figure S1",Pseudovirus (HIV),IC50,14.4,1.0,1000.0,0.5,ng/ml,2021-07-16,wang21f-pot.csv,14.4,['417N'],"('Wang21f', 'Casirivimab', 'S:417N', 14.4)"
Wang21f,Imdevimab,S:417N,"Figure 1C, Figure S1",Pseudovirus (HIV),IC50,3.1,1.0,1000.0,0.5,ng/ml,2021-07-16,wang21f-pot.csv,3.1,['417N'],"('Wang21f', 'Imdevimab', 'S:417N', 3.1)"
Wang21f,Casirivimab,S:417T,"Figure 1C, Figure S1",Pseudovirus (HIV),IC50,23.4,1.0,1000.0,0.5,ng/ml,2021-07-16,wang21f-pot.csv,23.4,['417T'],"('Wang21f', 'Casirivimab', 'S:417T', 23.4)"
Wang21f,Imdevimab,S:417T,"Figure 1C, Figure S1",Pseudovirus (HIV),IC50,4.8,1.0,1000.0,0.5,ng/ml,2021-07-16,wang21f-pot.csv,4.8,['417T'],"('Wang21f', 'Imdevimab', 'S:417T', 4.8)"
Wang21f,Casirivimab,S:439K,"Figure 1C, Figure S1",Pseudovirus (HIV),IC50,4.0,1.0,1000.0,0.5,ng/ml,2021-07-16,wang21f-pot.csv,4.0,['439K'],"('Wang21f', 'Casirivimab', 'S:439K', 4.0)"
Wang21f,Imdevimab,S:439K,"Figure 1C, Figure S1",Pseudovirus (HIV),IC50,116.7,1.0,1000.0,0.5,ng/ml,2021-07-16,wang21f-pot.csv,116.7,['439K'],"('Wang21f', 'Imdevimab', 'S:439K', 116.7)"
Wang21f,Casirivimab,S:453F,"Figure 1C, Figure S1",Pseudovirus (HIV),IC50,158.4,1.0,1000.0,0.5,ng/ml,2021-07-16,wang21f-pot.csv,158.4,['453F'],"('Wang21f', 'Casirivimab', 'S:453F', 158.4)"
Wang21f,Imdevimab,S:453F,"Figure 1C, Figure S1",Pseudovirus (HIV),IC50,4.0,1.0,1000.0,0.5,ng/ml,2021-07-16,wang21f-pot.csv,4.0,['453F'],"('Wang21f', 'Imdevimab', 'S:453F', 4.0)"
Wang21f,Casirivimab,S:477N,"Figure 1C, Figure S1",Pseudovirus (HIV),IC50,3.0,1.0,1000.0,0.5,ng/ml,2021-07-16,wang21f-pot.csv,3.0,['477N'],"('Wang21f', 'Casirivimab', 'S:477N', 3.0)"
Wang21f,Imdevimab,S:477N,"Figure 1C, Figure S1",Pseudovirus (HIV),IC50,3.4,1.0,1000.0,0.5,ng/ml,2021-07-16,wang21f-pot.csv,3.4,['477N'],"('Wang21f', 'Imdevimab', 'S:477N', 3.4)"
Wang21f,Casirivimab,S:478I,"Figure 1C, Figure S1",Pseudovirus (HIV),IC50,2.0,1.0,1000.0,0.5,ng/ml,2021-07-16,wang21f-pot.csv,2.0,['478I'],"('Wang21f', 'Casirivimab', 'S:478I', 2.0)"
Wang21f,Imdevimab,S:478I,"Figure 1C, Figure S1",Pseudovirus (HIV),IC50,2.9,1.0,1000.0,0.5,ng/ml,2021-07-16,wang21f-pot.csv,2.9,['478I'],"('Wang21f', 'Imdevimab', 'S:478I', 2.9)"
Wang21f,Casirivimab,S:484K,"Figure 1C, Figure S1",Pseudovirus (HIV),IC50,23.8,1.0,1000.0,0.5,ng/ml,2021-07-16,wang21f-pot.csv,23.8,['484K'],"('Wang21f', 'Casirivimab', 'S:484K', 23.8)"
Wang21f,Imdevimab,S:484K,"Figure 1C, Figure S1",Pseudovirus (HIV),IC50,5.7,1.0,1000.0,0.5,ng/ml,2021-07-16,wang21f-pot.csv,5.7,['484K'],"('Wang21f', 'Imdevimab', 'S:484K', 5.7)"
Wang21f,Casirivimab,S:486L,"Figure 1C, Figure S1",Pseudovirus (HIV),IC50,117.2,1.0,1000.0,0.5,ng/ml,2021-07-16,wang21f-pot.csv,117.2,['486L'],"('Wang21f', 'Casirivimab', 'S:486L', 117.2)"
Wang21f,Imdevimab,S:486L,"Figure 1C, Figure S1",Pseudovirus (HIV),IC50,3.7,1.0,1000.0,0.5,ng/ml,2021-07-16,wang21f-pot.csv,3.7,['486L'],"('Wang21f', 'Imdevimab', 'S:486L', 3.7)"
Wang21f,Casirivimab,S:494P,"Figure 1C, Figure S1",Pseudovirus (HIV),IC50,7.0,1.0,1000.0,0.5,ng/ml,2021-07-16,wang21f-pot.csv,7.0,['494P'],"('Wang21f', 'Casirivimab', 'S:494P', 7.0)"
Wang21f,Imdevimab,S:494P,"Figure 1C, Figure S1",Pseudovirus (HIV),IC50,3.7,1.0,1000.0,0.5,ng/ml,2021-07-16,wang21f-pot.csv,3.7,['494P'],"('Wang21f', 'Imdevimab', 'S:494P', 3.7)"
Wang21f,Casirivimab,S:501Y,"Figure 1C, Figure S1",Pseudovirus (HIV),IC50,2.2,1.0,1000.0,0.5,ng/ml,2021-07-16,wang21f-pot.csv,2.2,['501Y'],"('Wang21f', 'Casirivimab', 'S:501Y', 2.2)"
Wang21f,Imdevimab,S:501Y,"Figure 1C, Figure S1",Pseudovirus (HIV),IC50,2.4,1.0,1000.0,0.5,ng/ml,2021-07-16,wang21f-pot.csv,2.4,['501Y'],"('Wang21f', 'Imdevimab', 'S:501Y', 2.4)"
Wang21f,Casirivimab,S:417N+484K+501Y,"Figure 1C, Figure S1",Pseudovirus (HIV),IC50,120.2,1.0,1000.0,0.5,ng/ml,2021-07-16,wang21f-pot.csv,120.2,"['417N', '484K', '501Y']","('Wang21f', 'Casirivimab', 'S:417N+484K+501Y', 120.2)"
Wang21f,Imdevimab,S:417N+484K+501Y,"Figure 1C, Figure S1",Pseudovirus (HIV),IC50,2.9,1.0,1000.0,0.5,ng/ml,2021-07-16,wang21f-pot.csv,2.9,"['417N', '484K', '501Y']","('Wang21f', 'Imdevimab', 'S:417N+484K+501Y', 2.9)"
Wang21f,Casirivimab,S:570D,"Figure 1C, Figure S1",Pseudovirus (HIV),IC50,2.0,1.0,1000.0,0.5,ng/ml,2021-07-16,wang21f-pot.csv,2.0,['570D'],"('Wang21f', 'Casirivimab', 'S:570D', 2.0)"
Wang21f,Imdevimab,S:570D,"Figure 1C, Figure S1",Pseudovirus (HIV),IC50,4.0,1.0,1000.0,0.5,ng/ml,2021-07-16,wang21f-pot.csv,4.0,['570D'],"('Wang21f', 'Imdevimab', 'S:570D', 4.0)"
Wang21f,Casirivimab,S:583D,"Figure 1C, Figure S1",Pseudovirus (HIV),IC50,3.3,1.0,1000.0,0.5,ng/ml,2021-07-16,wang21f-pot.csv,3.3,['583D'],"('Wang21f', 'Casirivimab', 'S:583D', 3.3)"
Wang21f,Imdevimab,S:583D,"Figure 1C, Figure S1",Pseudovirus (HIV),IC50,4.4,1.0,1000.0,0.5,ng/ml,2021-07-16,wang21f-pot.csv,4.4,['583D'],"('Wang21f', 'Imdevimab', 'S:583D', 4.4)"
Wang21f,Casirivimab,S:655Y,"Figure 1C, Figure S1",Pseudovirus (HIV),IC50,4.0,1.0,1000.0,0.5,ng/ml,2021-07-16,wang21f-pot.csv,4.0,['655Y'],"('Wang21f', 'Casirivimab', 'S:655Y', 4.0)"
Wang21f,Imdevimab,S:655Y,"Figure 1C, Figure S1",Pseudovirus (HIV),IC50,5.7,1.0,1000.0,0.5,ng/ml,2021-07-16,wang21f-pot.csv,5.7,['655Y'],"('Wang21f', 'Imdevimab', 'S:655Y', 5.7)"
Wang21f,Casirivimab,S:681H,"Figure 1C, Figure S1",Pseudovirus (HIV),IC50,2.6,1.0,1000.0,0.5,ng/ml,2021-07-16,wang21f-pot.csv,2.6,['681H'],"('Wang21f', 'Casirivimab', 'S:681H', 2.6)"
Wang21f,Imdevimab,S:681H,"Figure 1C, Figure S1",Pseudovirus (HIV),IC50,3.7,1.0,1000.0,0.5,ng/ml,2021-07-16,wang21f-pot.csv,3.7,['681H'],"('Wang21f', 'Imdevimab', 'S:681H', 3.7)"
Wang21f,Casirivimab,S:716I,"Figure 1C, Figure S1",Pseudovirus (HIV),IC50,2.2,1.0,1000.0,0.5,ng/ml,2021-07-16,wang21f-pot.csv,2.2,['716I'],"('Wang21f', 'Casirivimab', 'S:716I', 2.2)"
Wang21f,Imdevimab,S:716I,"Figure 1C, Figure S1",Pseudovirus (HIV),IC50,2.4,1.0,1000.0,0.5,ng/ml,2021-07-16,wang21f-pot.csv,2.4,['716I'],"('Wang21f', 'Imdevimab', 'S:716I', 2.4)"
Wang21f,Casirivimab,S:982A,"Figure 1C, Figure S1",Pseudovirus (HIV),IC50,3.3,1.0,1000.0,0.5,ng/ml,2021-07-16,wang21f-pot.csv,3.3,['982A'],"('Wang21f', 'Casirivimab', 'S:982A', 3.3)"
Wang21f,Imdevimab,S:982A,"Figure 1C, Figure S1",Pseudovirus (HIV),IC50,3.4,1.0,1000.0,0.5,ng/ml,2021-07-16,wang21f-pot.csv,3.4,['982A'],"('Wang21f', 'Imdevimab', 'S:982A', 3.4)"
Wang21f,Casirivimab,S:1118H,"Figure 1C, Figure S1",Pseudovirus (HIV),IC50,2.6,1.0,1000.0,0.5,ng/ml,2021-07-16,wang21f-pot.csv,2.6,['1118H'],"('Wang21f', 'Casirivimab', 'S:1118H', 2.6)"
Wang21f,Imdevimab,S:1118H,"Figure 1C, Figure S1",Pseudovirus (HIV),IC50,4.0,1.0,1000.0,0.5,ng/ml,2021-07-16,wang21f-pot.csv,4.0,['1118H'],"('Wang21f', 'Imdevimab', 'S:1118H', 4.0)"
Wang21f,Casirivimab,S:1163Y,"Figure 1C, Figure S1",Pseudovirus (HIV),IC50,2.8,1.0,1000.0,0.5,ng/ml,2021-07-16,wang21f-pot.csv,2.8,['1163Y'],"('Wang21f', 'Casirivimab', 'S:1163Y', 2.8)"
Wang21f,Imdevimab,S:1163Y,"Figure 1C, Figure S1",Pseudovirus (HIV),IC50,4.4,1.0,1000.0,0.5,ng/ml,2021-07-16,wang21f-pot.csv,4.4,['1163Y'],"('Wang21f', 'Imdevimab', 'S:1163Y', 4.4)"
Wang22,Imdevimab,S:614G,Figure 2,Pseudovirus (VSV),IC50,2.8,1.0,10000.0,1.0,ng/ml,2022-01-03,wang22-pot.csv,2.8,['614G'],"('Wang22', 'Imdevimab', 'S:614G', 2.8)"
Wang22,Imdevimab,S:67V+69del+70del+95I+142D+143del+144del+145del+211I+212del+214EPEins+339D+371L+373P+375F+417N+440K+446S+477N+478K+484A+493R+496S+498R+501Y+505H+547K+614G+655Y+679K+681H+764K+796Y+856K+954H+969K+981F,Figure 2,Pseudovirus (VSV),IC50,10000.0,1.0,10000.0,1.0,ng/ml,2022-01-03,wang22-pot.csv,10000.0,"['142D', '143del', '144del', '145del', '211I', '212del', '339D', '371L', '373P', '375F', '417N', '440K', '446S', '477N', '478K', '484A', '493R', '496S', '498R', '501Y', '505H', '547K', '614G', '655Y', '679K', '67V', '681H', '69del', '70del', '764K', '796Y', '856K', '954H', '95I', '969K', '981F']","('Wang22', 'Imdevimab', 'S:67V+69del+70del+95I+142D+143del+144del+145del+211I+212del+214EPEins+339D+371L+373P+375F+417N+440K+446S+477N+478K+484A+493R+496S+498R+501Y+505H+547K+614G+655Y+679K+681H+764K+796Y+856K+954H+969K+981F', 10000.0)"
Wang22,Casirivimab,S:614G,Figure 2,Pseudovirus (VSV),IC50,2.0,1.0,10000.0,1.0,ng/ml,2022-01-03,wang22-pot.csv,2.0,['614G'],"('Wang22', 'Casirivimab', 'S:614G', 2.0)"
Wang22,Casirivimab,S:67V+69del+70del+95I+142D+143del+144del+145del+211I+212del+214EPEins+339D+371L+373P+375F+417N+440K+446S+477N+478K+484A+493R+496S+498R+501Y+505H+547K+614G+655Y+679K+681H+764K+796Y+856K+954H+969K+981F,Figure 2,Pseudovirus (VSV),IC50,10000.0,1.0,10000.0,1.0,ng/ml,2022-01-03,wang22-pot.csv,10000.0,"['142D', '143del', '144del', '145del', '211I', '212del', '339D', '371L', '373P', '375F', '417N', '440K', '446S', '477N', '478K', '484A', '493R', '496S', '498R', '501Y', '505H', '547K', '614G', '655Y', '679K', '67V', '681H', '69del', '70del', '764K', '796Y', '856K', '954H', '95I', '969K', '981F']","('Wang22', 'Casirivimab', 'S:67V+69del+70del+95I+142D+143del+144del+145del+211I+212del+214EPEins+339D+371L+373P+375F+417N+440K+446S+477N+478K+484A+493R+496S+498R+501Y+505H+547K+614G+655Y+679K+681H+764K+796Y+856K+954H+969K+981F', 10000.0)"
Wang22b,Imdevimab,S:69del+70del+144del+501Y+570D+614G+681H+716I+982A+1118H,Figure 1B,Pseudovirus (HIV),IC50,1.7,1.0,10000.0,1.0,ng/ml,2022-02-17,wang22b-pot.csv,1.7,"['1118H', '144del', '501Y', '570D', '614G', '681H', '69del', '70del', '716I', '982A']","('Wang22b', 'Imdevimab', 'S:69del+70del+144del+501Y+570D+614G+681H+716I+982A+1118H', 1.7)"
Wang22b,Imdevimab,S:80A+215G+241del+242del+243del+417N+484K+501Y+614G+701V,Figure 1B,Pseudovirus (HIV),IC50,5.7,1.0,10000.0,1.0,ng/ml,2022-02-17,wang22b-pot.csv,5.7,"['215G', '241del', '242del', '243del', '417N', '484K', '501Y', '614G', '701V', '80A']","('Wang22b', 'Imdevimab', 'S:80A+215G+241del+242del+243del+417N+484K+501Y+614G+701V', 5.7)"
Wang22b,Imdevimab,S:18F+20N+26S+138Y+190S+417T+484K+501Y+614G+655Y+1027I+1176F,Figure 1B,Pseudovirus (HIV),IC50,38.5,1.0,10000.0,1.0,ng/ml,2022-02-17,wang22b-pot.csv,38.5,"['1027I', '1176F', '138Y', '18F', '190S', '20N', '26S', '417T', '484K', '501Y', '614G', '655Y']","('Wang22b', 'Imdevimab', 'S:18F+20N+26S+138Y+190S+417T+484K+501Y+614G+655Y+1027I+1176F', 38.5)"
Wang22b,Imdevimab,S:19R+157del+158del+452R+478K+614G+681R+950N,Figure 1B,Pseudovirus (HIV),IC50,32.9,1.0,10000.0,1.0,ng/ml,2022-02-17,wang22b-pot.csv,32.9,"['157del', '158del', '19R', '452R', '478K', '614G', '681R', '950N']","('Wang22b', 'Imdevimab', 'S:19R+157del+158del+452R+478K+614G+681R+950N', 32.9)"
Wang22b,Imdevimab,BA.1 Spike,Figure 1B,Pseudovirus (HIV),IC50,10000.0,1.0,10000.0,1.0,ng/ml,2022-02-17,wang22b-pot.csv,10000.0,"['142D', '143del', '144del', '145del', '211I', '212del', '339D', '371L', '373P', '375F', '417N', '440K', '446S', '477N', '478K', '484A', '493R', '496S', '498R', '501Y', '505H', '547K', '614G', '655Y', '679K', '67V', '681H', '69del', '70del', '764K', '796Y', '856K', '954H', '95I', '969K', '981F']","('Wang22b', 'Imdevimab', 'BA.1 Spike', 10000.0)"
Wang22b,Imdevimab,SARS-CoV Spike,Figure 1B,Pseudovirus (HIV),IC50,10000.0,1.0,10000.0,1.0,ng/ml,2022-02-17,wang22b-pot.csv,10000.0,"['100V', '101V', '1055A', '105V', '1070S', '1073R', '1084E', '1088Y', '108S', '1097F', '1101S', '1104I', '110M', '1110F', '1111S', '111N', '112N', '1133I', '114S', '117V', '118I', '11T', '120I', '1216V', '1233L', '123S', '1247A', '129R', '130A', '132N', '134E', '135L', '137D', '138N', '141F', '142A', '144S', '145K', '146P', '147del', '148M', '149G', '14D', '150del', '151del', '152del', '153T', '154Q', '155T', '156H', '157T', '158M', '159I', '15L', '160F', '161D', '162N', '164F', '16D', '171I', '173D', '174A', '176S', '177L', '179V', '17R', '180S', '181E', '183S', '188H', '18C', '197K', '200F', '201L', '202Y', '203V', '205K', '206G', '207Y', '208Q', '211D', '212V', '218S', '21F', '221N', '222T', '224K', '226I', '227F', '228K', '22D', '231L', '237N', '239R', '23D', '240A', '241I', '243T', '244A', '245del', '246del', '247F', '248S', '249P', '24V', '250A', '251Q', '252D', '253I', '254del', '255del', '256del', '257del', '259G', '260T', '261S', '266F', '271K', '273T', '276M', '27N', '280D', '292S', '293Q', '294N', '297A', '299L', '302S', '303V', '307E', '308I', '309D', '321V', '323S', '324G', '325D', '326V', '32S', '33M', '346K', '348P', '354E', '357K', '372T', '373F', '384A', '393S', '3I', '402V', '403K', '406D', '417V', '41E', '42I', '430M', '434L', '438T', '439R', '441I', '443A', '444T', '445S', '446T', '452K', '455Y', '456L', '458H', '459G', '460K', '462R', '46D', '470N', '471V', '472P', '473F', '474S', '475P', '476D', '477G', '478K', '47T', '481T', '482P', '483del', '484P', '485A', '486L', '490W', '493N', '494D', '498Y', '499T', '49Y', '501T', '503I', '50L', '519N', '529L', '532D', '534I', '537Q', '554P', '556S', '558R', '560Q', '569V', '570S', '572F', '575S', '580K', '582S', '588S', '591A', '59Y', '604A', '606S', '607E', '619D', '621S', '622T', '632A', '635I', '640N', '646Q', '64G', '657D', '658T', '675H', '677V', '678S', '679L', '67T', '680L', '681del', '682del', '683del', '684del', '687T', '688S', '689Q', '690K', '693V', '69N', '6L', '702D', '703S', '705I', '70H', '711T', '719S', '71T', '722I', '726V', '727M', '72del', '732A', '739N', '73del', '74del', '750A', '75del', '768S', '76del', '772A', '776R', '779R', '77del', '788M', '78del', '793T', '794L', '796Y', '7F', '80G', '810L', '813T', '834M', '839E', '845N', '84I', '868D', '872A', '875A', '878V', '879S', '87K', '882A', '884A', '90I', '922Q', '929K', '932S', '933Q', '936E', '939T', '940T', '942S', '943T', '94A', '9T']","('Wang22b', 'Imdevimab', 'SARS-CoV Spike', 10000.0)"
Wang22b,Imdevimab,WIV1 Spike,Figure 1B,Pseudovirus (HIV),IC50,10000.0,1.0,10000.0,1.0,ng/ml,2022-02-17,wang22b-pot.csv,10000.0,"['100V', '1055A', '105V', '1070S', '1073R', '1084E', '1088Y', '108S', '1097F', '1101S', '1104I', '110M', '1110F', '1111S', '111N', '1125S', '112N', '1133I', '114S', '117V', '118I', '120M', '1216V', '1233L', '123S', '1247A', '126L', '129R', '130A', '132N', '134E', '135L', '137D', '138N', '13Y', '141F', '142V', '144L', '145K', '146S', '147del', '14T', '150del', '151del', '152del', '153T', '154Q', '155I', '156P', '157S', '158Y', '159I', '15I', '160F', '161N', '162N', '164F', '16E', '173K', '174D', '176N', '177L', '17K', '180G', '181E', '183P', '188D', '18C', '195R', '197K', '19L', '1K', '200F', '201L', '202H', '203V', '206G', '207Y', '208Q', '20D', '211S', '212A', '213A', '214S', '215G', '218T', '21F', '221N', '224K', '226I', '227F', '228K', '22D', '231L', '237N', '239R', '23D', '243T', '244A', '245del', '246del', '247F', '248P', '249P', '24R', '250R', '252D', '253Y', '254del', '255del', '256del', '257del', '259G', '260T', '261S', '266F', '271K', '273T', '276M', '280D', '28N', '292S', '293Q', '294N', '297A', '299L', '2L', '302S', '303V', '307E', '308I', '309D', '321A', '323S', '324K', '325E', '326V', '32S', '33H', '346T', '348P', '354E', '372T', '384A', '393S', '3L', '402V', '403K', '406D', '417V', '41D', '42I', '434L', '438T', '439R', '441I', '443A', '444T', '445Q', '446T', '452K', '455S', '456L', '458H', '459G', '460K', '462R', '46N', '470N', '471V', '472P', '473F', '474S', '475P', '476D', '477G', '478K', '481T', '482P', '483del', '484P', '485A', '490W', '493N', '494D', '498Y', '499I', '4V', '503I', '50L', '519N', '51V', '529L', '532D', '534I', '537Q', '54H', '554P', '556S', '558R', '560Q', '569V', '570S', '572F', '575S', '580K', '582S', '588S', '59D', '606S', '607E', '619D', '632S', '636H', '640N', '646Q', '64R', '657D', '658T', '66I', '675H', '677V', '678S', '679S', '67T', '680L', '681del', '682del', '683del', '684del', '687T', '688S', '689Q', '68F', '690K', '693V', '69G', '702D', '703S', '705I', '70L', '711T', '719S', '71N', '722I', '726V', '727M', '72del', '732A', '739N', '73del', '74del', '750A', '75del', '768S', '76del', '776R', '779R', '77del', '788M', '78del', '793T', '794L', '7F', '810L', '813T', '834M', '839E', '83I', '845N', '84I', '868D', '872A', '875A', '878V', '879S', '87K', '882A', '884A', '8A', '90I', '922Q', '929K', '932S', '933Q', '936E', '939T', '940T', '942S', '943T', '94A', '9T']","('Wang22b', 'Imdevimab', 'WIV1 Spike', 10000.0)"
Wang22c,Imdevimab,B.1.1.7 Spike,Supplmentary Table 2,Pseudovirus (VSV),IC50,6.0,1.0,10000.0,1.0,ng/ml,2022-04-13,wang22c-pot.csv,6.0,"['1118H', '144del', '501Y', '570D', '614G', '681H', '69del', '70del', '716I', '982A']","('Wang22c', 'Imdevimab', 'B.1.1.7 Spike', 6.0)"
Wang22c,Imdevimab,B.1.351 Spike,Supplmentary Table 2,Pseudovirus (VSV),IC50,7.0,1.0,10000.0,1.0,ng/ml,2022-04-13,wang22c-pot.csv,7.0,"['18F', '215G', '242del', '243del', '244del', '246I', '417N', '484K', '501Y', '614G', '701V', '80A']","('Wang22c', 'Imdevimab', 'B.1.351 Spike', 7.0)"
Wang22c,Imdevimab,P.1 Spike,Supplmentary Table 2,Pseudovirus (VSV),IC50,5.0,1.0,10000.0,1.0,ng/ml,2022-04-13,wang22c-pot.csv,5.0,"['1027I', '1176F', '138Y', '18F', '190S', '20N', '26S', '417T', '484K', '501Y', '614G', '655Y']","('Wang22c', 'Imdevimab', 'P.1 Spike', 5.0)"
Wang22c,Imdevimab,B.1.617.2 Spike,Supplmentary Table 2,Pseudovirus (VSV),IC50,49.0,1.0,10000.0,1.0,ng/ml,2022-04-13,wang22c-pot.csv,49.0,"['156G', '157del', '158del', '19R', '452R', '478K', '614G', '681R', '950N']","('Wang22c', 'Imdevimab', 'B.1.617.2 Spike', 49.0)"
Wang22c,Imdevimab,C.37 Spike,Supplmentary Table 2,Pseudovirus (VSV),IC50,50.0,1.0,10000.0,1.0,ng/ml,2022-04-13,wang22c-pot.csv,50.0,"['246del', '247del', '248del', '249del', '250del', '251del', '252del', '452Q', '490S', '614G', '75V', '76I', '869N']","('Wang22c', 'Imdevimab', 'C.37 Spike', 50.0)"
Wang22c,Imdevimab,BA.1 Spike,Supplmentary Table 2,Pseudovirus (VSV),IC50,10000.0,1.0,10000.0,1.0,ng/ml,2022-04-13,wang22c-pot.csv,10000.0,"['142D', '143del', '144del', '145del', '211I', '212del', '339D', '371L', '373P', '375F', '417N', '440K', '446S', '477N', '478K', '484A', '493R', '496S', '498R', '501Y', '505H', '547K', '614G', '655Y', '679K', '67V', '681H', '69del', '70del', '764K', '796Y', '856K', '954H', '95I', '969K', '981F']","('Wang22c', 'Imdevimab', 'BA.1 Spike', 10000.0)"
Wang22d,Casirivimab,S:614G,Extended Data Table 1a,Pseudovirus (VSV),IC50,5.0,1.0,10000.0,1.0,ng/ml,2022-05-31,wang22d-pot.csv,5.0,['614G'],"('Wang22d', 'Casirivimab', 'S:614G', 5.0)"
Wang22d,Casirivimab,BA.1 Spike,Extended Data Table 1a,Pseudovirus (VSV),IC50,10000.0,1.0,10000.0,1.0,ng/ml,2022-05-31,wang22d-pot.csv,10000.0,"['142D', '143del', '144del', '145del', '211I', '212del', '339D', '371L', '373P', '375F', '417N', '440K', '446S', '477N', '478K', '484A', '493R', '496S', '498R', '501Y', '505H', '547K', '614G', '655Y', '679K', '67V', '681H', '69del', '70del', '764K', '796Y', '856K', '954H', '95I', '969K', '981F']","('Wang22d', 'Casirivimab', 'BA.1 Spike', 10000.0)"
Wang22d,Casirivimab,BA.1.1 Spike,Extended Data Table 1a,Pseudovirus (VSV),IC50,10000.0,1.0,10000.0,1.0,ng/ml,2022-05-31,wang22d-pot.csv,10000.0,"['142D', '143del', '144del', '145del', '211I', '212del', '339D', '346K', '371L', '373P', '375F', '417N', '440K', '446S', '477N', '478K', '484A', '493R', '496S', '498R', '501Y', '505H', '547K', '614G', '655Y', '679K', '67V', '681H', '69del', '70del', '764K', '796Y', '856K', '954H', '95I', '969K', '981F']","('Wang22d', 'Casirivimab', 'BA.1.1 Spike', 10000.0)"
Wang22d,Casirivimab,BA.2 Spike,Extended Data Table 1a,Pseudovirus (VSV),IC50,10000.0,1.0,10000.0,1.0,ng/ml,2022-05-31,wang22d-pot.csv,10000.0,"['142D', '19I', '213G', '24S', '25del', '26del', '27del', '339D', '371F', '373P', '375F', '376A', '405N', '408S', '417N', '440K', '477N', '478K', '484A', '493R', '498R', '501Y', '505H', '614G', '655Y', '679K', '681H', '764K', '796Y', '954H', '969K']","('Wang22d', 'Casirivimab', 'BA.2 Spike', 10000.0)"
Wang22d,Casirivimab,BA.2.12.1 Spike,Extended Data Table 1a,Pseudovirus (VSV),IC50,10000.0,1.0,10000.0,1.0,ng/ml,2022-05-31,wang22d-pot.csv,10000.0,"['142D', '19I', '213G', '24S', '25del', '26del', '27del', '339D', '371F', '373P', '375F', '376A', '405N', '408S', '417N', '440K', '452Q', '477N', '478K', '484A', '493R', '498R', '501Y', '505H', '614G', '655Y', '679K', '681H', '704L', '764K', '796Y', '954H', '969K']","('Wang22d', 'Casirivimab', 'BA.2.12.1 Spike', 10000.0)"
Wang22d,Casirivimab,BA.4/5 Spike,Extended Data Table 1a,Pseudovirus (VSV),IC50,10000.0,1.0,10000.0,1.0,ng/ml,2022-05-31,wang22d-pot.csv,10000.0,"['142D', '19I', '213G', '24S', '25del', '26del', '27del', '339D', '371F', '373P', '375F', '376A', '405N', '408S', '417N', '440K', '452R', '477N', '478K', '484A', '486V', '498R', '501Y', '505H', '614G', '655Y', '679K', '681H', '69del', '70del', '764K', '796Y', '954H', '969K']","('Wang22d', 'Casirivimab', 'BA.4/5 Spike', 10000.0)"
Wang22d,Imdevimab,S:614G,Extended Data Table 1a,Pseudovirus (VSV),IC50,1.0,1.0,10000.0,1.0,ng/ml,2022-05-31,wang22d-pot.csv,1.0,['614G'],"('Wang22d', 'Imdevimab', 'S:614G', 1.0)"
Wang22d,Imdevimab,BA.1 Spike,Extended Data Table 1a,Pseudovirus (VSV),IC50,7586.0,1.0,10000.0,1.0,ng/ml,2022-05-31,wang22d-pot.csv,7586.0,"['142D', '143del', '144del', '145del', '211I', '212del', '339D', '371L', '373P', '375F', '417N', '440K', '446S', '477N', '478K', '484A', '493R', '496S', '498R', '501Y', '505H', '547K', '614G', '655Y', '679K', '67V', '681H', '69del', '70del', '764K', '796Y', '856K', '954H', '95I', '969K', '981F']","('Wang22d', 'Imdevimab', 'BA.1 Spike', 7586.0)"
Wang22d,Imdevimab,BA.1.1 Spike,Extended Data Table 1a,Pseudovirus (VSV),IC50,10000.0,1.0,10000.0,1.0,ng/ml,2022-05-31,wang22d-pot.csv,10000.0,"['142D', '143del', '144del', '145del', '211I', '212del', '339D', '346K', '371L', '373P', '375F', '417N', '440K', '446S', '477N', '478K', '484A', '493R', '496S', '498R', '501Y', '505H', '547K', '614G', '655Y', '679K', '67V', '681H', '69del', '70del', '764K', '796Y', '856K', '954H', '95I', '969K', '981F']","('Wang22d', 'Imdevimab', 'BA.1.1 Spike', 10000.0)"
Wang22d,Imdevimab,BA.2 Spike,Extended Data Table 1a,Pseudovirus (VSV),IC50,505.0,1.0,10000.0,1.0,ng/ml,2022-05-31,wang22d-pot.csv,505.0,"['142D', '19I', '213G', '24S', '25del', '26del', '27del', '339D', '371F', '373P', '375F', '376A', '405N', '408S', '417N', '440K', '477N', '478K', '484A', '493R', '498R', '501Y', '505H', '614G', '655Y', '679K', '681H', '764K', '796Y', '954H', '969K']","('Wang22d', 'Imdevimab', 'BA.2 Spike', 505.0)"
Wang22d,Imdevimab,BA.2.12.1 Spike,Extended Data Table 1a,Pseudovirus (VSV),IC50,2125.0,1.0,10000.0,1.0,ng/ml,2022-05-31,wang22d-pot.csv,2125.0,"['142D', '19I', '213G', '24S', '25del', '26del', '27del', '339D', '371F', '373P', '375F', '376A', '405N', '408S', '417N', '440K', '452Q', '477N', '478K', '484A', '493R', '498R', '501Y', '505H', '614G', '655Y', '679K', '681H', '704L', '764K', '796Y', '954H', '969K']","('Wang22d', 'Imdevimab', 'BA.2.12.1 Spike', 2125.0)"
Wang22d,Imdevimab,BA.4/5 Spike,Extended Data Table 1a,Pseudovirus (VSV),IC50,2682.0,1.0,10000.0,1.0,ng/ml,2022-05-31,wang22d-pot.csv,2682.0,"['142D', '19I', '213G', '24S', '25del', '26del', '27del', '339D', '371F', '373P', '375F', '376A', '405N', '408S', '417N', '440K', '452R', '477N', '478K', '484A', '486V', '498R', '501Y', '505H', '614G', '655Y', '679K', '681H', '69del', '70del', '764K', '796Y', '954H', '969K']","('Wang22d', 'Imdevimab', 'BA.4/5 Spike', 2682.0)"
Wang22d,Imdevimab,Omicron/BA.2 full genome,Extended Data Table 1b,Virus isolate,IC50,305.7,1.0,5000.0,1.0,ng/ml,2022-09-09,wang22d-pot.csv,305.7,"['142D', '19I', '213G', '24S', '25del', '26del', '27del', '339D', '371F', '373P', '375F', '376A', '405N', '408S', '417N', '440K', '477N', '478K', '484A', '493R', '498R', '501Y', '505H', '614G', '655Y', '679K', '681H', '764K', '796Y', '954H', '969K']","('Wang22d', 'Imdevimab', 'Omicron/BA.2 full genome', 305.7)"
Wang22d,Imdevimab,Omicron/BA.4 full genome,Extended Data Table 1b,Virus isolate,IC50,641.8,1.0,5000.0,1.0,ng/ml,2022-09-09,wang22d-pot.csv,641.8,"['142D', '19I', '213G', '24S', '25del', '26del', '27del', '339D', '371F', '373P', '375F', '376A', '405N', '408S', '417N', '440K', '452R', '477N', '478K', '484A', '486V', '498R', '501Y', '505H', '614G', '655Y', '658S', '679K', '681H', '69del', '70del', '764K', '796Y', '954H', '969K']","('Wang22d', 'Imdevimab', 'Omicron/BA.4 full genome', 641.8)"
Wang22d,Casirivimab,S:69del+70del+614G,Extended Data Fig 2a,Pseudovirus (VSV),IC50,1.0,1.0,10000.0,1.0,ng/ml,2022-05-31,wang22d-pot.csv,1.0,"['614G', '69del', '70del']","('Wang22d', 'Casirivimab', 'S:69del+70del+614G', 1.0)"
Wang22d,Casirivimab,S:452M+614G,Extended Data Fig 2a,Pseudovirus (VSV),IC50,2.0,1.0,10000.0,1.0,ng/ml,2022-05-31,wang22d-pot.csv,2.0,"['452M', '614G']","('Wang22d', 'Casirivimab', 'S:452M+614G', 2.0)"
Wang22d,Casirivimab,S:452R+614G,Extended Data Fig 2a,Pseudovirus (VSV),IC50,2.0,1.0,10000.0,1.0,ng/ml,2022-05-31,wang22d-pot.csv,2.0,"['452R', '614G']","('Wang22d', 'Casirivimab', 'S:452R+614G', 2.0)"
Wang22d,Casirivimab,S:452Q+614G,Extended Data Fig 2a,Pseudovirus (VSV),IC50,2.0,1.0,10000.0,1.0,ng/ml,2022-05-31,wang22d-pot.csv,2.0,"['452Q', '614G']","('Wang22d', 'Casirivimab', 'S:452Q+614G', 2.0)"
Wang22d,Casirivimab,S:486V+614G,Extended Data Fig 2a,Pseudovirus (VSV),IC50,10000.0,1.0,10000.0,1.0,ng/ml,2022-05-31,wang22d-pot.csv,10000.0,"['486V', '614G']","('Wang22d', 'Casirivimab', 'S:486V+614G', 10000.0)"
Wang22d,Casirivimab,S:614G+704L,Extended Data Fig 2a,Pseudovirus (VSV),IC50,1.0,1.0,10000.0,1.0,ng/ml,2022-05-31,wang22d-pot.csv,1.0,"['614G', '704L']","('Wang22d', 'Casirivimab', 'S:614G+704L', 1.0)"
Wang22d,Casirivimab,S:452Q+614G+704L,Extended Data Fig 2a,Pseudovirus (VSV),IC50,7.0,1.0,10000.0,1.0,ng/ml,2022-05-31,wang22d-pot.csv,7.0,"['452Q', '614G', '704L']","('Wang22d', 'Casirivimab', 'S:452Q+614G+704L', 7.0)"
Wang22d,Imdevimab,S:69del+70del+614G,Extended Data Fig 2a,Pseudovirus (VSV),IC50,1.0,1.0,10000.0,1.0,ng/ml,2022-05-31,wang22d-pot.csv,1.0,"['614G', '69del', '70del']","('Wang22d', 'Imdevimab', 'S:69del+70del+614G', 1.0)"
Wang22d,Imdevimab,S:452M+614G,Extended Data Fig 2a,Pseudovirus (VSV),IC50,1.0,1.0,10000.0,1.0,ng/ml,2022-05-31,wang22d-pot.csv,1.0,"['452M', '614G']","('Wang22d', 'Imdevimab', 'S:452M+614G', 1.0)"
Wang22d,Imdevimab,S:452R+614G,Extended Data Fig 2a,Pseudovirus (VSV),IC50,2.0,1.0,10000.0,1.0,ng/ml,2022-05-31,wang22d-pot.csv,2.0,"['452R', '614G']","('Wang22d', 'Imdevimab', 'S:452R+614G', 2.0)"
Wang22d,Imdevimab,S:452Q+614G,Extended Data Fig 2a,Pseudovirus (VSV),IC50,4.0,1.0,10000.0,1.0,ng/ml,2022-05-31,wang22d-pot.csv,4.0,"['452Q', '614G']","('Wang22d', 'Imdevimab', 'S:452Q+614G', 4.0)"
Wang22d,Imdevimab,S:486V+614G,Extended Data Fig 2a,Pseudovirus (VSV),IC50,1.0,1.0,10000.0,1.0,ng/ml,2022-05-31,wang22d-pot.csv,1.0,"['486V', '614G']","('Wang22d', 'Imdevimab', 'S:486V+614G', 1.0)"
Wang22d,Imdevimab,S:614G+704L,Extended Data Fig 2a,Pseudovirus (VSV),IC50,2.0,1.0,10000.0,1.0,ng/ml,2022-05-31,wang22d-pot.csv,2.0,"['614G', '704L']","('Wang22d', 'Imdevimab', 'S:614G+704L', 2.0)"
Wang22d,Imdevimab,S:452Q+614G+704L,Extended Data Fig 2a,Pseudovirus (VSV),IC50,4.0,1.0,10000.0,1.0,ng/ml,2022-05-31,wang22d-pot.csv,4.0,"['452Q', '614G', '704L']","('Wang22d', 'Imdevimab', 'S:452Q+614G+704L', 4.0)"
Wang22d,Casirivimab,BA.2 Spike:69del+70del,Extended Data Fig 2b,Pseudovirus (VSV),IC50,10000.0,1.0,10000.0,1.0,ng/ml,2022-05-31,wang22d-pot.csv,10000.0,"['142D', '19I', '213G', '24S', '25del', '26del', '27del', '339D', '371F', '373P', '375F', '376A', '405N', '408S', '417N', '440K', '477N', '478K', '484A', '493R', '498R', '501Y', '505H', '614G', '655Y', '679K', '681H', '69del', '70del', '764K', '796Y', '954H', '969K']","('Wang22d', 'Casirivimab', 'BA.2 Spike:69del+70del', 10000.0)"
Wang22d,Casirivimab,BA.2.13 Spike,Extended Data Fig 2b,Pseudovirus (VSV),IC50,10000.0,1.0,10000.0,1.0,ng/ml,2022-05-31,wang22d-pot.csv,10000.0,"['142D', '19I', '213G', '24S', '25del', '26del', '27del', '339D', '371F', '373P', '375F', '376A', '405N', '408S', '417N', '440K', '452M', '477N', '478K', '484A', '493R', '498R', '501Y', '505H', '614G', '655Y', '679K', '681H', '764K', '796Y', '954H', '969K']","('Wang22d', 'Casirivimab', 'BA.2.13 Spike', 10000.0)"
Wang22d,Casirivimab,BA.2.11 Spike,Extended Data Fig 2b,Pseudovirus (VSV),IC50,10000.0,1.0,10000.0,1.0,ng/ml,2022-05-31,wang22d-pot.csv,10000.0,"['142D', '19I', '213G', '24S', '25del', '26del', '27del', '339D', '371F', '373P', '375F', '376A', '405N', '408S', '417N', '440K', '452R', '477N', '478K', '484A', '493R', '498R', '501Y', '505H', '614G', '655Y', '679K', '681H', '764K', '796Y', '954H', '969K']","('Wang22d', 'Casirivimab', 'BA.2.11 Spike', 10000.0)"
Wang22d,Casirivimab,BA.2 Spike:L452Q,Extended Data Fig 2b,Pseudovirus (VSV),IC50,10000.0,1.0,10000.0,1.0,ng/ml,2022-05-31,wang22d-pot.csv,10000.0,"['142D', '19I', '213G', '24S', '25del', '26del', '27del', '339D', '371F', '373P', '375F', '376A', '405N', '408S', '417N', '440K', '452Q', '477N', '478K', '484A', '493R', '498R', '501Y', '505H', '614G', '655Y', '679K', '681H', '764K', '796Y', '954H', '969K']","('Wang22d', 'Casirivimab', 'BA.2 Spike:L452Q', 10000.0)"
Wang22d,Casirivimab,BA.2 Spike:F486V,Extended Data Fig 2b,Pseudovirus (VSV),IC50,10000.0,1.0,10000.0,1.0,ng/ml,2022-05-31,wang22d-pot.csv,10000.0,"['142D', '19I', '213G', '24S', '25del', '26del', '27del', '339D', '371F', '373P', '375F', '376A', '405N', '408S', '417N', '440K', '477N', '478K', '484A', '486V', '493R', '498R', '501Y', '505H', '614G', '655Y', '679K', '681H', '764K', '796Y', '954H', '969K']","('Wang22d', 'Casirivimab', 'BA.2 Spike:F486V', 10000.0)"
Wang22d,Casirivimab,BA.2 Spike:R493Q,Extended Data Fig 2b,Pseudovirus (VSV),IC50,960.0,1.0,10000.0,1.0,ng/ml,2022-05-31,wang22d-pot.csv,960.0,"['142D', '19I', '213G', '24S', '25del', '26del', '27del', '339D', '371F', '373P', '375F', '376A', '405N', '408S', '417N', '440K', '477N', '478K', '484A', '493Q', '498R', '501Y', '505H', '614G', '655Y', '679K', '681H', '764K', '796Y', '954H', '969K']","('Wang22d', 'Casirivimab', 'BA.2 Spike:R493Q', 960.0)"
Wang22d,Casirivimab,BA.2 Spike:S704L,Extended Data Fig 2b,Pseudovirus (VSV),IC50,10000.0,1.0,10000.0,1.0,ng/ml,2022-05-31,wang22d-pot.csv,10000.0,"['142D', '19I', '213G', '24S', '25del', '26del', '27del', '339D', '371F', '373P', '375F', '376A', '405N', '408S', '417N', '440K', '477N', '478K', '484A', '493R', '498R', '501Y', '505H', '614G', '655Y', '679K', '681H', '704L', '764K', '796Y', '954H', '969K']","('Wang22d', 'Casirivimab', 'BA.2 Spike:S704L', 10000.0)"
Wang22d,Casirivimab,BA.2 Spike:F486V+R493Q,Extended Data Fig 2b,Pseudovirus (VSV),IC50,10000.0,1.0,10000.0,1.0,ng/ml,2022-05-31,wang22d-pot.csv,10000.0,"['142D', '19I', '213G', '24S', '25del', '26del', '27del', '339D', '371F', '373P', '375F', '376A', '405N', '408S', '417N', '440K', '477N', '478K', '484A', '486V', '493Q', '498R', '501Y', '505H', '614G', '655Y', '679K', '681H', '764K', '796Y', '954H', '969K']","('Wang22d', 'Casirivimab', 'BA.2 Spike:F486V+R493Q', 10000.0)"
Wang22d,Imdevimab,BA.2 Spike:69del+70del,Extended Data Fig 2b,Pseudovirus (VSV),IC50,298.0,1.0,10000.0,1.0,ng/ml,2022-05-31,wang22d-pot.csv,298.0,"['142D', '19I', '213G', '24S', '25del', '26del', '27del', '339D', '371F', '373P', '375F', '376A', '405N', '408S', '417N', '440K', '477N', '478K', '484A', '493R', '498R', '501Y', '505H', '614G', '655Y', '679K', '681H', '69del', '70del', '764K', '796Y', '954H', '969K']","('Wang22d', 'Imdevimab', 'BA.2 Spike:69del+70del', 298.0)"
Wang22d,Imdevimab,BA.2.13 Spike,Extended Data Fig 2b,Pseudovirus (VSV),IC50,1081.0,1.0,10000.0,1.0,ng/ml,2022-05-31,wang22d-pot.csv,1081.0,"['142D', '19I', '213G', '24S', '25del', '26del', '27del', '339D', '371F', '373P', '375F', '376A', '405N', '408S', '417N', '440K', '452M', '477N', '478K', '484A', '493R', '498R', '501Y', '505H', '614G', '655Y', '679K', '681H', '764K', '796Y', '954H', '969K']","('Wang22d', 'Imdevimab', 'BA.2.13 Spike', 1081.0)"
Wang22d,Imdevimab,BA.2.11 Spike,Extended Data Fig 2b,Pseudovirus (VSV),IC50,2832.0,1.0,10000.0,1.0,ng/ml,2022-05-31,wang22d-pot.csv,2832.0,"['142D', '19I', '213G', '24S', '25del', '26del', '27del', '339D', '371F', '373P', '375F', '376A', '405N', '408S', '417N', '440K', '452R', '477N', '478K', '484A', '493R', '498R', '501Y', '505H', '614G', '655Y', '679K', '681H', '764K', '796Y', '954H', '969K']","('Wang22d', 'Imdevimab', 'BA.2.11 Spike', 2832.0)"
Wang22d,Imdevimab,BA.2 Spike:L452Q,Extended Data Fig 2b,Pseudovirus (VSV),IC50,872.0,1.0,10000.0,1.0,ng/ml,2022-05-31,wang22d-pot.csv,872.0,"['142D', '19I', '213G', '24S', '25del', '26del', '27del', '339D', '371F', '373P', '375F', '376A', '405N', '408S', '417N', '440K', '452Q', '477N', '478K', '484A', '493R', '498R', '501Y', '505H', '614G', '655Y', '679K', '681H', '764K', '796Y', '954H', '969K']","('Wang22d', 'Imdevimab', 'BA.2 Spike:L452Q', 872.0)"
Wang22d,Imdevimab,BA.2 Spike:F486V,Extended Data Fig 2b,Pseudovirus (VSV),IC50,1681.0,1.0,10000.0,1.0,ng/ml,2022-05-31,wang22d-pot.csv,1681.0,"['142D', '19I', '213G', '24S', '25del', '26del', '27del', '339D', '371F', '373P', '375F', '376A', '405N', '408S', '417N', '440K', '477N', '478K', '484A', '486V', '493R', '498R', '501Y', '505H', '614G', '655Y', '679K', '681H', '764K', '796Y', '954H', '969K']","('Wang22d', 'Imdevimab', 'BA.2 Spike:F486V', 1681.0)"
Wang22d,Imdevimab,BA.2 Spike:R493Q,Extended Data Fig 2b,Pseudovirus (VSV),IC50,454.0,1.0,10000.0,1.0,ng/ml,2022-05-31,wang22d-pot.csv,454.0,"['142D', '19I', '213G', '24S', '25del', '26del', '27del', '339D', '371F', '373P', '375F', '376A', '405N', '408S', '417N', '440K', '477N', '478K', '484A', '493Q', '498R', '501Y', '505H', '614G', '655Y', '679K', '681H', '764K', '796Y', '954H', '969K']","('Wang22d', 'Imdevimab', 'BA.2 Spike:R493Q', 454.0)"
Wang22d,Imdevimab,BA.2 Spike:S704L,Extended Data Fig 2b,Pseudovirus (VSV),IC50,262.0,1.0,10000.0,1.0,ng/ml,2022-05-31,wang22d-pot.csv,262.0,"['142D', '19I', '213G', '24S', '25del', '26del', '27del', '339D', '371F', '373P', '375F', '376A', '405N', '408S', '417N', '440K', '477N', '478K', '484A', '493R', '498R', '501Y', '505H', '614G', '655Y', '679K', '681H', '704L', '764K', '796Y', '954H', '969K']","('Wang22d', 'Imdevimab', 'BA.2 Spike:S704L', 262.0)"
Wang22d,Imdevimab,BA.2 Spike:F486V+R493Q,Extended Data Fig 2b,Pseudovirus (VSV),IC50,757.0,1.0,10000.0,1.0,ng/ml,2022-05-31,wang22d-pot.csv,757.0,"['142D', '19I', '213G', '24S', '25del', '26del', '27del', '339D', '371F', '373P', '375F', '376A', '405N', '408S', '417N', '440K', '477N', '478K', '484A', '486V', '493Q', '498R', '501Y', '505H', '614G', '655Y', '679K', '681H', '764K', '796Y', '954H', '969K']","('Wang22d', 'Imdevimab', 'BA.2 Spike:F486V+R493Q', 757.0)"
Wang22h,Casirivimab,S:614G,Extended Data Table 2,Pseudovirus (VSV),IC50,3.0,1.0,10000.0,10.0,ng/ml,2022-08-10,wang22h-pot.csv,3.0,['614G'],"('Wang22h', 'Casirivimab', 'S:614G', 3.0)"
Wang22h,Casirivimab,BA.2 Spike,Extended Data Table 2,Pseudovirus (VSV),IC50,10000.0,1.0,10000.0,10.0,ng/ml,2022-08-10,wang22h-pot.csv,10000.0,"['142D', '19I', '213G', '24S', '25del', '26del', '27del', '339D', '371F', '373P', '375F', '376A', '405N', '408S', '417N', '440K', '477N', '478K', '484A', '493R', '498R', '501Y', '505H', '614G', '655Y', '679K', '681H', '764K', '796Y', '954H', '969K']","('Wang22h', 'Casirivimab', 'BA.2 Spike', 10000.0)"
Wang22h,Casirivimab,BA.2.12.1 Spike,Extended Data Table 2,Pseudovirus (VSV),IC50,10000.0,1.0,10000.0,10.0,ng/ml,2022-08-10,wang22h-pot.csv,10000.0,"['142D', '19I', '213G', '24S', '25del', '26del', '27del', '339D', '371F', '373P', '375F', '376A', '405N', '408S', '417N', '440K', '452Q', '477N', '478K', '484A', '493R', '498R', '501Y', '505H', '614G', '655Y', '679K', '681H', '704L', '764K', '796Y', '954H', '969K']","('Wang22h', 'Casirivimab', 'BA.2.12.1 Spike', 10000.0)"
Wang22h,Casirivimab,BA.2.75 Spike,Extended Data Table 2,Pseudovirus (VSV),IC50,664.0,1.0,10000.0,10.0,ng/ml,2022-08-10,wang22h-pot.csv,664.0,"['142D', '147E', '152R', '157L', '19I', '210V', '213G', '24S', '257S', '25del', '26del', '27del', '339H', '371F', '373P', '375F', '376A', '405N', '408S', '417N', '440K', '446S', '460K', '477N', '478K', '484A', '498R', '501Y', '505H', '614G', '655Y', '679K', '681H', '764K', '796Y', '954H', '969K']","('Wang22h', 'Casirivimab', 'BA.2.75 Spike', 664.0)"
Wang22h,Casirivimab,BA.4/5 Spike,Extended Data Table 2,Pseudovirus (VSV),IC50,10000.0,1.0,10000.0,10.0,ng/ml,2022-08-10,wang22h-pot.csv,10000.0,"['142D', '19I', '213G', '24S', '25del', '26del', '27del', '339D', '371F', '373P', '375F', '376A', '405N', '408S', '417N', '440K', '452R', '477N', '478K', '484A', '486V', '498R', '501Y', '505H', '614G', '655Y', '679K', '681H', '69del', '70del', '764K', '796Y', '954H', '969K']","('Wang22h', 'Casirivimab', 'BA.4/5 Spike', 10000.0)"
Wang22h,Casirivimab,S:K147E+614G,Extended Data Table 2,Pseudovirus (VSV),IC50,3.0,1.0,10000.0,10.0,ng/ml,2022-08-10,wang22h-pot.csv,3.0,"['147E', '614G']","('Wang22h', 'Casirivimab', 'S:K147E+614G', 3.0)"
Wang22h,Casirivimab,S:W152R+614G,Extended Data Table 2,Pseudovirus (VSV),IC50,3.0,1.0,10000.0,10.0,ng/ml,2022-08-10,wang22h-pot.csv,3.0,"['152R', '614G']","('Wang22h', 'Casirivimab', 'S:W152R+614G', 3.0)"
Wang22h,Casirivimab,S:F157L+614G,Extended Data Table 2,Pseudovirus (VSV),IC50,2.0,1.0,10000.0,10.0,ng/ml,2022-08-10,wang22h-pot.csv,2.0,"['157L', '614G']","('Wang22h', 'Casirivimab', 'S:F157L+614G', 2.0)"
Wang22h,Casirivimab,S:I210V+614G,Extended Data Table 2,Pseudovirus (VSV),IC50,3.0,1.0,10000.0,10.0,ng/ml,2022-08-10,wang22h-pot.csv,3.0,"['210V', '614G']","('Wang22h', 'Casirivimab', 'S:I210V+614G', 3.0)"
Wang22h,Casirivimab,S:G257S+614G,Extended Data Table 2,Pseudovirus (VSV),IC50,3.0,1.0,10000.0,10.0,ng/ml,2022-08-10,wang22h-pot.csv,3.0,"['257S', '614G']","('Wang22h', 'Casirivimab', 'S:G257S+614G', 3.0)"
Wang22h,Casirivimab,S:G339H+614G,Extended Data Table 2,Pseudovirus (VSV),IC50,3.0,1.0,10000.0,10.0,ng/ml,2022-08-10,wang22h-pot.csv,3.0,"['339H', '614G']","('Wang22h', 'Casirivimab', 'S:G339H+614G', 3.0)"
Wang22h,Casirivimab,S:G446S+614G,Extended Data Table 2,Pseudovirus (VSV),IC50,3.0,1.0,10000.0,10.0,ng/ml,2022-08-10,wang22h-pot.csv,3.0,"['446S', '614G']","('Wang22h', 'Casirivimab', 'S:G446S+614G', 3.0)"
Wang22h,Casirivimab,S:460K+614G,Extended Data Table 2,Pseudovirus (VSV),IC50,4.0,1.0,10000.0,10.0,ng/ml,2022-08-10,wang22h-pot.csv,4.0,"['460K', '614G']","('Wang22h', 'Casirivimab', 'S:460K+614G', 4.0)"
Wang22h,Casirivimab,BA.2 Spike:K147E,Extended Data Table 2,Pseudovirus (VSV),IC50,10000.0,1.0,10000.0,10.0,ng/ml,2022-08-10,wang22h-pot.csv,10000.0,"['142D', '147E', '19I', '213G', '24S', '25del', '26del', '27del', '339D', '371F', '373P', '375F', '376A', '405N', '408S', '417N', '440K', '477N', '478K', '484A', '493R', '498R', '501Y', '505H', '614G', '655Y', '679K', '681H', '764K', '796Y', '954H', '969K']","('Wang22h', 'Casirivimab', 'BA.2 Spike:K147E', 10000.0)"
Wang22h,Casirivimab,BA.2 Spike:W152R,Extended Data Table 2,Pseudovirus (VSV),IC50,10000.0,1.0,10000.0,10.0,ng/ml,2022-08-10,wang22h-pot.csv,10000.0,"['142D', '152R', '19I', '213G', '24S', '25del', '26del', '27del', '339D', '371F', '373P', '375F', '376A', '405N', '408S', '417N', '440K', '477N', '478K', '484A', '493R', '498R', '501Y', '505H', '614G', '655Y', '679K', '681H', '764K', '796Y', '954H', '969K']","('Wang22h', 'Casirivimab', 'BA.2 Spike:W152R', 10000.0)"
Wang22h,Casirivimab,BA.2 Spike:F157L,Extended Data Table 2,Pseudovirus (VSV),IC50,10000.0,1.0,10000.0,10.0,ng/ml,2022-08-10,wang22h-pot.csv,10000.0,"['142D', '157L', '19I', '213G', '24S', '25del', '26del', '27del', '339D', '371F', '373P', '375F', '376A', '405N', '408S', '417N', '440K', '477N', '478K', '484A', '493R', '498R', '501Y', '505H', '614G', '655Y', '679K', '681H', '764K', '796Y', '954H', '969K']","('Wang22h', 'Casirivimab', 'BA.2 Spike:F157L', 10000.0)"
Wang22h,Casirivimab,BA.2 Spike:I210V,Extended Data Table 2,Pseudovirus (VSV),IC50,10000.0,1.0,10000.0,10.0,ng/ml,2022-08-10,wang22h-pot.csv,10000.0,"['142D', '19I', '210V', '213G', '24S', '25del', '26del', '27del', '339D', '371F', '373P', '375F', '376A', '405N', '408S', '417N', '440K', '477N', '478K', '484A', '493R', '498R', '501Y', '505H', '614G', '655Y', '679K', '681H', '764K', '796Y', '954H', '969K']","('Wang22h', 'Casirivimab', 'BA.2 Spike:I210V', 10000.0)"
Wang22h,Casirivimab,BA.2 Spike:G257S,Extended Data Table 2,Pseudovirus (VSV),IC50,10000.0,1.0,10000.0,10.0,ng/ml,2022-08-10,wang22h-pot.csv,10000.0,"['142D', '19I', '213G', '24S', '257S', '25del', '26del', '27del', '339D', '371F', '373P', '375F', '376A', '405N', '408S', '417N', '440K', '477N', '478K', '484A', '493R', '498R', '501Y', '505H', '614G', '655Y', '679K', '681H', '764K', '796Y', '954H', '969K']","('Wang22h', 'Casirivimab', 'BA.2 Spike:G257S', 10000.0)"
Wang22h,Casirivimab,BA.2 Spike:D339H,Extended Data Table 2,Pseudovirus (VSV),IC50,10000.0,1.0,10000.0,10.0,ng/ml,2022-08-10,wang22h-pot.csv,10000.0,"['142D', '19I', '213G', '24S', '25del', '26del', '27del', '339H', '371F', '373P', '375F', '376A', '405N', '408S', '417N', '440K', '477N', '478K', '484A', '493R', '498R', '501Y', '505H', '614G', '655Y', '679K', '681H', '764K', '796Y', '954H', '969K']","('Wang22h', 'Casirivimab', 'BA.2 Spike:D339H', 10000.0)"
Wang22h,Casirivimab,BA.2 Spike:446S,Extended Data Table 2,Pseudovirus (VSV),IC50,10000.0,1.0,10000.0,10.0,ng/ml,2022-08-10,wang22h-pot.csv,10000.0,"['142D', '19I', '213G', '24S', '25del', '26del', '27del', '339D', '371F', '373P', '375F', '376A', '405N', '408S', '417N', '440K', '446S', '477N', '478K', '484A', '493R', '498R', '501Y', '505H', '614G', '655Y', '679K', '681H', '764K', '796Y', '954H', '969K']","('Wang22h', 'Casirivimab', 'BA.2 Spike:446S', 10000.0)"
Wang22h,Casirivimab,BA.2 Spike:N460K,Extended Data Table 2,Pseudovirus (VSV),IC50,10000.0,1.0,10000.0,10.0,ng/ml,2022-08-10,wang22h-pot.csv,10000.0,"['142D', '19I', '213G', '24S', '25del', '26del', '27del', '339D', '371F', '373P', '375F', '376A', '405N', '408S', '417N', '440K', '460K', '477N', '478K', '484A', '493R', '498R', '501Y', '505H', '614G', '655Y', '679K', '681H', '764K', '796Y', '954H', '969K']","('Wang22h', 'Casirivimab', 'BA.2 Spike:N460K', 10000.0)"
Wang22h,Casirivimab,BA.2 Spike:R493Q,Extended Data Table 2,Pseudovirus (VSV),IC50,836.0,1.0,10000.0,10.0,ng/ml,2022-08-10,wang22h-pot.csv,836.0,"['142D', '19I', '213G', '24S', '25del', '26del', '27del', '339D', '371F', '373P', '375F', '376A', '405N', '408S', '417N', '440K', '477N', '478K', '484A', '493Q', '498R', '501Y', '505H', '614G', '655Y', '679K', '681H', '764K', '796Y', '954H', '969K']","('Wang22h', 'Casirivimab', 'BA.2 Spike:R493Q', 836.0)"
Wang22h,Imdevimab,S:614G,Extended Data Table 2,Pseudovirus (VSV),IC50,3.0,1.0,10000.0,10.0,ng/ml,2022-08-10,wang22h-pot.csv,3.0,['614G'],"('Wang22h', 'Imdevimab', 'S:614G', 3.0)"
Wang22h,Imdevimab,BA.2 Spike,Extended Data Table 2,Pseudovirus (VSV),IC50,1066.0,1.0,10000.0,10.0,ng/ml,2022-08-10,wang22h-pot.csv,1066.0,"['142D', '19I', '213G', '24S', '25del', '26del', '27del', '339D', '371F', '373P', '375F', '376A', '405N', '408S', '417N', '440K', '477N', '478K', '484A', '493R', '498R', '501Y', '505H', '614G', '655Y', '679K', '681H', '764K', '796Y', '954H', '969K']","('Wang22h', 'Imdevimab', 'BA.2 Spike', 1066.0)"
Wang22h,Imdevimab,BA.2.12.1 Spike,Extended Data Table 2,Pseudovirus (VSV),IC50,4002.0,1.0,10000.0,10.0,ng/ml,2022-08-10,wang22h-pot.csv,4002.0,"['142D', '19I', '213G', '24S', '25del', '26del', '27del', '339D', '371F', '373P', '375F', '376A', '405N', '408S', '417N', '440K', '452Q', '477N', '478K', '484A', '493R', '498R', '501Y', '505H', '614G', '655Y', '679K', '681H', '704L', '764K', '796Y', '954H', '969K']","('Wang22h', 'Imdevimab', 'BA.2.12.1 Spike', 4002.0)"
Wang22h,Imdevimab,BA.2.75 Spike,Extended Data Table 2,Pseudovirus (VSV),IC50,10000.0,1.0,10000.0,10.0,ng/ml,2022-08-10,wang22h-pot.csv,10000.0,"['142D', '147E', '152R', '157L', '19I', '210V', '213G', '24S', '257S', '25del', '26del', '27del', '339H', '371F', '373P', '375F', '376A', '405N', '408S', '417N', '440K', '446S', '460K', '477N', '478K', '484A', '498R', '501Y', '505H', '614G', '655Y', '679K', '681H', '764K', '796Y', '954H', '969K']","('Wang22h', 'Imdevimab', 'BA.2.75 Spike', 10000.0)"
Wang22h,Imdevimab,BA.4/5 Spike,Extended Data Table 2,Pseudovirus (VSV),IC50,1230.0,1.0,10000.0,10.0,ng/ml,2022-08-10,wang22h-pot.csv,1230.0,"['142D', '19I', '213G', '24S', '25del', '26del', '27del', '339D', '371F', '373P', '375F', '376A', '405N', '408S', '417N', '440K', '452R', '477N', '478K', '484A', '486V', '498R', '501Y', '505H', '614G', '655Y', '679K', '681H', '69del', '70del', '764K', '796Y', '954H', '969K']","('Wang22h', 'Imdevimab', 'BA.4/5 Spike', 1230.0)"
Wang22h,Imdevimab,S:K147E+614G,Extended Data Table 2,Pseudovirus (VSV),IC50,2.0,1.0,10000.0,10.0,ng/ml,2022-08-10,wang22h-pot.csv,2.0,"['147E', '614G']","('Wang22h', 'Imdevimab', 'S:K147E+614G', 2.0)"
Wang22h,Imdevimab,S:W152R+614G,Extended Data Table 2,Pseudovirus (VSV),IC50,3.0,1.0,10000.0,10.0,ng/ml,2022-08-10,wang22h-pot.csv,3.0,"['152R', '614G']","('Wang22h', 'Imdevimab', 'S:W152R+614G', 3.0)"
Wang22h,Imdevimab,S:F157L+614G,Extended Data Table 2,Pseudovirus (VSV),IC50,3.0,1.0,10000.0,10.0,ng/ml,2022-08-10,wang22h-pot.csv,3.0,"['157L', '614G']","('Wang22h', 'Imdevimab', 'S:F157L+614G', 3.0)"
Wang22h,Imdevimab,S:I210V+614G,Extended Data Table 2,Pseudovirus (VSV),IC50,3.0,1.0,10000.0,10.0,ng/ml,2022-08-10,wang22h-pot.csv,3.0,"['210V', '614G']","('Wang22h', 'Imdevimab', 'S:I210V+614G', 3.0)"
Wang22h,Imdevimab,S:G257S+614G,Extended Data Table 2,Pseudovirus (VSV),IC50,4.0,1.0,10000.0,10.0,ng/ml,2022-08-10,wang22h-pot.csv,4.0,"['257S', '614G']","('Wang22h', 'Imdevimab', 'S:G257S+614G', 4.0)"
Wang22h,Imdevimab,S:G339H+614G,Extended Data Table 2,Pseudovirus (VSV),IC50,4.0,1.0,10000.0,10.0,ng/ml,2022-08-10,wang22h-pot.csv,4.0,"['339H', '614G']","('Wang22h', 'Imdevimab', 'S:G339H+614G', 4.0)"
Wang22h,Imdevimab,S:G446S+614G,Extended Data Table 2,Pseudovirus (VSV),IC50,7311.0,1.0,10000.0,10.0,ng/ml,2022-08-10,wang22h-pot.csv,7311.0,"['446S', '614G']","('Wang22h', 'Imdevimab', 'S:G446S+614G', 7311.0)"
Wang22h,Imdevimab,S:460K+614G,Extended Data Table 2,Pseudovirus (VSV),IC50,4.0,1.0,10000.0,10.0,ng/ml,2022-08-10,wang22h-pot.csv,4.0,"['460K', '614G']","('Wang22h', 'Imdevimab', 'S:460K+614G', 4.0)"
Wang22h,Imdevimab,BA.2 Spike:K147E,Extended Data Table 2,Pseudovirus (VSV),IC50,1625.0,1.0,10000.0,10.0,ng/ml,2022-08-10,wang22h-pot.csv,1625.0,"['142D', '147E', '19I', '213G', '24S', '25del', '26del', '27del', '339D', '371F', '373P', '375F', '376A', '405N', '408S', '417N', '440K', '477N', '478K', '484A', '493R', '498R', '501Y', '505H', '614G', '655Y', '679K', '681H', '764K', '796Y', '954H', '969K']","('Wang22h', 'Imdevimab', 'BA.2 Spike:K147E', 1625.0)"
Wang22h,Imdevimab,BA.2 Spike:W152R,Extended Data Table 2,Pseudovirus (VSV),IC50,764.0,1.0,10000.0,10.0,ng/ml,2022-08-10,wang22h-pot.csv,764.0,"['142D', '152R', '19I', '213G', '24S', '25del', '26del', '27del', '339D', '371F', '373P', '375F', '376A', '405N', '408S', '417N', '440K', '477N', '478K', '484A', '493R', '498R', '501Y', '505H', '614G', '655Y', '679K', '681H', '764K', '796Y', '954H', '969K']","('Wang22h', 'Imdevimab', 'BA.2 Spike:W152R', 764.0)"
Wang22h,Imdevimab,BA.2 Spike:F157L,Extended Data Table 2,Pseudovirus (VSV),IC50,582.0,1.0,10000.0,10.0,ng/ml,2022-08-10,wang22h-pot.csv,582.0,"['142D', '157L', '19I', '213G', '24S', '25del', '26del', '27del', '339D', '371F', '373P', '375F', '376A', '405N', '408S', '417N', '440K', '477N', '478K', '484A', '493R', '498R', '501Y', '505H', '614G', '655Y', '679K', '681H', '764K', '796Y', '954H', '969K']","('Wang22h', 'Imdevimab', 'BA.2 Spike:F157L', 582.0)"
Wang22h,Imdevimab,BA.2 Spike:I210V,Extended Data Table 2,Pseudovirus (VSV),IC50,1381.0,1.0,10000.0,10.0,ng/ml,2022-08-10,wang22h-pot.csv,1381.0,"['142D', '19I', '210V', '213G', '24S', '25del', '26del', '27del', '339D', '371F', '373P', '375F', '376A', '405N', '408S', '417N', '440K', '477N', '478K', '484A', '493R', '498R', '501Y', '505H', '614G', '655Y', '679K', '681H', '764K', '796Y', '954H', '969K']","('Wang22h', 'Imdevimab', 'BA.2 Spike:I210V', 1381.0)"
Wang22h,Imdevimab,BA.2 Spike:G257S,Extended Data Table 2,Pseudovirus (VSV),IC50,1098.0,1.0,10000.0,10.0,ng/ml,2022-08-10,wang22h-pot.csv,1098.0,"['142D', '19I', '213G', '24S', '257S', '25del', '26del', '27del', '339D', '371F', '373P', '375F', '376A', '405N', '408S', '417N', '440K', '477N', '478K', '484A', '493R', '498R', '501Y', '505H', '614G', '655Y', '679K', '681H', '764K', '796Y', '954H', '969K']","('Wang22h', 'Imdevimab', 'BA.2 Spike:G257S', 1098.0)"
Wang22h,Imdevimab,BA.2 Spike:D339H,Extended Data Table 2,Pseudovirus (VSV),IC50,1116.0,1.0,10000.0,10.0,ng/ml,2022-08-10,wang22h-pot.csv,1116.0,"['142D', '19I', '213G', '24S', '25del', '26del', '27del', '339H', '371F', '373P', '375F', '376A', '405N', '408S', '417N', '440K', '477N', '478K', '484A', '493R', '498R', '501Y', '505H', '614G', '655Y', '679K', '681H', '764K', '796Y', '954H', '969K']","('Wang22h', 'Imdevimab', 'BA.2 Spike:D339H', 1116.0)"
Wang22h,Imdevimab,BA.2 Spike:446S,Extended Data Table 2,Pseudovirus (VSV),IC50,10000.0,1.0,10000.0,10.0,ng/ml,2022-08-10,wang22h-pot.csv,10000.0,"['142D', '19I', '213G', '24S', '25del', '26del', '27del', '339D', '371F', '373P', '375F', '376A', '405N', '408S', '417N', '440K', '446S', '477N', '478K', '484A', '493R', '498R', '501Y', '505H', '614G', '655Y', '679K', '681H', '764K', '796Y', '954H', '969K']","('Wang22h', 'Imdevimab', 'BA.2 Spike:446S', 10000.0)"
Wang22h,Imdevimab,BA.2 Spike:N460K,Extended Data Table 2,Pseudovirus (VSV),IC50,3029.0,1.0,10000.0,10.0,ng/ml,2022-08-10,wang22h-pot.csv,3029.0,"['142D', '19I', '213G', '24S', '25del', '26del', '27del', '339D', '371F', '373P', '375F', '376A', '405N', '408S', '417N', '440K', '460K', '477N', '478K', '484A', '493R', '498R', '501Y', '505H', '614G', '655Y', '679K', '681H', '764K', '796Y', '954H', '969K']","('Wang22h', 'Imdevimab', 'BA.2 Spike:N460K', 3029.0)"
Wang22h,Imdevimab,BA.2 Spike:R493Q,Extended Data Table 2,Pseudovirus (VSV),IC50,700.0,1.0,10000.0,10.0,ng/ml,2022-08-10,wang22h-pot.csv,700.0,"['142D', '19I', '213G', '24S', '25del', '26del', '27del', '339D', '371F', '373P', '375F', '376A', '405N', '408S', '417N', '440K', '477N', '478K', '484A', '493Q', '498R', '501Y', '505H', '614G', '655Y', '679K', '681H', '764K', '796Y', '954H', '969K']","('Wang22h', 'Imdevimab', 'BA.2 Spike:R493Q', 700.0)"
Westendorf22,Casirivimab,B.1.1.529 Spike,Table 3D,Pseudovirus (VSV),IC50,10000.0,1.0,10000.0,0.6,ng/ml,2022-01-20,westendorf22-pot.csv,10000.0,"['142D', '143del', '144del', '145del', '211I', '212del', '339D', '371L', '373P', '375F', '417N', '440K', '446S', '477N', '478K', '484A', '493R', '496S', '498R', '501Y', '505H', '547K', '614G', '655Y', '679K', '67V', '681H', '69del', '70del', '764K', '796Y', '856K', '954H', '95I', '969K', '981F']","('Westendorf22', 'Casirivimab', 'B.1.1.529 Spike', 10000.0)"
Westendorf22,Casirivimab,S:614G,Table 3D,Pseudovirus (VSV),IC50,5.2,1.0,10000.0,0.6,ng/ml,2022-01-20,westendorf22-pot.csv,5.2,['614G'],"('Westendorf22', 'Casirivimab', 'S:614G', 5.2)"
Westendorf22,Imdevimab,B.1.1.529 Spike,Table 3D,Pseudovirus (VSV),IC50,10000.0,1.0,10000.0,0.6,ng/ml,2022-01-20,westendorf22-pot.csv,10000.0,"['142D', '143del', '144del', '145del', '211I', '212del', '339D', '371L', '373P', '375F', '417N', '440K', '446S', '477N', '478K', '484A', '493R', '496S', '498R', '501Y', '505H', '547K', '614G', '655Y', '679K', '67V', '681H', '69del', '70del', '764K', '796Y', '856K', '954H', '95I', '969K', '981F']","('Westendorf22', 'Imdevimab', 'B.1.1.529 Spike', 10000.0)"
Westendorf22,Imdevimab,S:614G,Table 3D,Pseudovirus (VSV),IC50,20.0,1.0,10000.0,0.6,ng/ml,2022-01-20,westendorf22-pot.csv,20.0,['614G'],"('Westendorf22', 'Imdevimab', 'S:614G', 20.0)"
Wilhelm21b,Casirivimab+Imdevimab,hCoV-19/Germany/HE-FFM-30286807/2021,Figure 1,Virus isolate,IC50,2000.0,1.0,2000.0,1.0,ng/ml,2021-12-08,wilhelm21b-pot.csv,2000.0,"['142D', '143del', '144del', '145del', '211I', '212del', '339D', '371L', '373P', '375F', '417N', '440K', '446S', '477N', '478K', '484A', '493R', '496S', '498R', '501Y', '505H', '547K', '614G', '655Y', '679K', '67V', '681H', '69del', '70del', '764K', '796Y', '856K', '954H', '95I', '969K', '981F']","('Wilhelm21b', 'Casirivimab+Imdevimab', 'hCoV-19/Germany/HE-FFM-30286807/2021', 2000.0)"
Willett22,Imdevimab,S:614G,Figure 1L,Pseudovirus (lentivirus),IC50,2.0,1.0,25000.0,1.0,ng/ml,2022-05-31,willett22-pot.csv,2.0,['614G'],"('Willett22', 'Imdevimab', 'S:614G', 2.0)"
Willett22,Imdevimab,BA.1 Spike,Figure 1L,Pseudovirus (lentivirus),IC50,25000.0,1.0,25000.0,1.0,ng/ml,2022-05-31,willett22-pot.csv,25000.0,"['142D', '143del', '144del', '145del', '211I', '212del', '339D', '371L', '373P', '375F', '417N', '440K', '446S', '477N', '478K', '484A', '493R', '496S', '498R', '501Y', '505H', '547K', '614G', '655Y', '679K', '67V', '681H', '69del', '70del', '764K', '796Y', '856K', '954H', '95I', '969K', '981F']","('Willett22', 'Imdevimab', 'BA.1 Spike', 25000.0)"
Willett22,Imdevimab,BA.2 Spike,Figure 1L,Pseudovirus (lentivirus),IC50,1021.0,1.0,25000.0,1.0,ng/ml,2022-05-31,willett22-pot.csv,1021.0,"['142D', '19I', '213G', '24S', '25del', '26del', '27del', '339D', '371F', '373P', '375F', '376A', '405N', '408S', '417N', '440K', '477N', '478K', '484A', '493R', '498R', '501Y', '505H', '614G', '655Y', '679K', '681H', '764K', '796Y', '954H', '969K']","('Willett22', 'Imdevimab', 'BA.2 Spike', 1021.0)"
Willett22,Imdevimab,BA.4/5 Spike,Figure 1L,Pseudovirus (lentivirus),IC50,1487.0,1.0,25000.0,1.0,ng/ml,2022-05-31,willett22-pot.csv,1487.0,"['142D', '19I', '213G', '24S', '25del', '26del', '27del', '339D', '371F', '373P', '375F', '376A', '405N', '408S', '417N', '440K', '452R', '477N', '478K', '484A', '486V', '498R', '501Y', '505H', '614G', '655Y', '679K', '681H', '69del', '70del', '764K', '796Y', '954H', '969K']","('Willett22', 'Imdevimab', 'BA.4/5 Spike', 1487.0)"
Willett22,Casirivimab,S:614G,Figure 1L,Pseudovirus (lentivirus),IC50,3.0,1.0,25000.0,1.0,ng/ml,2022-05-31,willett22-pot.csv,3.0,['614G'],"('Willett22', 'Casirivimab', 'S:614G', 3.0)"
Willett22,Casirivimab,BA.1 Spike,Figure 1L,Pseudovirus (lentivirus),IC50,25000.0,1.0,25000.0,1.0,ng/ml,2022-05-31,willett22-pot.csv,25000.0,"['142D', '143del', '144del', '145del', '211I', '212del', '339D', '371L', '373P', '375F', '417N', '440K', '446S', '477N', '478K', '484A', '493R', '496S', '498R', '501Y', '505H', '547K', '614G', '655Y', '679K', '67V', '681H', '69del', '70del', '764K', '796Y', '856K', '954H', '95I', '969K', '981F']","('Willett22', 'Casirivimab', 'BA.1 Spike', 25000.0)"
Willett22,Casirivimab,BA.2 Spike,Figure 1L,Pseudovirus (lentivirus),IC50,21878.0,1.0,25000.0,1.0,ng/ml,2022-05-31,willett22-pot.csv,21878.0,"['142D', '19I', '213G', '24S', '25del', '26del', '27del', '339D', '371F', '373P', '375F', '376A', '405N', '408S', '417N', '440K', '477N', '478K', '484A', '493R', '498R', '501Y', '505H', '614G', '655Y', '679K', '681H', '764K', '796Y', '954H', '969K']","('Willett22', 'Casirivimab', 'BA.2 Spike', 21878.0)"
Willett22,Casirivimab,BA.4/5 Spike,Figure 1L,Pseudovirus (lentivirus),IC50,25000.0,1.0,25000.0,1.0,ng/ml,2022-05-31,willett22-pot.csv,25000.0,"['142D', '19I', '213G', '24S', '25del', '26del', '27del', '339D', '371F', '373P', '375F', '376A', '405N', '408S', '417N', '440K', '452R', '477N', '478K', '484A', '486V', '498R', '501Y', '505H', '614G', '655Y', '679K', '681H', '69del', '70del', '764K', '796Y', '954H', '969K']","('Willett22', 'Casirivimab', 'BA.4/5 Spike', 25000.0)"
Wu23,Casirivimab,Omicron/BA.5 full genome,Supplementary Table 1B,Virus isolate,IC50,250000.0,1.0,250000.0,0.6,ng/ml,2023-06-27,wu23-pot.csv,250000.0,"['142D', '19I', '213G', '24S', '25del', '26del', '27del', '339D', '371F', '373P', '375F', '376A', '405N', '408S', '417N', '440K', '452R', '477N', '478K', '484A', '486V', '498R', '501Y', '505H', '614G', '655Y', '679K', '681H', '69del', '70del', '764K', '796Y', '954H', '969K']","('Wu23', 'Casirivimab', 'Omicron/BA.5 full genome', 250000.0)"
Wu23,Casirivimab,hCoV-19/England/FCI-190/2022,Supplementary Table 1B,Virus isolate,IC50,250000.0,1.0,250000.0,0.6,ng/ml,2023-06-27,wu23-pot.csv,250000.0,"['hCoV', '19/England/FCI', '190/2022']","('Wu23', 'Casirivimab', 'hCoV-19/England/FCI-190/2022', 250000.0)"
Wu23,Casirivimab,Omicron/XBB full genome,Supplementary Table 1B,Virus isolate,IC50,250000.0,1.0,250000.0,0.6,ng/ml,2023-06-27,wu23-pot.csv,250000.0,"['142D', '144del', '146Q', '183E', '19I', '213E', '24S', '25del', '26del', '27del', '339H', '346T', '368I', '371F', '373P', '375F', '376A', '405N', '408S', '417N', '440K', '445P', '446S', '460K', '477N', '478K', '484A', '486S', '490S', '498R', '501Y', '505H', '614G', '655Y', '679K', '681H', '764K', '796Y', '83A', '954H', '969K']","('Wu23', 'Casirivimab', 'Omicron/XBB full genome', 250000.0)"
Wu23,Casirivimab,Omicron/XBB.1.5 full genome,Supplementary Table 1B,Virus isolate,IC50,250000.0,1.0,250000.0,0.6,ng/ml,2023-06-27,wu23-pot.csv,250000.0,"['142D', '144del', '146Q', '183E', '19I', '213E', '24S', '252V', '25del', '26del', '27del', '339H', '346T', '368I', '371F', '373P', '375F', '376A', '405N', '408S', '417N', '440K', '445P', '446S', '460K', '477N', '478K', '484A', '486P', '490S', '498R', '501Y', '505H', '614G', '655Y', '679K', '681H', '764K', '796Y', '83A', '954H', '969K']","('Wu23', 'Casirivimab', 'Omicron/XBB.1.5 full genome', 250000.0)"
Wu23,Imdevimab,Omicron/BA.5 full genome,Supplementary Table 1B,Virus isolate,IC50,292.7,1.0,250000.0,0.6,ng/ml,2023-06-27,wu23-pot.csv,292.7,"['142D', '19I', '213G', '24S', '25del', '26del', '27del', '339D', '371F', '373P', '375F', '376A', '405N', '408S', '417N', '440K', '452R', '477N', '478K', '484A', '486V', '498R', '501Y', '505H', '614G', '655Y', '679K', '681H', '69del', '70del', '764K', '796Y', '954H', '969K']","('Wu23', 'Imdevimab', 'Omicron/BA.5 full genome', 292.7)"
Wu23,Imdevimab,hCoV-19/England/FCI-190/2022,Supplementary Table 1B,Virus isolate,IC50,250000.0,1.0,250000.0,0.6,ng/ml,2023-06-27,wu23-pot.csv,250000.0,"['hCoV', '19/England/FCI', '190/2022']","('Wu23', 'Imdevimab', 'hCoV-19/England/FCI-190/2022', 250000.0)"
Wu23,Imdevimab,Omicron/XBB full genome,Supplementary Table 1B,Virus isolate,IC50,250000.0,1.0,250000.0,0.6,ng/ml,2023-06-27,wu23-pot.csv,250000.0,"['142D', '144del', '146Q', '183E', '19I', '213E', '24S', '25del', '26del', '27del', '339H', '346T', '368I', '371F', '373P', '375F', '376A', '405N', '408S', '417N', '440K', '445P', '446S', '460K', '477N', '478K', '484A', '486S', '490S', '498R', '501Y', '505H', '614G', '655Y', '679K', '681H', '764K', '796Y', '83A', '954H', '969K']","('Wu23', 'Imdevimab', 'Omicron/XBB full genome', 250000.0)"
Wu23,Imdevimab,Omicron/XBB.1.5 full genome,Supplementary Table 1B,Virus isolate,IC50,250000.0,1.0,250000.0,0.6,ng/ml,2023-06-27,wu23-pot.csv,250000.0,"['142D', '144del', '146Q', '183E', '19I', '213E', '24S', '252V', '25del', '26del', '27del', '339H', '346T', '368I', '371F', '373P', '375F', '376A', '405N', '408S', '417N', '440K', '445P', '446S', '460K', '477N', '478K', '484A', '486P', '490S', '498R', '501Y', '505H', '614G', '655Y', '679K', '681H', '764K', '796Y', '83A', '954H', '969K']","('Wu23', 'Imdevimab', 'Omicron/XBB.1.5 full genome', 250000.0)"
Yamasoba22,Casirivimab,S:614G,Figure 2E,Pseudovirus (HIV),IC50,8.7,1.0,10000.0,0.1,ng/ml,2022-02-17,yamasoba22-pot.csv,8.7,['614G'],"('Yamasoba22', 'Casirivimab', 'S:614G', 8.7)"
Yamasoba22,Casirivimab,BA.1 Spike,Figure 2E,Pseudovirus (HIV),IC50,10000.0,1.0,10000.0,0.1,ng/ml,2022-02-17,yamasoba22-pot.csv,10000.0,"['142D', '143del', '144del', '145del', '211I', '212del', '339D', '371L', '373P', '375F', '417N', '440K', '446S', '477N', '478K', '484A', '493R', '496S', '498R', '501Y', '505H', '547K', '614G', '655Y', '679K', '67V', '681H', '69del', '70del', '764K', '796Y', '856K', '954H', '95I', '969K', '981F']","('Yamasoba22', 'Casirivimab', 'BA.1 Spike', 10000.0)"
Yamasoba22,Casirivimab,BA.2 Spike,Figure 2E,Pseudovirus (HIV),IC50,10000.0,1.0,10000.0,0.1,ng/ml,2022-02-17,yamasoba22-pot.csv,10000.0,"['142D', '19I', '213G', '24S', '25del', '26del', '27del', '339D', '371F', '373P', '375F', '376A', '405N', '408S', '417N', '440K', '477N', '478K', '484A', '493R', '498R', '501Y', '505H', '614G', '655Y', '679K', '681H', '764K', '796Y', '954H', '969K']","('Yamasoba22', 'Casirivimab', 'BA.2 Spike', 10000.0)"
Yamasoba22,Imdevimab,S:614G,Figure 2E,Pseudovirus (HIV),IC50,6.6,1.0,10000.0,0.1,ng/ml,2022-02-17,yamasoba22-pot.csv,6.6,['614G'],"('Yamasoba22', 'Imdevimab', 'S:614G', 6.6)"
Yamasoba22,Imdevimab,BA.1 Spike,Figure 2E,Pseudovirus (HIV),IC50,10000.0,1.0,10000.0,0.1,ng/ml,2022-02-17,yamasoba22-pot.csv,10000.0,"['142D', '143del', '144del', '145del', '211I', '212del', '339D', '371L', '373P', '375F', '417N', '440K', '446S', '477N', '478K', '484A', '493R', '496S', '498R', '501Y', '505H', '547K', '614G', '655Y', '679K', '67V', '681H', '69del', '70del', '764K', '796Y', '856K', '954H', '95I', '969K', '981F']","('Yamasoba22', 'Imdevimab', 'BA.1 Spike', 10000.0)"
Yamasoba22,Imdevimab,BA.2 Spike,Figure 2E,Pseudovirus (HIV),IC50,10000.0,1.0,10000.0,0.1,ng/ml,2022-02-17,yamasoba22-pot.csv,10000.0,"['142D', '19I', '213G', '24S', '25del', '26del', '27del', '339D', '371F', '373P', '375F', '376A', '405N', '408S', '417N', '440K', '477N', '478K', '484A', '493R', '498R', '501Y', '505H', '614G', '655Y', '679K', '681H', '764K', '796Y', '954H', '969K']","('Yamasoba22', 'Imdevimab', 'BA.2 Spike', 10000.0)"
Yamasoba22b,Casirivimab,S:614G,Table,Pseudovirus (HIV),IC50,9.9,1.0,50417.0,1.0,ng/ml,2021-05-04,yamasoba22b-pot.csv,9.9,['614G'],"('Yamasoba22b', 'Casirivimab', 'S:614G', 9.9)"
Yamasoba22b,Casirivimab,BA.2 Spike,Table,Pseudovirus (HIV),IC50,50417.0,1.0,50417.0,1.0,ng/ml,2021-05-04,yamasoba22b-pot.csv,50417.0,"['142D', '19I', '213G', '24S', '25del', '26del', '27del', '339D', '371F', '373P', '375F', '376A', '405N', '408S', '417N', '440K', '477N', '478K', '484A', '493R', '498R', '501Y', '505H', '614G', '655Y', '679K', '681H', '764K', '796Y', '954H', '969K']","('Yamasoba22b', 'Casirivimab', 'BA.2 Spike', 50417.0)"
Yamasoba22b,Casirivimab,BA.2.11 Spike,Table,Pseudovirus (HIV),IC50,50417.0,1.0,50417.0,1.0,ng/ml,2021-05-04,yamasoba22b-pot.csv,50417.0,"['142D', '19I', '213G', '24S', '25del', '26del', '27del', '339D', '371F', '373P', '375F', '376A', '405N', '408S', '417N', '440K', '452R', '477N', '478K', '484A', '493R', '498R', '501Y', '505H', '614G', '655Y', '679K', '681H', '764K', '796Y', '954H', '969K']","('Yamasoba22b', 'Casirivimab', 'BA.2.11 Spike', 50417.0)"
Yamasoba22b,Casirivimab,BA.2.12.1 Spike,Table,Pseudovirus (HIV),IC50,50417.0,1.0,50417.0,1.0,ng/ml,2021-05-04,yamasoba22b-pot.csv,50417.0,"['142D', '19I', '213G', '24S', '25del', '26del', '27del', '339D', '371F', '373P', '375F', '376A', '405N', '408S', '417N', '440K', '452Q', '477N', '478K', '484A', '493R', '498R', '501Y', '505H', '614G', '655Y', '679K', '681H', '704L', '764K', '796Y', '954H', '969K']","('Yamasoba22b', 'Casirivimab', 'BA.2.12.1 Spike', 50417.0)"
Yamasoba22b,Casirivimab,BA.4/5 Spike,Table,Pseudovirus (HIV),IC50,50417.0,1.0,50417.0,1.0,ng/ml,2021-05-04,yamasoba22b-pot.csv,50417.0,"['142D', '19I', '213G', '24S', '25del', '26del', '27del', '339D', '371F', '373P', '375F', '376A', '405N', '408S', '417N', '440K', '452R', '477N', '478K', '484A', '486V', '498R', '501Y', '505H', '614G', '655Y', '679K', '681H', '69del', '70del', '764K', '796Y', '954H', '969K']","('Yamasoba22b', 'Casirivimab', 'BA.4/5 Spike', 50417.0)"
Yamasoba22b,Casirivimab,BA.2 Spike:L452Q,Table,Pseudovirus (HIV),IC50,50417.0,1.0,50417.0,1.0,ng/ml,2021-05-04,yamasoba22b-pot.csv,50417.0,"['142D', '19I', '213G', '24S', '25del', '26del', '27del', '339D', '371F', '373P', '375F', '376A', '405N', '408S', '417N', '440K', '452Q', '477N', '478K', '484A', '493R', '498R', '501Y', '505H', '614G', '655Y', '679K', '681H', '764K', '796Y', '954H', '969K']","('Yamasoba22b', 'Casirivimab', 'BA.2 Spike:L452Q', 50417.0)"
Yamasoba22b,Casirivimab,BA.2 Spike:S704L,Table,Pseudovirus (HIV),IC50,50417.0,1.0,50417.0,1.0,ng/ml,2021-05-04,yamasoba22b-pot.csv,50417.0,"['142D', '19I', '213G', '24S', '25del', '26del', '27del', '339D', '371F', '373P', '375F', '376A', '405N', '408S', '417N', '440K', '477N', '478K', '484A', '493R', '498R', '501Y', '505H', '614G', '655Y', '679K', '681H', '704L', '764K', '796Y', '954H', '969K']","('Yamasoba22b', 'Casirivimab', 'BA.2 Spike:S704L', 50417.0)"
Yamasoba22b,Casirivimab,BA.2 Spike:69del+70del,Table,Pseudovirus (HIV),IC50,50417.0,1.0,50417.0,1.0,ng/ml,2021-05-04,yamasoba22b-pot.csv,50417.0,"['142D', '19I', '213G', '24S', '25del', '26del', '27del', '339D', '371F', '373P', '375F', '376A', '405N', '408S', '417N', '440K', '477N', '478K', '484A', '493R', '498R', '501Y', '505H', '614G', '655Y', '679K', '681H', '69del', '70del', '764K', '796Y', '954H', '969K']","('Yamasoba22b', 'Casirivimab', 'BA.2 Spike:69del+70del', 50417.0)"
Yamasoba22b,Casirivimab,BA.2 Spike:F486V,Table,Pseudovirus (HIV),IC50,50417.0,1.0,50417.0,1.0,ng/ml,2021-05-04,yamasoba22b-pot.csv,50417.0,"['142D', '19I', '213G', '24S', '25del', '26del', '27del', '339D', '371F', '373P', '375F', '376A', '405N', '408S', '417N', '440K', '477N', '478K', '484A', '486V', '493R', '498R', '501Y', '505H', '614G', '655Y', '679K', '681H', '764K', '796Y', '954H', '969K']","('Yamasoba22b', 'Casirivimab', 'BA.2 Spike:F486V', 50417.0)"
Yamasoba22b,Casirivimab,BA.2 Spike:R493Q,Table,Pseudovirus (HIV),IC50,3697.0,1.0,50417.0,1.0,ng/ml,2021-05-04,yamasoba22b-pot.csv,3697.0,"['142D', '19I', '213G', '24S', '25del', '26del', '27del', '339D', '371F', '373P', '375F', '376A', '405N', '408S', '417N', '440K', '477N', '478K', '484A', '493Q', '498R', '501Y', '505H', '614G', '655Y', '679K', '681H', '764K', '796Y', '954H', '969K']","('Yamasoba22b', 'Casirivimab', 'BA.2 Spike:R493Q', 3697.0)"
Yamasoba22b,Imdevimab,S:614G,Table,Pseudovirus (HIV),IC50,79.0,1.0,50000.0,1.0,ng/ml,2021-05-04,yamasoba22b-pot.csv,79.0,['614G'],"('Yamasoba22b', 'Imdevimab', 'S:614G', 79.0)"
Yamasoba22b,Imdevimab,BA.2 Spike,Table,Pseudovirus (HIV),IC50,50000.0,1.0,50000.0,1.0,ng/ml,2021-05-04,yamasoba22b-pot.csv,50000.0,"['142D', '19I', '213G', '24S', '25del', '26del', '27del', '339D', '371F', '373P', '375F', '376A', '405N', '408S', '417N', '440K', '477N', '478K', '484A', '493R', '498R', '501Y', '505H', '614G', '655Y', '679K', '681H', '764K', '796Y', '954H', '969K']","('Yamasoba22b', 'Imdevimab', 'BA.2 Spike', 50000.0)"
Yamasoba22b,Imdevimab,BA.2.11 Spike,Table,Pseudovirus (HIV),IC50,50000.0,1.0,50000.0,1.0,ng/ml,2021-05-04,yamasoba22b-pot.csv,50000.0,"['142D', '19I', '213G', '24S', '25del', '26del', '27del', '339D', '371F', '373P', '375F', '376A', '405N', '408S', '417N', '440K', '452R', '477N', '478K', '484A', '493R', '498R', '501Y', '505H', '614G', '655Y', '679K', '681H', '764K', '796Y', '954H', '969K']","('Yamasoba22b', 'Imdevimab', 'BA.2.11 Spike', 50000.0)"
Yamasoba22b,Imdevimab,BA.2.12.1 Spike,Table,Pseudovirus (HIV),IC50,50000.0,1.0,50000.0,1.0,ng/ml,2021-05-04,yamasoba22b-pot.csv,50000.0,"['142D', '19I', '213G', '24S', '25del', '26del', '27del', '339D', '371F', '373P', '375F', '376A', '405N', '408S', '417N', '440K', '452Q', '477N', '478K', '484A', '493R', '498R', '501Y', '505H', '614G', '655Y', '679K', '681H', '704L', '764K', '796Y', '954H', '969K']","('Yamasoba22b', 'Imdevimab', 'BA.2.12.1 Spike', 50000.0)"
Yamasoba22b,Imdevimab,BA.4/5 Spike,Table,Pseudovirus (HIV),IC50,50000.0,1.0,50000.0,1.0,ng/ml,2021-05-04,yamasoba22b-pot.csv,50000.0,"['142D', '19I', '213G', '24S', '25del', '26del', '27del', '339D', '371F', '373P', '375F', '376A', '405N', '408S', '417N', '440K', '452R', '477N', '478K', '484A', '486V', '498R', '501Y', '505H', '614G', '655Y', '679K', '681H', '69del', '70del', '764K', '796Y', '954H', '969K']","('Yamasoba22b', 'Imdevimab', 'BA.4/5 Spike', 50000.0)"
Yamasoba22b,Imdevimab,BA.2 Spike:L452Q,Table,Pseudovirus (HIV),IC50,50000.0,1.0,50000.0,1.0,ng/ml,2021-05-04,yamasoba22b-pot.csv,50000.0,"['142D', '19I', '213G', '24S', '25del', '26del', '27del', '339D', '371F', '373P', '375F', '376A', '405N', '408S', '417N', '440K', '452Q', '477N', '478K', '484A', '493R', '498R', '501Y', '505H', '614G', '655Y', '679K', '681H', '764K', '796Y', '954H', '969K']","('Yamasoba22b', 'Imdevimab', 'BA.2 Spike:L452Q', 50000.0)"
Yamasoba22b,Imdevimab,BA.2 Spike:S704L,Table,Pseudovirus (HIV),IC50,50000.0,1.0,50000.0,1.0,ng/ml,2021-05-04,yamasoba22b-pot.csv,50000.0,"['142D', '19I', '213G', '24S', '25del', '26del', '27del', '339D', '371F', '373P', '375F', '376A', '405N', '408S', '417N', '440K', '477N', '478K', '484A', '493R', '498R', '501Y', '505H', '614G', '655Y', '679K', '681H', '704L', '764K', '796Y', '954H', '969K']","('Yamasoba22b', 'Imdevimab', 'BA.2 Spike:S704L', 50000.0)"
Yamasoba22b,Imdevimab,BA.2 Spike:69del+70del,Table,Pseudovirus (HIV),IC50,50000.0,1.0,50000.0,1.0,ng/ml,2021-05-04,yamasoba22b-pot.csv,50000.0,"['142D', '19I', '213G', '24S', '25del', '26del', '27del', '339D', '371F', '373P', '375F', '376A', '405N', '408S', '417N', '440K', '477N', '478K', '484A', '493R', '498R', '501Y', '505H', '614G', '655Y', '679K', '681H', '69del', '70del', '764K', '796Y', '954H', '969K']","('Yamasoba22b', 'Imdevimab', 'BA.2 Spike:69del+70del', 50000.0)"
Yamasoba22b,Imdevimab,BA.2 Spike:F486V,Table,Pseudovirus (HIV),IC50,50000.0,1.0,50000.0,1.0,ng/ml,2021-05-04,yamasoba22b-pot.csv,50000.0,"['142D', '19I', '213G', '24S', '25del', '26del', '27del', '339D', '371F', '373P', '375F', '376A', '405N', '408S', '417N', '440K', '477N', '478K', '484A', '486V', '493R', '498R', '501Y', '505H', '614G', '655Y', '679K', '681H', '764K', '796Y', '954H', '969K']","('Yamasoba22b', 'Imdevimab', 'BA.2 Spike:F486V', 50000.0)"
Yamasoba22b,Imdevimab,BA.2 Spike:R493Q,Table,Pseudovirus (HIV),IC50,50000.0,1.0,50000.0,1.0,ng/ml,2021-05-04,yamasoba22b-pot.csv,50000.0,"['142D', '19I', '213G', '24S', '25del', '26del', '27del', '339D', '371F', '373P', '375F', '376A', '405N', '408S', '417N', '440K', '477N', '478K', '484A', '493Q', '498R', '501Y', '505H', '614G', '655Y', '679K', '681H', '764K', '796Y', '954H', '969K']","('Yamasoba22b', 'Imdevimab', 'BA.2 Spike:R493Q', 50000.0)"
Yamasoba22c,Casirivimab,S:614G,Table 1,Pseudovirus,IC50,3.4,1.0,5042.0,1.0,ng/ml,2022-07-19,yamasoba22c-pot.csv,3.4,['614G'],"('Yamasoba22c', 'Casirivimab', 'S:614G', 3.4)"
Yamasoba22c,Imdevimab,S:614G,Table 1,Pseudovirus,IC50,8.0,1.0,5000.0,1.0,ng/ml,2022-07-19,yamasoba22c-pot.csv,8.0,['614G'],"('Yamasoba22c', 'Imdevimab', 'S:614G', 8.0)"
Yamasoba22c,Casirivimab,BA.2 Spike,Table 1,Pseudovirus,IC50,5042.0,1.0,5042.0,1.0,ng/ml,2022-07-19,yamasoba22c-pot.csv,5042.0,"['142D', '19I', '213G', '24S', '25del', '26del', '27del', '339D', '371F', '373P', '375F', '376A', '405N', '408S', '417N', '440K', '477N', '478K', '484A', '493R', '498R', '501Y', '505H', '614G', '655Y', '679K', '681H', '764K', '796Y', '954H', '969K']","('Yamasoba22c', 'Casirivimab', 'BA.2 Spike', 5042.0)"
Yamasoba22c,Imdevimab,BA.2 Spike,Table 1,Pseudovirus,IC50,5000.0,1.0,5000.0,1.0,ng/ml,2022-07-19,yamasoba22c-pot.csv,5000.0,"['142D', '19I', '213G', '24S', '25del', '26del', '27del', '339D', '371F', '373P', '375F', '376A', '405N', '408S', '417N', '440K', '477N', '478K', '484A', '493R', '498R', '501Y', '505H', '614G', '655Y', '679K', '681H', '764K', '796Y', '954H', '969K']","('Yamasoba22c', 'Imdevimab', 'BA.2 Spike', 5000.0)"
Yamasoba22c,Casirivimab,BA.4/5 Spike,Table 1,Pseudovirus,IC50,5042.0,1.0,5042.0,1.0,ng/ml,2022-07-19,yamasoba22c-pot.csv,5042.0,"['142D', '19I', '213G', '24S', '25del', '26del', '27del', '339D', '371F', '373P', '375F', '376A', '405N', '408S', '417N', '440K', '452R', '477N', '478K', '484A', '486V', '498R', '501Y', '505H', '614G', '655Y', '679K', '681H', '69del', '70del', '764K', '796Y', '954H', '969K']","('Yamasoba22c', 'Casirivimab', 'BA.4/5 Spike', 5042.0)"
Yamasoba22c,Imdevimab,BA.4/5 Spike,Table 1,Pseudovirus,IC50,5000.0,1.0,5000.0,1.0,ng/ml,2022-07-19,yamasoba22c-pot.csv,5000.0,"['142D', '19I', '213G', '24S', '25del', '26del', '27del', '339D', '371F', '373P', '375F', '376A', '405N', '408S', '417N', '440K', '452R', '477N', '478K', '484A', '486V', '498R', '501Y', '505H', '614G', '655Y', '679K', '681H', '69del', '70del', '764K', '796Y', '954H', '969K']","('Yamasoba22c', 'Imdevimab', 'BA.4/5 Spike', 5000.0)"
Yamasoba22c,Casirivimab,BA.2.75 Spike,Table 1,Pseudovirus,IC50,2303.0,1.0,5042.0,1.0,ng/ml,2022-07-19,yamasoba22c-pot.csv,2303.0,"['142D', '147E', '152R', '157L', '19I', '210V', '213G', '24S', '257S', '25del', '26del', '27del', '339H', '371F', '373P', '375F', '376A', '405N', '408S', '417N', '440K', '446S', '460K', '477N', '478K', '484A', '498R', '501Y', '505H', '614G', '655Y', '679K', '681H', '764K', '796Y', '954H', '969K']","('Yamasoba22c', 'Casirivimab', 'BA.2.75 Spike', 2303.0)"
Yamasoba22c,Imdevimab,BA.2.75 Spike,Table 1,Pseudovirus,IC50,5000.0,1.0,5000.0,1.0,ng/ml,2022-07-19,yamasoba22c-pot.csv,5000.0,"['142D', '147E', '152R', '157L', '19I', '210V', '213G', '24S', '257S', '25del', '26del', '27del', '339H', '371F', '373P', '375F', '376A', '405N', '408S', '417N', '440K', '446S', '460K', '477N', '478K', '484A', '498R', '501Y', '505H', '614G', '655Y', '679K', '681H', '764K', '796Y', '954H', '969K']","('Yamasoba22c', 'Imdevimab', 'BA.2.75 Spike', 5000.0)"
Yamasoba23,Casirivimab,S:614G,Table S1,Pseudovirus (lentivirus),IC50,12.0,1.0,5042.0,1.0,ng/ml,2023-04-16,yamasoba23-pot.csv,12.0,['614G'],"('Yamasoba23', 'Casirivimab', 'S:614G', 12.0)"
Yamasoba23,Imdevimab,S:614G,Table S1,Pseudovirus (lentivirus),IC50,35.0,1.0,5000.0,1.0,ng/ml,2023-04-16,yamasoba23-pot.csv,35.0,['614G'],"('Yamasoba23', 'Imdevimab', 'S:614G', 35.0)"
Yamasoba23,Casirivimab,BA.2 Spike,Table S1,Pseudovirus (lentivirus),IC50,5042.0,1.0,5042.0,1.0,ng/ml,2023-04-16,yamasoba23-pot.csv,5042.0,"['142D', '19I', '213G', '24S', '25del', '26del', '27del', '339D', '371F', '373P', '375F', '376A', '405N', '408S', '417N', '440K', '477N', '478K', '484A', '493R', '498R', '501Y', '505H', '614G', '655Y', '679K', '681H', '764K', '796Y', '954H', '969K']","('Yamasoba23', 'Casirivimab', 'BA.2 Spike', 5042.0)"
Yamasoba23,Imdevimab,BA.2 Spike,Table S1,Pseudovirus (lentivirus),IC50,5000.0,1.0,5000.0,1.0,ng/ml,2023-04-16,yamasoba23-pot.csv,5000.0,"['142D', '19I', '213G', '24S', '25del', '26del', '27del', '339D', '371F', '373P', '375F', '376A', '405N', '408S', '417N', '440K', '477N', '478K', '484A', '493R', '498R', '501Y', '505H', '614G', '655Y', '679K', '681H', '764K', '796Y', '954H', '969K']","('Yamasoba23', 'Imdevimab', 'BA.2 Spike', 5000.0)"
Yamasoba23,Casirivimab,BA.4/5 Spike,Table S1,Pseudovirus (lentivirus),IC50,5042.0,1.0,5042.0,1.0,ng/ml,2023-04-16,yamasoba23-pot.csv,5042.0,"['142D', '19I', '213G', '24S', '25del', '26del', '27del', '339D', '371F', '373P', '375F', '376A', '405N', '408S', '417N', '440K', '452R', '477N', '478K', '484A', '486V', '498R', '501Y', '505H', '614G', '655Y', '679K', '681H', '69del', '70del', '764K', '796Y', '954H', '969K']","('Yamasoba23', 'Casirivimab', 'BA.4/5 Spike', 5042.0)"
Yamasoba23,Imdevimab,BA.4/5 Spike,Table S1,Pseudovirus (lentivirus),IC50,5000.0,1.0,5000.0,1.0,ng/ml,2023-04-16,yamasoba23-pot.csv,5000.0,"['142D', '19I', '213G', '24S', '25del', '26del', '27del', '339D', '371F', '373P', '375F', '376A', '405N', '408S', '417N', '440K', '452R', '477N', '478K', '484A', '486V', '498R', '501Y', '505H', '614G', '655Y', '679K', '681H', '69del', '70del', '764K', '796Y', '954H', '969K']","('Yamasoba23', 'Imdevimab', 'BA.4/5 Spike', 5000.0)"
Yamasoba23,Casirivimab,XBB.1 Spike,Table S1,Pseudovirus (lentivirus),IC50,5042.0,1.0,5042.0,1.0,ng/ml,2023-04-16,yamasoba23-pot.csv,5042.0,"['142D', '144del', '146Q', '183E', '19I', '213E', '24S', '252V', '25del', '26del', '27del', '339H', '346T', '368I', '371F', '373P', '375F', '376A', '405N', '408S', '417N', '440K', '445P', '446S', '460K', '477N', '478K', '484A', '486S', '490S', '498R', '501Y', '505H', '614G', '655Y', '679K', '681H', '764K', '796Y', '83A', '954H', '969K']","('Yamasoba23', 'Casirivimab', 'XBB.1 Spike', 5042.0)"
Yamasoba23,Imdevimab,XBB.1 Spike,Table S1,Pseudovirus (lentivirus),IC50,5000.0,1.0,5000.0,1.0,ng/ml,2023-04-16,yamasoba23-pot.csv,5000.0,"['142D', '144del', '146Q', '183E', '19I', '213E', '24S', '252V', '25del', '26del', '27del', '339H', '346T', '368I', '371F', '373P', '375F', '376A', '405N', '408S', '417N', '440K', '445P', '446S', '460K', '477N', '478K', '484A', '486S', '490S', '498R', '501Y', '505H', '614G', '655Y', '679K', '681H', '764K', '796Y', '83A', '954H', '969K']","('Yamasoba23', 'Imdevimab', 'XBB.1 Spike', 5000.0)"
Yamasoba23,Casirivimab,XBB.1.5 Spike,Table S1,Pseudovirus (lentivirus),IC50,5042.0,1.0,5042.0,1.0,ng/ml,2023-04-16,yamasoba23-pot.csv,5042.0,"['142D', '144del', '146Q', '183E', '19I', '213E', '24S', '252V', '25del', '26del', '27del', '339H', '346T', '368I', '371F', '373P', '375F', '376A', '405N', '408S', '417N', '440K', '445P', '446S', '460K', '477N', '478K', '484A', '486P', '490S', '498R', '501Y', '505H', '614G', '655Y', '679K', '681H', '764K', '796Y', '83A', '954H', '969K']","('Yamasoba23', 'Casirivimab', 'XBB.1.5 Spike', 5042.0)"
Yamasoba23,Imdevimab,XBB.1.5 Spike,Table S1,Pseudovirus (lentivirus),IC50,5000.0,1.0,5000.0,1.0,ng/ml,2023-04-16,yamasoba23-pot.csv,5000.0,"['142D', '144del', '146Q', '183E', '19I', '213E', '24S', '252V', '25del', '26del', '27del', '339H', '346T', '368I', '371F', '373P', '375F', '376A', '405N', '408S', '417N', '440K', '445P', '446S', '460K', '477N', '478K', '484A', '486P', '490S', '498R', '501Y', '505H', '614G', '655Y', '679K', '681H', '764K', '796Y', '83A', '954H', '969K']","('Yamasoba23', 'Imdevimab', 'XBB.1.5 Spike', 5000.0)"
Yamasoba23,Casirivimab,XBB.1.5 Spike:E180V,Table S1,Pseudovirus (lentivirus),IC50,5042.0,1.0,5042.0,1.0,ng/ml,2023-04-16,yamasoba23-pot.csv,5042.0,"['142D', '144del', '146Q', '180V', '183E', '19I', '213E', '24S', '252V', '25del', '26del', '27del', '339H', '346T', '368I', '371F', '373P', '375F', '376A', '405N', '408S', '417N', '440K', '445P', '446S', '460K', '477N', '478K', '484A', '486P', '490S', '498R', '501Y', '505H', '614G', '655Y', '679K', '681H', '764K', '796Y', '83A', '954H', '969K']","('Yamasoba23', 'Casirivimab', 'XBB.1.5 Spike:E180V', 5042.0)"
Yamasoba23,Imdevimab,XBB.1.5 Spike:E180V,Table S1,Pseudovirus (lentivirus),IC50,5000.0,1.0,5000.0,1.0,ng/ml,2023-04-16,yamasoba23-pot.csv,5000.0,"['142D', '144del', '146Q', '180V', '183E', '19I', '213E', '24S', '252V', '25del', '26del', '27del', '339H', '346T', '368I', '371F', '373P', '375F', '376A', '405N', '408S', '417N', '440K', '445P', '446S', '460K', '477N', '478K', '484A', '486P', '490S', '498R', '501Y', '505H', '614G', '655Y', '679K', '681H', '764K', '796Y', '83A', '954H', '969K']","('Yamasoba23', 'Imdevimab', 'XBB.1.5 Spike:E180V', 5000.0)"
Yamasoba23,Casirivimab,XBB.1.5 Spike:T478R,Table S1,Pseudovirus (lentivirus),IC50,5042.0,1.0,5042.0,1.0,ng/ml,2023-04-16,yamasoba23-pot.csv,5042.0,"['142D', '144del', '146Q', '183E', '19I', '213E', '24S', '252V', '25del', '26del', '27del', '339H', '346T', '368I', '371F', '373P', '375F', '376A', '405N', '408S', '417N', '440K', '445P', '446S', '460K', '477N', '478R', '484A', '486P', '490S', '498R', '501Y', '505H', '614G', '655Y', '679K', '681H', '764K', '796Y', '83A', '954H', '969K']","('Yamasoba23', 'Casirivimab', 'XBB.1.5 Spike:T478R', 5042.0)"
Yamasoba23,Imdevimab,XBB.1.5 Spike:T478R,Table S1,Pseudovirus (lentivirus),IC50,5000.0,1.0,5000.0,1.0,ng/ml,2023-04-16,yamasoba23-pot.csv,5000.0,"['142D', '144del', '146Q', '183E', '19I', '213E', '24S', '252V', '25del', '26del', '27del', '339H', '346T', '368I', '371F', '373P', '375F', '376A', '405N', '408S', '417N', '440K', '445P', '446S', '460K', '477N', '478R', '484A', '486P', '490S', '498R', '501Y', '505H', '614G', '655Y', '679K', '681H', '764K', '796Y', '83A', '954H', '969K']","('Yamasoba23', 'Imdevimab', 'XBB.1.5 Spike:T478R', 5000.0)"
Yamasoba23,Casirivimab,XBB.1.16 Spike,Table S1,Pseudovirus (lentivirus),IC50,5042.0,1.0,5042.0,1.0,ng/ml,2023-04-16,yamasoba23-pot.csv,5042.0,"['142D', '144del', '146Q', '180V', '183E', '19I', '213E', '24S', '252V', '25del', '26del', '27del', '339H', '346T', '368I', '371F', '373P', '375F', '376A', '405N', '408S', '417N', '440K', '445P', '446S', '460K', '477N', '478R', '484A', '486P', '490S', '498R', '501Y', '505H', '614G', '655Y', '679K', '681H', '764K', '796Y', '83A', '954H', '969K']","('Yamasoba23', 'Casirivimab', 'XBB.1.16 Spike', 5042.0)"
Yamasoba23,Imdevimab,XBB.1.16 Spike,Table S1,Pseudovirus (lentivirus),IC50,5000.0,1.0,5000.0,1.0,ng/ml,2023-04-16,yamasoba23-pot.csv,5000.0,"['142D', '144del', '146Q', '180V', '183E', '19I', '213E', '24S', '252V', '25del', '26del', '27del', '339H', '346T', '368I', '371F', '373P', '375F', '376A', '405N', '408S', '417N', '440K', '445P', '446S', '460K', '477N', '478R', '484A', '486P', '490S', '498R', '501Y', '505H', '614G', '655Y', '679K', '681H', '764K', '796Y', '83A', '954H', '969K']","('Yamasoba23', 'Imdevimab', 'XBB.1.16 Spike', 5000.0)"
Yao21,Casirivimab,S:69del+70del+501Y,Figure 5,Pseudovirus (MLV),IC50,12.1,1.0,4000.0,5.0,ng/ml,2021-09-28,yao21-pot.csv,12.1,"['501Y', '69del', '70del']","('Yao21', 'Casirivimab', 'S:69del+70del+501Y', 12.1)"
Yao21,Imdevimab,S:69del+70del+501Y,Figure 5,Pseudovirus (MLV),IC50,14.8,1.0,4000.0,5.0,ng/ml,2021-09-28,yao21-pot.csv,14.8,"['501Y', '69del', '70del']","('Yao21', 'Imdevimab', 'S:69del+70del+501Y', 14.8)"
Yao21,Casirivimab,S:417T+484K+501Y,Figure 5,Pseudovirus (MLV),IC50,4069.3,1.0,4000.0,5.0,ng/ml,2021-09-28,yao21-pot.csv,4000.0,"['417T', '484K', '501Y']","('Yao21', 'Casirivimab', 'S:417T+484K+501Y', 4000.0)"
Yao21,Imdevimab,S:417T+484K+501Y,Figure 5,Pseudovirus (MLV),IC50,5.0,1.0,4000.0,5.0,ng/ml,2021-09-28,yao21-pot.csv,5.0,"['417T', '484K', '501Y']","('Yao21', 'Imdevimab', 'S:417T+484K+501Y', 5.0)"
Yao21,Casirivimab,S:614G,Figure 5,Pseudovirus (MLV),IC50,6.1,1.0,4000.0,5.0,ng/ml,2021-09-28,yao21-pot.csv,6.1,['614G'],"('Yao21', 'Casirivimab', 'S:614G', 6.1)"
Yao21,Imdevimab,S:614G,Figure 5,Pseudovirus (MLV),IC50,6.1,1.0,4000.0,5.0,ng/ml,2021-09-28,yao21-pot.csv,6.1,['614G'],"('Yao21', 'Imdevimab', 'S:614G', 6.1)"
Yao21,Casirivimab,S:69del+70del+144del+501Y+570D+614G+716I+982A+1118H,Figure 5,Pseudovirus (MLV),IC50,5.0,1.0,4000.0,5.0,ng/ml,2021-09-28,yao21-pot.csv,5.0,"['1118H', '144del', '501Y', '570D', '614G', '69del', '70del', '716I', '982A']","('Yao21', 'Casirivimab', 'S:69del+70del+144del+501Y+570D+614G+716I+982A+1118H', 5.0)"
Yao21,Imdevimab,S:69del+70del+144del+501Y+570D+614G+716I+982A+1118H,Figure 5,Pseudovirus (MLV),IC50,5.0,1.0,4000.0,5.0,ng/ml,2021-09-28,yao21-pot.csv,5.0,"['1118H', '144del', '501Y', '570D', '614G', '69del', '70del', '716I', '982A']","('Yao21', 'Imdevimab', 'S:69del+70del+144del+501Y+570D+614G+716I+982A+1118H', 5.0)"
Yao21,Casirivimab,S:18F+20N+26S+138Y+190S+417T+484K+501Y+614G+655Y+1027I+1176F,Figure 5,Pseudovirus (MLV),IC50,4000.0,1.0,4000.0,5.0,ng/ml,2021-09-28,yao21-pot.csv,4000.0,"['1027I', '1176F', '138Y', '18F', '190S', '20N', '26S', '417T', '484K', '501Y', '614G', '655Y']","('Yao21', 'Casirivimab', 'S:18F+20N+26S+138Y+190S+417T+484K+501Y+614G+655Y+1027I+1176F', 4000.0)"
Yao21,Imdevimab,S:18F+20N+26S+138Y+190S+417T+484K+501Y+614G+655Y+1027I+1176F,Figure 5,Pseudovirus (MLV),IC50,5.0,1.0,4000.0,5.0,ng/ml,2021-09-28,yao21-pot.csv,5.0,"['1027I', '1176F', '138Y', '18F', '190S', '20N', '26S', '417T', '484K', '501Y', '614G', '655Y']","('Yao21', 'Imdevimab', 'S:18F+20N+26S+138Y+190S+417T+484K+501Y+614G+655Y+1027I+1176F', 5.0)"
Yao21,Casirivimab,S:453F,Figure 5,Pseudovirus (MLV),IC50,4000.0,1.0,4000.0,5.0,ng/ml,2021-09-28,yao21-pot.csv,4000.0,['453F'],"('Yao21', 'Casirivimab', 'S:453F', 4000.0)"
Yao21,Imdevimab,S:453F,Figure 5,Pseudovirus (MLV),IC50,8.6,1.0,4000.0,5.0,ng/ml,2021-09-28,yao21-pot.csv,8.6,['453F'],"('Yao21', 'Imdevimab', 'S:453F', 8.6)"
Yao21,Casirivimab,S:417N+484K+501Y,Figure 5,Pseudovirus (MLV),IC50,4000.0,1.0,4000.0,5.0,ng/ml,2021-09-28,yao21-pot.csv,4000.0,"['417N', '484K', '501Y']","('Yao21', 'Casirivimab', 'S:417N+484K+501Y', 4000.0)"
Yao21,Imdevimab,S:417N+484K+501Y,Figure 5,Pseudovirus (MLV),IC50,5.0,1.0,4000.0,5.0,ng/ml,2021-09-28,yao21-pot.csv,5.0,"['417N', '484K', '501Y']","('Yao21', 'Imdevimab', 'S:417N+484K+501Y', 5.0)"
Yao21,Casirivimab,S:95I+142D+154K+452R+484Q+614G+1071H,Figure 5,Pseudovirus (MLV),IC50,95.7,1.0,4000.0,5.0,ng/ml,2021-09-28,yao21-pot.csv,95.7,"['1071H', '142D', '154K', '452R', '484Q', '614G', '95I']","('Yao21', 'Casirivimab', 'S:95I+142D+154K+452R+484Q+614G+1071H', 95.7)"
Yao21,Imdevimab,S:95I+142D+154K+452R+484Q+614G+1071H,Figure 5,Pseudovirus (MLV),IC50,14.2,1.0,4000.0,5.0,ng/ml,2021-09-28,yao21-pot.csv,14.2,"['1071H', '142D', '154K', '452R', '484Q', '614G', '95I']","('Yao21', 'Imdevimab', 'S:95I+142D+154K+452R+484Q+614G+1071H', 14.2)"
Yao21,Casirivimab,S:453F+486L+501T,Figure 5,Pseudovirus (MLV),IC50,4000.0,1.0,4000.0,5.0,ng/ml,2021-09-28,yao21-pot.csv,4000.0,"['453F', '486L', '501T']","('Yao21', 'Casirivimab', 'S:453F+486L+501T', 4000.0)"
Yao21,Imdevimab,S:453F+486L+501T,Figure 5,Pseudovirus (MLV),IC50,12.1,1.0,4000.0,5.0,ng/ml,2021-09-28,yao21-pot.csv,12.1,"['453F', '486L', '501T']","('Yao21', 'Imdevimab', 'S:453F+486L+501T', 12.1)"
Yao21,Casirivimab,S:18F+80A+215G+242del+243del+244del+246I+417N+484K+501Y+614G+701V,Figure 5,Pseudovirus (MLV),IC50,2142.8,1.0,4000.0,5.0,ng/ml,2021-09-28,yao21-pot.csv,2142.8,"['18F', '215G', '242del', '243del', '244del', '246I', '417N', '484K', '501Y', '614G', '701V', '80A']","('Yao21', 'Casirivimab', 'S:18F+80A+215G+242del+243del+244del+246I+417N+484K+501Y+614G+701V', 2142.8)"
Yao21,Imdevimab,S:18F+80A+215G+242del+243del+244del+246I+417N+484K+501Y+614G+701V,Figure 5,Pseudovirus (MLV),IC50,5.0,1.0,4000.0,5.0,ng/ml,2021-09-28,yao21-pot.csv,5.0,"['18F', '215G', '242del', '243del', '244del', '246I', '417N', '484K', '501Y', '614G', '701V', '80A']","('Yao21', 'Imdevimab', 'S:18F+80A+215G+242del+243del+244del+246I+417N+484K+501Y+614G+701V', 5.0)"
Yao21,Casirivimab,S:19R+142D+156del+157del+158G+452R+478K+614G+950N,Figure 5,Pseudovirus (MLV),IC50,5.0,1.0,4000.0,5.0,ng/ml,2021-09-28,yao21-pot.csv,5.0,"['142D', '156del', '157del', '158G', '19R', '452R', '478K', '614G', '950N']","('Yao21', 'Casirivimab', 'S:19R+142D+156del+157del+158G+452R+478K+614G+950N', 5.0)"
Yao21,Imdevimab,S:19R+142D+156del+157del+158G+452R+478K+614G+950N,Figure 5,Pseudovirus (MLV),IC50,30.8,1.0,4000.0,5.0,ng/ml,2021-09-28,yao21-pot.csv,30.8,"['142D', '156del', '157del', '158G', '19R', '452R', '478K', '614G', '950N']","('Yao21', 'Imdevimab', 'S:19R+142D+156del+157del+158G+452R+478K+614G+950N', 30.8)"
Yuan21,Casirivimab,S:417N,"Figure 1C, Table S3",Pseudovirus (MLV),IC50,43.0,1.0,10000.0,,ng/ml,2021-07-04,yuan21-pot.csv,43.0,['417N'],"('Yuan21', 'Casirivimab', 'S:417N', 43.0)"
Yuan21,Imdevimab,S:417N,"Figure 1C, Table S3",Pseudovirus (MLV),IC50,3.0,1.0,10000.0,,ng/ml,2021-07-04,yuan21-pot.csv,3.0,['417N'],"('Yuan21', 'Imdevimab', 'S:417N', 3.0)"
Yuan21,Casirivimab,S:484K,"Figure 1C, Table S3",Pseudovirus (MLV),IC50,55.0,1.0,10000.0,,ng/ml,2021-07-04,yuan21-pot.csv,55.0,['484K'],"('Yuan21', 'Casirivimab', 'S:484K', 55.0)"
Yuan21,Imdevimab,S:484K,"Figure 1C, Table S3",Pseudovirus (MLV),IC50,13.0,1.0,10000.0,,ng/ml,2021-07-04,yuan21-pot.csv,13.0,['484K'],"('Yuan21', 'Imdevimab', 'S:484K', 13.0)"
Yuan22,Casirivimab,B.1.1.7 Spike,Figure 2A,Pseudovirus (MLV),IC50,5.0,1.0,5000.0,1.0,ng/ml,2022-03-17,yuan22-pot.csv,5.0,"['1118H', '144del', '501Y', '570D', '614G', '681H', '69del', '70del', '716I', '982A']","('Yuan22', 'Casirivimab', 'B.1.1.7 Spike', 5.0)"
Yuan22,Imdevimab,B.1.1.7 Spike,Figure 2A,Pseudovirus (MLV),IC50,5.0,1.0,5000.0,1.0,ng/ml,2022-03-17,yuan22-pot.csv,5.0,"['1118H', '144del', '501Y', '570D', '614G', '681H', '69del', '70del', '716I', '982A']","('Yuan22', 'Imdevimab', 'B.1.1.7 Spike', 5.0)"
Yuan22,Casirivimab,B.1.351 Spike,Figure 2A,Pseudovirus (MLV),IC50,295.0,1.0,5000.0,1.0,ng/ml,2022-03-17,yuan22-pot.csv,295.0,"['18F', '215G', '242del', '243del', '244del', '246I', '417N', '484K', '501Y', '614G', '701V', '80A']","('Yuan22', 'Casirivimab', 'B.1.351 Spike', 295.0)"
Yuan22,Imdevimab,B.1.351 Spike,Figure 2A,Pseudovirus (MLV),IC50,13.0,1.0,5000.0,1.0,ng/ml,2022-03-17,yuan22-pot.csv,13.0,"['18F', '215G', '242del', '243del', '244del', '246I', '417N', '484K', '501Y', '614G', '701V', '80A']","('Yuan22', 'Imdevimab', 'B.1.351 Spike', 13.0)"
Yuan22,Casirivimab,P.1 Spike,Figure 2A,Pseudovirus (MLV),IC50,231.0,1.0,5000.0,1.0,ng/ml,2022-03-17,yuan22-pot.csv,231.0,"['1027I', '1176F', '138Y', '18F', '190S', '20N', '26S', '417T', '484K', '501Y', '614G', '655Y']","('Yuan22', 'Casirivimab', 'P.1 Spike', 231.0)"
Yuan22,Imdevimab,P.1 Spike,Figure 2A,Pseudovirus (MLV),IC50,10.0,1.0,5000.0,1.0,ng/ml,2022-03-17,yuan22-pot.csv,10.0,"['1027I', '1176F', '138Y', '18F', '190S', '20N', '26S', '417T', '484K', '501Y', '614G', '655Y']","('Yuan22', 'Imdevimab', 'P.1 Spike', 10.0)"
Yuan22,Casirivimab,B.1.617.2 Spike,Figure 2A,Pseudovirus (MLV),IC50,7.0,1.0,5000.0,1.0,ng/ml,2022-03-17,yuan22-pot.csv,7.0,"['156G', '157del', '158del', '19R', '452R', '478K', '614G', '681R', '950N']","('Yuan22', 'Casirivimab', 'B.1.617.2 Spike', 7.0)"
Yuan22,Imdevimab,B.1.617.2 Spike,Figure 2A,Pseudovirus (MLV),IC50,174.0,1.0,5000.0,1.0,ng/ml,2022-03-17,yuan22-pot.csv,174.0,"['156G', '157del', '158del', '19R', '452R', '478K', '614G', '681R', '950N']","('Yuan22', 'Imdevimab', 'B.1.617.2 Spike', 174.0)"
Yuan22,Casirivimab,B.1.621 Spike,Figure 2A,Pseudovirus (MLV),IC50,19.0,1.0,5000.0,1.0,ng/ml,2022-03-17,yuan22-pot.csv,19.0,"['144S', '145N', '346K', '484K', '501Y', '614G', '681H', '950N', '95I']","('Yuan22', 'Casirivimab', 'B.1.621 Spike', 19.0)"
Yuan22,Imdevimab,B.1.621 Spike,Figure 2A,Pseudovirus (MLV),IC50,37.0,1.0,5000.0,1.0,ng/ml,2022-03-17,yuan22-pot.csv,37.0,"['144S', '145N', '346K', '484K', '501Y', '614G', '681H', '950N', '95I']","('Yuan22', 'Imdevimab', 'B.1.621 Spike', 37.0)"
Yuan22,Casirivimab,BA.1 Spike,Figure 2A,Pseudovirus (MLV),IC50,5000.0,1.0,5000.0,1.0,ng/ml,2022-03-17,yuan22-pot.csv,5000.0,"['142D', '143del', '144del', '145del', '211I', '212del', '339D', '371L', '373P', '375F', '417N', '440K', '446S', '477N', '478K', '484A', '493R', '496S', '498R', '501Y', '505H', '547K', '614G', '655Y', '679K', '67V', '681H', '69del', '70del', '764K', '796Y', '856K', '954H', '95I', '969K', '981F']","('Yuan22', 'Casirivimab', 'BA.1 Spike', 5000.0)"
Yuan22,Imdevimab,BA.1 Spike,Figure 2A,Pseudovirus (MLV),IC50,5000.0,1.0,5000.0,1.0,ng/ml,2022-03-17,yuan22-pot.csv,5000.0,"['142D', '143del', '144del', '145del', '211I', '212del', '339D', '371L', '373P', '375F', '417N', '440K', '446S', '477N', '478K', '484A', '493R', '496S', '498R', '501Y', '505H', '547K', '614G', '655Y', '679K', '67V', '681H', '69del', '70del', '764K', '796Y', '856K', '954H', '95I', '969K', '981F']","('Yuan22', 'Imdevimab', 'BA.1 Spike', 5000.0)"
Yuan22,Casirivimab,SARS-CoV Spike,Figure 2A,Pseudovirus (MLV),IC50,5000.0,1.0,5000.0,1.0,ng/ml,2022-03-17,yuan22-pot.csv,5000.0,"['100V', '101V', '1055A', '105V', '1070S', '1073R', '1084E', '1088Y', '108S', '1097F', '1101S', '1104I', '110M', '1110F', '1111S', '111N', '112N', '1133I', '114S', '117V', '118I', '11T', '120I', '1216V', '1233L', '123S', '1247A', '129R', '130A', '132N', '134E', '135L', '137D', '138N', '141F', '142A', '144S', '145K', '146P', '147del', '148M', '149G', '14D', '150del', '151del', '152del', '153T', '154Q', '155T', '156H', '157T', '158M', '159I', '15L', '160F', '161D', '162N', '164F', '16D', '171I', '173D', '174A', '176S', '177L', '179V', '17R', '180S', '181E', '183S', '188H', '18C', '197K', '200F', '201L', '202Y', '203V', '205K', '206G', '207Y', '208Q', '211D', '212V', '218S', '21F', '221N', '222T', '224K', '226I', '227F', '228K', '22D', '231L', '237N', '239R', '23D', '240A', '241I', '243T', '244A', '245del', '246del', '247F', '248S', '249P', '24V', '250A', '251Q', '252D', '253I', '254del', '255del', '256del', '257del', '259G', '260T', '261S', '266F', '271K', '273T', '276M', '27N', '280D', '292S', '293Q', '294N', '297A', '299L', '302S', '303V', '307E', '308I', '309D', '321V', '323S', '324G', '325D', '326V', '32S', '33M', '346K', '348P', '354E', '357K', '372T', '373F', '384A', '393S', '3I', '402V', '403K', '406D', '417V', '41E', '42I', '430M', '434L', '438T', '439R', '441I', '443A', '444T', '445S', '446T', '452K', '455Y', '456L', '458H', '459G', '460K', '462R', '46D', '470N', '471V', '472P', '473F', '474S', '475P', '476D', '477G', '478K', '47T', '481T', '482P', '483del', '484P', '485A', '486L', '490W', '493N', '494D', '498Y', '499T', '49Y', '501T', '503I', '50L', '519N', '529L', '532D', '534I', '537Q', '554P', '556S', '558R', '560Q', '569V', '570S', '572F', '575S', '580K', '582S', '588S', '591A', '59Y', '604A', '606S', '607E', '619D', '621S', '622T', '632A', '635I', '640N', '646Q', '64G', '657D', '658T', '675H', '677V', '678S', '679L', '67T', '680L', '681del', '682del', '683del', '684del', '687T', '688S', '689Q', '690K', '693V', '69N', '6L', '702D', '703S', '705I', '70H', '711T', '719S', '71T', '722I', '726V', '727M', '72del', '732A', '739N', '73del', '74del', '750A', '75del', '768S', '76del', '772A', '776R', '779R', '77del', '788M', '78del', '793T', '794L', '796Y', '7F', '80G', '810L', '813T', '834M', '839E', '845N', '84I', '868D', '872A', '875A', '878V', '879S', '87K', '882A', '884A', '90I', '922Q', '929K', '932S', '933Q', '936E', '939T', '940T', '942S', '943T', '94A', '9T']","('Yuan22', 'Casirivimab', 'SARS-CoV Spike', 5000.0)"
Yuan22,Imdevimab,SARS-CoV Spike,Figure 2A,Pseudovirus (MLV),IC50,5000.0,1.0,5000.0,1.0,ng/ml,2022-03-17,yuan22-pot.csv,5000.0,"['100V', '101V', '1055A', '105V', '1070S', '1073R', '1084E', '1088Y', '108S', '1097F', '1101S', '1104I', '110M', '1110F', '1111S', '111N', '112N', '1133I', '114S', '117V', '118I', '11T', '120I', '1216V', '1233L', '123S', '1247A', '129R', '130A', '132N', '134E', '135L', '137D', '138N', '141F', '142A', '144S', '145K', '146P', '147del', '148M', '149G', '14D', '150del', '151del', '152del', '153T', '154Q', '155T', '156H', '157T', '158M', '159I', '15L', '160F', '161D', '162N', '164F', '16D', '171I', '173D', '174A', '176S', '177L', '179V', '17R', '180S', '181E', '183S', '188H', '18C', '197K', '200F', '201L', '202Y', '203V', '205K', '206G', '207Y', '208Q', '211D', '212V', '218S', '21F', '221N', '222T', '224K', '226I', '227F', '228K', '22D', '231L', '237N', '239R', '23D', '240A', '241I', '243T', '244A', '245del', '246del', '247F', '248S', '249P', '24V', '250A', '251Q', '252D', '253I', '254del', '255del', '256del', '257del', '259G', '260T', '261S', '266F', '271K', '273T', '276M', '27N', '280D', '292S', '293Q', '294N', '297A', '299L', '302S', '303V', '307E', '308I', '309D', '321V', '323S', '324G', '325D', '326V', '32S', '33M', '346K', '348P', '354E', '357K', '372T', '373F', '384A', '393S', '3I', '402V', '403K', '406D', '417V', '41E', '42I', '430M', '434L', '438T', '439R', '441I', '443A', '444T', '445S', '446T', '452K', '455Y', '456L', '458H', '459G', '460K', '462R', '46D', '470N', '471V', '472P', '473F', '474S', '475P', '476D', '477G', '478K', '47T', '481T', '482P', '483del', '484P', '485A', '486L', '490W', '493N', '494D', '498Y', '499T', '49Y', '501T', '503I', '50L', '519N', '529L', '532D', '534I', '537Q', '554P', '556S', '558R', '560Q', '569V', '570S', '572F', '575S', '580K', '582S', '588S', '591A', '59Y', '604A', '606S', '607E', '619D', '621S', '622T', '632A', '635I', '640N', '646Q', '64G', '657D', '658T', '675H', '677V', '678S', '679L', '67T', '680L', '681del', '682del', '683del', '684del', '687T', '688S', '689Q', '690K', '693V', '69N', '6L', '702D', '703S', '705I', '70H', '711T', '719S', '71T', '722I', '726V', '727M', '72del', '732A', '739N', '73del', '74del', '750A', '75del', '768S', '76del', '772A', '776R', '779R', '77del', '788M', '78del', '793T', '794L', '796Y', '7F', '80G', '810L', '813T', '834M', '839E', '845N', '84I', '868D', '872A', '875A', '878V', '879S', '87K', '882A', '884A', '90I', '922Q', '929K', '932S', '933Q', '936E', '939T', '940T', '942S', '943T', '94A', '9T']","('Yuan22', 'Imdevimab', 'SARS-CoV Spike', 5000.0)"
Yuan22,Casirivimab,Pang17 Spike,Figure 2A,Pseudovirus (MLV),IC50,5000.0,1.0,5000.0,1.0,ng/ml,2022-03-17,yuan22-pot.csv,5000.0,"['1084E', '1104I', '1125S', '112A', '113R', '1228I', '137T', '147N', '151T', '153V', '155N', '171I', '197V', '211D', '218R', '221A', '23G', '24I', '253K', '254L', '255E', '260T', '272Q', '278S', '27G', '281Q', '292S', '306L', '324I', '32S', '345S', '346K', '372T', '402V', '403K', '417V', '439V', '440K', '441Q', '443A', '444L', '445T', '450G', '460K', '47I', '483Q', '484V', '486L', '490Y', '493E', '494R', '498H', '501T', '504N', '508F', '50L', '519N', '520G', '529L', '532T', '536D', '554T', '556K', '558Q', '570S', '622M', '627E', '632A', '638A', '640A', '651V', '666V', '66N', '675H', '676S', '677M', '678S', '679S', '67T', '680F', '681del', '682del', '683del', '684del', '688N', '689Q', '690R', '69N', '6F', '70Y', '71Q', '73del', '747I', '74del', '76F', '78K', '7V']","('Yuan22', 'Casirivimab', 'Pang17 Spike', 5000.0)"
Yuan22,Imdevimab,Pang17 Spike,Figure 2A,Pseudovirus (MLV),IC50,5000.0,1.0,5000.0,1.0,ng/ml,2022-03-17,yuan22-pot.csv,5000.0,"['1084E', '1104I', '1125S', '112A', '113R', '1228I', '137T', '147N', '151T', '153V', '155N', '171I', '197V', '211D', '218R', '221A', '23G', '24I', '253K', '254L', '255E', '260T', '272Q', '278S', '27G', '281Q', '292S', '306L', '324I', '32S', '345S', '346K', '372T', '402V', '403K', '417V', '439V', '440K', '441Q', '443A', '444L', '445T', '450G', '460K', '47I', '483Q', '484V', '486L', '490Y', '493E', '494R', '498H', '501T', '504N', '508F', '50L', '519N', '520G', '529L', '532T', '536D', '554T', '556K', '558Q', '570S', '622M', '627E', '632A', '638A', '640A', '651V', '666V', '66N', '675H', '676S', '677M', '678S', '679S', '67T', '680F', '681del', '682del', '683del', '684del', '688N', '689Q', '690R', '69N', '6F', '70Y', '71Q', '73del', '747I', '74del', '76F', '78K', '7V']","('Yuan22', 'Imdevimab', 'Pang17 Spike', 5000.0)"
Yuan22,Casirivimab,WIV1 Spike,Figure 2A,Pseudovirus (MLV),IC50,5000.0,1.0,5000.0,1.0,ng/ml,2022-03-17,yuan22-pot.csv,5000.0,"['100V', '1055A', '105V', '1070S', '1073R', '1084E', '1088Y', '108S', '1097F', '1101S', '1104I', '110M', '1110F', '1111S', '111N', '1125S', '112N', '1133I', '114S', '117V', '118I', '120M', '1216V', '1233L', '123S', '1247A', '126L', '129R', '130A', '132N', '134E', '135L', '137D', '138N', '13Y', '141F', '142V', '144L', '145K', '146S', '147del', '14T', '150del', '151del', '152del', '153T', '154Q', '155I', '156P', '157S', '158Y', '159I', '15I', '160F', '161N', '162N', '164F', '16E', '173K', '174D', '176N', '177L', '17K', '180G', '181E', '183P', '188D', '18C', '195R', '197K', '19L', '1K', '200F', '201L', '202H', '203V', '206G', '207Y', '208Q', '20D', '211S', '212A', '213A', '214S', '215G', '218T', '21F', '221N', '224K', '226I', '227F', '228K', '22D', '231L', '237N', '239R', '23D', '243T', '244A', '245del', '246del', '247F', '248P', '249P', '24R', '250R', '252D', '253Y', '254del', '255del', '256del', '257del', '259G', '260T', '261S', '266F', '271K', '273T', '276M', '280D', '28N', '292S', '293Q', '294N', '297A', '299L', '2L', '302S', '303V', '307E', '308I', '309D', '321A', '323S', '324K', '325E', '326V', '32S', '33H', '346T', '348P', '354E', '372T', '384A', '393S', '3L', '402V', '403K', '406D', '417V', '41D', '42I', '434L', '438T', '439R', '441I', '443A', '444T', '445Q', '446T', '452K', '455S', '456L', '458H', '459G', '460K', '462R', '46N', '470N', '471V', '472P', '473F', '474S', '475P', '476D', '477G', '478K', '481T', '482P', '483del', '484P', '485A', '490W', '493N', '494D', '498Y', '499I', '4V', '503I', '50L', '519N', '51V', '529L', '532D', '534I', '537Q', '54H', '554P', '556S', '558R', '560Q', '569V', '570S', '572F', '575S', '580K', '582S', '588S', '59D', '606S', '607E', '619D', '632S', '636H', '640N', '646Q', '64R', '657D', '658T', '66I', '675H', '677V', '678S', '679S', '67T', '680L', '681del', '682del', '683del', '684del', '687T', '688S', '689Q', '68F', '690K', '693V', '69G', '702D', '703S', '705I', '70L', '711T', '719S', '71N', '722I', '726V', '727M', '72del', '732A', '739N', '73del', '74del', '750A', '75del', '768S', '76del', '776R', '779R', '77del', '788M', '78del', '793T', '794L', '7F', '810L', '813T', '834M', '839E', '83I', '845N', '84I', '868D', '872A', '875A', '878V', '879S', '87K', '882A', '884A', '8A', '90I', '922Q', '929K', '932S', '933Q', '936E', '939T', '940T', '942S', '943T', '94A', '9T']","('Yuan22', 'Casirivimab', 'WIV1 Spike', 5000.0)"
Yuan22,Imdevimab,WIV1 Spike,Figure 2A,Pseudovirus (MLV),IC50,5000.0,1.0,5000.0,1.0,ng/ml,2022-03-17,yuan22-pot.csv,5000.0,"['100V', '1055A', '105V', '1070S', '1073R', '1084E', '1088Y', '108S', '1097F', '1101S', '1104I', '110M', '1110F', '1111S', '111N', '1125S', '112N', '1133I', '114S', '117V', '118I', '120M', '1216V', '1233L', '123S', '1247A', '126L', '129R', '130A', '132N', '134E', '135L', '137D', '138N', '13Y', '141F', '142V', '144L', '145K', '146S', '147del', '14T', '150del', '151del', '152del', '153T', '154Q', '155I', '156P', '157S', '158Y', '159I', '15I', '160F', '161N', '162N', '164F', '16E', '173K', '174D', '176N', '177L', '17K', '180G', '181E', '183P', '188D', '18C', '195R', '197K', '19L', '1K', '200F', '201L', '202H', '203V', '206G', '207Y', '208Q', '20D', '211S', '212A', '213A', '214S', '215G', '218T', '21F', '221N', '224K', '226I', '227F', '228K', '22D', '231L', '237N', '239R', '23D', '243T', '244A', '245del', '246del', '247F', '248P', '249P', '24R', '250R', '252D', '253Y', '254del', '255del', '256del', '257del', '259G', '260T', '261S', '266F', '271K', '273T', '276M', '280D', '28N', '292S', '293Q', '294N', '297A', '299L', '2L', '302S', '303V', '307E', '308I', '309D', '321A', '323S', '324K', '325E', '326V', '32S', '33H', '346T', '348P', '354E', '372T', '384A', '393S', '3L', '402V', '403K', '406D', '417V', '41D', '42I', '434L', '438T', '439R', '441I', '443A', '444T', '445Q', '446T', '452K', '455S', '456L', '458H', '459G', '460K', '462R', '46N', '470N', '471V', '472P', '473F', '474S', '475P', '476D', '477G', '478K', '481T', '482P', '483del', '484P', '485A', '490W', '493N', '494D', '498Y', '499I', '4V', '503I', '50L', '519N', '51V', '529L', '532D', '534I', '537Q', '54H', '554P', '556S', '558R', '560Q', '569V', '570S', '572F', '575S', '580K', '582S', '588S', '59D', '606S', '607E', '619D', '632S', '636H', '640N', '646Q', '64R', '657D', '658T', '66I', '675H', '677V', '678S', '679S', '67T', '680L', '681del', '682del', '683del', '684del', '687T', '688S', '689Q', '68F', '690K', '693V', '69G', '702D', '703S', '705I', '70L', '711T', '719S', '71N', '722I', '726V', '727M', '72del', '732A', '739N', '73del', '74del', '750A', '75del', '768S', '76del', '776R', '779R', '77del', '788M', '78del', '793T', '794L', '7F', '810L', '813T', '834M', '839E', '83I', '845N', '84I', '868D', '872A', '875A', '878V', '879S', '87K', '882A', '884A', '8A', '90I', '922Q', '929K', '932S', '933Q', '936E', '939T', '940T', '942S', '943T', '94A', '9T']","('Yuan22', 'Imdevimab', 'WIV1 Spike', 5000.0)"
Zhou21b,Imdevimab,VIC,Dejnirattisai21 Table S2,Virus isolate,IC50,32.0,1.0,10000.0,,ng/ml,2021-03-17,zhou21b-pot.csv,32.0,['247R'],"('Zhou21b', 'Imdevimab', 'VIC', 32.0)"
Zhou21b,Casirivimab,VIC,Dejnirattisai21 Table S2,Virus isolate,IC50,4.0,1.0,10000.0,,ng/ml,2021-03-17,zhou21b-pot.csv,4.0,['247R'],"('Zhou21b', 'Casirivimab', 'VIC', 4.0)"
Zhou21b,Imdevimab,B.1.351 full genome,Dejnirattisai21 Table S2,Virus isolate,IC50,7.0,1.0,10000.0,,ng/ml,2021-03-17,zhou21b-pot.csv,7.0,"['18F', '215G', '242del', '243del', '244del', '246I', '417N', '484K', '501Y', '614G', '701V', '80A']","('Zhou21b', 'Imdevimab', 'B.1.351 full genome', 7.0)"
Zhou21b,Casirivimab,B.1.351 full genome,Dejnirattisai21 Table S2,Virus isolate,IC50,3284.0,1.0,10000.0,,ng/ml,2021-03-17,zhou21b-pot.csv,3284.0,"['18F', '215G', '242del', '243del', '244del', '246I', '417N', '484K', '501Y', '614G', '701V', '80A']","('Zhou21b', 'Casirivimab', 'B.1.351 full genome', 3284.0)"
Zhou21c,Casirivimab,S:614G,Table 1,Pseudovirus (HIV),IC50,5.7,1.0,100.0,1e-05,ng/ml,2021-07-18,zhou21c-pot.csv,5.7,['614G'],"('Zhou21c', 'Casirivimab', 'S:614G', 5.7)"
Zhou21c,Imdevimab,S:614G,Table 1,Pseudovirus (HIV),IC50,18.1,1.0,100.0,1e-05,ng/ml,2021-07-18,zhou21c-pot.csv,18.1,['614G'],"('Zhou21c', 'Imdevimab', 'S:614G', 18.1)"
Zhou21c,Casirivimab,S:5F+95I+253G+484K+614G+701V,Table 1,Pseudovirus (HIV),IC50,69.4,1.0,100.0,1e-05,ng/ml,2021-03-25,zhou21c-pot.csv,69.4,"['253G', '484K', '5F', '614G', '701V', '95I']","('Zhou21c', 'Casirivimab', 'S:5F+95I+253G+484K+614G+701V', 69.4)"
Zhou21c,Imdevimab,S:5F+95I+253G+484K+614G+701V,Table 1,Pseudovirus (HIV),IC50,20.6,1.0,100.0,1e-05,ng/ml,2021-03-25,zhou21c-pot.csv,20.6,"['253G', '484K', '5F', '614G', '701V', '95I']","('Zhou21c', 'Imdevimab', 'S:5F+95I+253G+484K+614G+701V', 20.6)"
Zhou21c,Casirivimab,S:5F+95I+253G+477N+614G+701V,Table 1,Pseudovirus (HIV),IC50,1.2,1.0,100.0,1e-05,ng/ml,2021-03-25,zhou21c-pot.csv,1.2,"['253G', '477N', '5F', '614G', '701V', '95I']","('Zhou21c', 'Casirivimab', 'S:5F+95I+253G+477N+614G+701V', 1.2)"
Zhou21c,Imdevimab,S:5F+95I+253G+477N+614G+701V,Table 1,Pseudovirus (HIV),IC50,17.2,1.0,100.0,1e-05,ng/ml,2021-03-25,zhou21c-pot.csv,17.2,"['253G', '477N', '5F', '614G', '701V', '95I']","('Zhou21c', 'Imdevimab', 'S:5F+95I+253G+477N+614G+701V', 17.2)"
Zhou21c,Casirivimab,S:484K,Table 1,Pseudovirus (HIV),IC50,62.4,1.0,100.0,1e-05,ng/ml,2021-03-25,zhou21c-pot.csv,62.4,['484K'],"('Zhou21c', 'Casirivimab', 'S:484K', 62.4)"
Zhou21c,Imdevimab,S:484K,Table 1,Pseudovirus (HIV),IC50,16.7,1.0,100.0,1e-05,ng/ml,2021-03-25,zhou21c-pot.csv,16.7,['484K'],"('Zhou21c', 'Imdevimab', 'S:484K', 16.7)"
Zhou22,Casirivimab,S:614G,Figure 2B,Pseudovirus (lentivirus),IC50,7.6,1.0,50000.0,0.1,ng/ml,2022-02-17,zhou22-pot.csv,7.6,['614G'],"('Zhou22', 'Casirivimab', 'S:614G', 7.6)"
Zhou22,Imdevimab,S:614G,Figure 2B,Pseudovirus (lentivirus),IC50,30.9,1.0,50000.0,0.1,ng/ml,2022-02-17,zhou22-pot.csv,30.9,['614G'],"('Zhou22', 'Imdevimab', 'S:614G', 30.9)"
Zhou22,Casirivimab,B.1.617.2 Spike,Figure 2B,Pseudovirus (lentivirus),IC50,13.8,1.0,50000.0,0.1,ng/ml,2022-02-17,zhou22-pot.csv,13.8,"['156G', '157del', '158del', '19R', '452R', '478K', '614G', '681R', '950N']","('Zhou22', 'Casirivimab', 'B.1.617.2 Spike', 13.8)"
Zhou22,Imdevimab,B.1.617.2 Spike,Figure 2B,Pseudovirus (lentivirus),IC50,24.2,1.0,50000.0,0.1,ng/ml,2022-02-17,zhou22-pot.csv,24.2,"['156G', '157del', '158del', '19R', '452R', '478K', '614G', '681R', '950N']","('Zhou22', 'Imdevimab', 'B.1.617.2 Spike', 24.2)"
Zhou22b,Imdevimab,S:614G,Figure 3A,Pseudovirus,IC50,43.0,1.0,2000.0,1.0,ng/ml,2022-06-01,zhou22b-pot.csv,43.0,['614G'],"('Zhou22b', 'Imdevimab', 'S:614G', 43.0)"
Zhou22b,Casirivimab,S:614G,Figure 3A,Pseudovirus,IC50,18.0,1.0,2000.0,1.0,ng/ml,2022-06-01,zhou22b-pot.csv,18.0,['614G'],"('Zhou22b', 'Casirivimab', 'S:614G', 18.0)"
Zhou22b,Imdevimab,BA.1 RBD,Figure 3A,Pseudovirus,IC50,2000.0,1.0,2000.0,1.0,ng/ml,2022-06-01,zhou22b-pot.csv,2000.0,"['339D', '371L', '373P', '375F', '417N', '440K', '446S', '477N', '478K', '484A', '493R', '496S', '498R', '501Y', '505H']","('Zhou22b', 'Imdevimab', 'BA.1 RBD', 2000.0)"
Zhou22b,Casirivimab,BA.1 RBD,Figure 3A,Pseudovirus,IC50,2000.0,1.0,2000.0,1.0,ng/ml,2022-06-01,zhou22b-pot.csv,2000.0,"['339D', '371L', '373P', '375F', '417N', '440K', '446S', '477N', '478K', '484A', '493R', '496S', '498R', '501Y', '505H']","('Zhou22b', 'Casirivimab', 'BA.1 RBD', 2000.0)"
Zhou22b,Imdevimab,BA.1 Spike,Figure 3A,Pseudovirus,IC50,2000.0,1.0,2000.0,1.0,ng/ml,2022-06-01,zhou22b-pot.csv,2000.0,"['142D', '143del', '144del', '145del', '211I', '212del', '339D', '371L', '373P', '375F', '417N', '440K', '446S', '477N', '478K', '484A', '493R', '496S', '498R', '501Y', '505H', '547K', '614G', '655Y', '679K', '67V', '681H', '69del', '70del', '764K', '796Y', '856K', '954H', '95I', '969K', '981F']","('Zhou22b', 'Imdevimab', 'BA.1 Spike', 2000.0)"
Zhou22b,Casirivimab,BA.1 Spike,Figure 3A,Pseudovirus,IC50,2000.0,1.0,2000.0,1.0,ng/ml,2022-06-01,zhou22b-pot.csv,2000.0,"['142D', '143del', '144del', '145del', '211I', '212del', '339D', '371L', '373P', '375F', '417N', '440K', '446S', '477N', '478K', '484A', '493R', '496S', '498R', '501Y', '505H', '547K', '614G', '655Y', '679K', '67V', '681H', '69del', '70del', '764K', '796Y', '856K', '954H', '95I', '969K', '981F']","('Zhou22b', 'Casirivimab', 'BA.1 Spike', 2000.0)"
AroraEmbedded,Casirivimab,S:19R+142D+156del+157del+158G+452R+478K+614G+681R+950N,,,IC50,0.48,,10000.0,0.01,ng/ml,,arora.txt,0.48,"['142D', '156del', '157del', '158G', '19R', '452R', '478K', '614G', '681R', '950N']","('AroraEmbedded', 'Casirivimab', 'S:19R+142D+156del+157del+158G+452R+478K+614G+681R+950N', 0.48)"
AroraEmbedded,Imdevimab,S:19R+142D+156del+157del+158G+452R+478K+614G+681R+950N,,,IC50,4.35,,10000.0,0.01,ng/ml,,arora.txt,4.35,"['142D', '156del', '157del', '158G', '19R', '452R', '478K', '614G', '681R', '950N']","('AroraEmbedded', 'Imdevimab', 'S:19R+142D+156del+157del+158G+452R+478K+614G+681R+950N', 4.35)"
AroraEmbedded,Casirivimab,S:19R+142D+156del+157del+158G+452R+478K+614G+681R+950N,,,IC50,11.5,,10000.0,0.01,ng/ml,,arora.txt,11.5,"['142D', '156del', '157del', '158G', '19R', '452R', '478K', '614G', '681R', '950N']","('AroraEmbedded', 'Casirivimab', 'S:19R+142D+156del+157del+158G+452R+478K+614G+681R+950N', 11.5)"
AroraEmbedded,Casirivimab,S:19R+142D+156del+157del+158G+417N+452R+478K+614G+681R+950N,,,IC50,9.2,,10000.0,0.01,ng/ml,,arora.txt,9.2,"['142D', '156del', '157del', '158G', '19R', '417N', '452R', '478K', '614G', '681R', '950N']","('AroraEmbedded', 'Casirivimab', 'S:19R+142D+156del+157del+158G+417N+452R+478K+614G+681R+950N', 9.2)"
AroraEmbedded,Imdevimab,S:19R+142D+156del+157del+158G+452R+478K+614G+681R+950N,,,IC50,33.5,,10000.0,0.01,ng/ml,,arora.txt,33.5,"['142D', '156del', '157del', '158G', '19R', '452R', '478K', '614G', '681R', '950N']","('AroraEmbedded', 'Imdevimab', 'S:19R+142D+156del+157del+158G+452R+478K+614G+681R+950N', 33.5)"
AroraEmbedded,Imdevimab,S:19R+142D+156del+157del+158G+417N+452R+478K+614G+681R+950N,,,IC50,13.7,,10000.0,0.01,ng/ml,,arora.txt,13.7,"['142D', '156del', '157del', '158G', '19R', '417N', '452R', '478K', '614G', '681R', '950N']","('AroraEmbedded', 'Imdevimab', 'S:19R+142D+156del+157del+158G+417N+452R+478K+614G+681R+950N', 13.7)"
AroraEmbedded,Casirivimab,S:614G,,,IC50,19.15,,10000.0,1.0,ng/ml,,arora.txt,19.15,['614G'],"('AroraEmbedded', 'Casirivimab', 'S:614G', 19.15)"
AroraEmbedded,Imdevimab,S:614G,,,IC50,23.73,,10000.0,1.0,ng/ml,,arora.txt,23.73,['614G'],"('AroraEmbedded', 'Imdevimab', 'S:614G', 23.73)"
AroraEmbedded,Casirivimab+Imdevimab,S:614G,,,IC50,7.605,,10000.0,1.0,ng/ml,,arora.txt,7.605,['614G'],"('AroraEmbedded', 'Casirivimab+Imdevimab', 'S:614G', 7.605)"
AroraEmbedded,Casirivimab,BA.1 Spike,,,IC50,2266.0,,10000.0,1.0,ng/ml,,arora.txt,2266.0,"['142D', '143del', '144del', '145del', '211I', '212del', '339D', '371L', '373P', '375F', '417N', '440K', '446S', '477N', '478K', '484A', '493R', '496S', '498R', '501Y', '505H', '547K', '614G', '655Y', '679K', '67V', '681H', '69del', '70del', '764K', '796Y', '856K', '954H', '95I', '969K', '981F']","('AroraEmbedded', 'Casirivimab', 'BA.1 Spike', 2266.0)"
AroraEmbedded,Imdevimab,BA.1 Spike,,,IC50,10000.0,,10000.0,1.0,ng/ml,,arora.txt,10000.0,"['142D', '143del', '144del', '145del', '211I', '212del', '339D', '371L', '373P', '375F', '417N', '440K', '446S', '477N', '478K', '484A', '493R', '496S', '498R', '501Y', '505H', '547K', '614G', '655Y', '679K', '67V', '681H', '69del', '70del', '764K', '796Y', '856K', '954H', '95I', '969K', '981F']","('AroraEmbedded', 'Imdevimab', 'BA.1 Spike', 10000.0)"
AroraEmbedded,Casirivimab+Imdevimab,BA.1 Spike,,,IC50,2372.0,,10000.0,1.0,ng/ml,,arora.txt,2372.0,"['142D', '143del', '144del', '145del', '211I', '212del', '339D', '371L', '373P', '375F', '417N', '440K', '446S', '477N', '478K', '484A', '493R', '496S', '498R', '501Y', '505H', '547K', '614G', '655Y', '679K', '67V', '681H', '69del', '70del', '764K', '796Y', '856K', '954H', '95I', '969K', '981F']","('AroraEmbedded', 'Casirivimab+Imdevimab', 'BA.1 Spike', 2372.0)"
AroraEmbedded,Casirivimab,BA.2 Spike,,,IC50,1998.0,,10000.0,1.0,ng/ml,,arora.txt,1998.0,"['142D', '19I', '213G', '24S', '25del', '26del', '27del', '339D', '371F', '373P', '375F', '376A', '405N', '408S', '417N', '440K', '477N', '478K', '484A', '493R', '498R', '501Y', '505H', '614G', '655Y', '679K', '681H', '764K', '796Y', '954H', '969K']","('AroraEmbedded', 'Casirivimab', 'BA.2 Spike', 1998.0)"
AroraEmbedded,Imdevimab,BA.2 Spike,,,IC50,1166.0,,10000.0,1.0,ng/ml,,arora.txt,1166.0,"['142D', '19I', '213G', '24S', '25del', '26del', '27del', '339D', '371F', '373P', '375F', '376A', '405N', '408S', '417N', '440K', '477N', '478K', '484A', '493R', '498R', '501Y', '505H', '614G', '655Y', '679K', '681H', '764K', '796Y', '954H', '969K']","('AroraEmbedded', 'Imdevimab', 'BA.2 Spike', 1166.0)"
AroraEmbedded,Casirivimab+Imdevimab,BA.2 Spike,,,IC50,485.9,,10000.0,1.0,ng/ml,,arora.txt,485.9,"['142D', '19I', '213G', '24S', '25del', '26del', '27del', '339D', '371F', '373P', '375F', '376A', '405N', '408S', '417N', '440K', '477N', '478K', '484A', '493R', '498R', '501Y', '505H', '614G', '655Y', '679K', '681H', '764K', '796Y', '954H', '969K']","('AroraEmbedded', 'Casirivimab+Imdevimab', 'BA.2 Spike', 485.9)"
AroraEmbedded,Casirivimab,BA.3 Spike,,,IC50,3475.0,,10000.0,1.0,ng/ml,,arora.txt,3475.0,"['142D', '143del', '144del', '145del', '211I', '212del', '339D', '371F', '373P', '375F', '405N', '417N', '440K', '446S', '477N', '478K', '484A', '493R', '498R', '501Y', '505H', '614G', '655Y', '679K', '67V', '681H', '69del', '70del', '764K', '796Y', '954H', '95I', '969K']","('AroraEmbedded', 'Casirivimab', 'BA.3 Spike', 3475.0)"
AroraEmbedded,Imdevimab,BA.3 Spike,,,IC50,10000.0,,10000.0,1.0,ng/ml,,arora.txt,10000.0,"['142D', '143del', '144del', '145del', '211I', '212del', '339D', '371F', '373P', '375F', '405N', '417N', '440K', '446S', '477N', '478K', '484A', '493R', '498R', '501Y', '505H', '614G', '655Y', '679K', '67V', '681H', '69del', '70del', '764K', '796Y', '954H', '95I', '969K']","('AroraEmbedded', 'Imdevimab', 'BA.3 Spike', 10000.0)"
AroraEmbedded,Casirivimab+Imdevimab,BA.3 Spike,,,IC50,5092.0,,10000.0,1.0,ng/ml,,arora.txt,5092.0,"['142D', '143del', '144del', '145del', '211I', '212del', '339D', '371F', '373P', '375F', '405N', '417N', '440K', '446S', '477N', '478K', '484A', '493R', '498R', '501Y', '505H', '614G', '655Y', '679K', '67V', '681H', '69del', '70del', '764K', '796Y', '954H', '95I', '969K']","('AroraEmbedded', 'Casirivimab+Imdevimab', 'BA.3 Spike', 5092.0)"
AroraEmbedded,Casirivimab,B.1 Spike,,,IC50,9.7,,2000.0,1.0,ng/ml,,arora.txt,9.7,['614G'],"('AroraEmbedded', 'Casirivimab', 'B.1 Spike', 9.7)"
AroraEmbedded,Imdevimab,B.1 Spike,,,IC50,10.5,,2000.0,1.0,ng/ml,,arora.txt,10.5,['614G'],"('AroraEmbedded', 'Imdevimab', 'B.1 Spike', 10.5)"
AroraEmbedded,Casirivimab+Imdevimab,B.1 Spike,,,IC50,11.1,,2000.0,1.0,ng/ml,,arora.txt,11.1,['614G'],"('AroraEmbedded', 'Casirivimab+Imdevimab', 'B.1 Spike', 11.1)"
AroraEmbedded,Casirivimab,C.1.2 Spike:-144del-243del-244del-859N,,,IC50,71.6,,2000.0,1.0,ng/ml,,arora.txt,71.6,"['136F', '190S', '215G', '449H', '484K', '501Y', '614G', '655Y', '679K', '716I', '9L']","('AroraEmbedded', 'Casirivimab', 'C.1.2 Spike:-144del-243del-244del-859N', 71.6)"
AroraEmbedded,Imdevimab,C.1.2 Spike:-144del-243del-244del-859N,,,IC50,8.6,,2000.0,1.0,ng/ml,,arora.txt,8.6,"['136F', '190S', '215G', '449H', '484K', '501Y', '614G', '655Y', '679K', '716I', '9L']","('AroraEmbedded', 'Imdevimab', 'C.1.2 Spike:-144del-243del-244del-859N', 8.6)"
AroraEmbedded,Casirivimab+Imdevimab,C.1.2 Spike:-144del-243del-244del-859N,,,IC50,9.0,,2000.0,1.0,ng/ml,,arora.txt,9.0,"['136F', '190S', '215G', '449H', '484K', '501Y', '614G', '655Y', '679K', '716I', '9L']","('AroraEmbedded', 'Casirivimab+Imdevimab', 'C.1.2 Spike:-144del-243del-244del-859N', 9.0)"
AroraEmbedded,Casirivimab,C.1.2 Spike:25L+152R+478K+879T,,,IC50,29.5,,2000.0,1.0,ng/ml,,arora.txt,29.5,"['136F', '144del', '152R', '190S', '215G', '242del', '243del', '25L', '449H', '478K', '484K', '501Y', '614G', '655Y', '679K', '716I', '859N', '879T', '9L']","('AroraEmbedded', 'Casirivimab', 'C.1.2 Spike:25L+152R+478K+879T', 29.5)"
AroraEmbedded,Imdevimab,C.1.2 Spike:25L+152R+478K+879T,,,IC50,7.3,,2000.0,1.0,ng/ml,,arora.txt,7.3,"['136F', '144del', '152R', '190S', '215G', '242del', '243del', '25L', '449H', '478K', '484K', '501Y', '614G', '655Y', '679K', '716I', '859N', '879T', '9L']","('AroraEmbedded', 'Imdevimab', 'C.1.2 Spike:25L+152R+478K+879T', 7.3)"
AroraEmbedded,Casirivimab+Imdevimab,C.1.2 Spike:25L+152R+478K+879T,,,IC50,6.7,,2000.0,1.0,ng/ml,,arora.txt,6.7,"['136F', '144del', '152R', '190S', '215G', '242del', '243del', '25L', '449H', '478K', '484K', '501Y', '614G', '655Y', '679K', '716I', '859N', '879T', '9L']","('AroraEmbedded', 'Casirivimab+Imdevimab', 'C.1.2 Spike:25L+152R+478K+879T', 6.7)"
AroraEmbedded,Casirivimab,S:95I+144S+145N+346K+484K+501Y+614G+681H+950N,,,IC50,58.6,,2000.0,1.0,ng/ml,,arora.txt,58.6,"['144S', '145N', '346K', '484K', '501Y', '614G', '681H', '950N', '95I']","('AroraEmbedded', 'Casirivimab', 'S:95I+144S+145N+346K+484K+501Y+614G+681H+950N', 58.6)"
AroraEmbedded,Imdevimab,S:95I+144S+145N+346K+484K+501Y+614G+681H+950N,,,IC50,10.1,,2000.0,1.0,ng/ml,,arora.txt,10.1,"['144S', '145N', '346K', '484K', '501Y', '614G', '681H', '950N', '95I']","('AroraEmbedded', 'Imdevimab', 'S:95I+144S+145N+346K+484K+501Y+614G+681H+950N', 10.1)"
AroraEmbedded,Casirivimab+Imdevimab,S:95I+144S+145N+346K+484K+501Y+614G+681H+950N,,,IC50,18.7,,2000.0,1.0,ng/ml,,arora.txt,18.7,"['144S', '145N', '346K', '484K', '501Y', '614G', '681H', '950N', '95I']","('AroraEmbedded', 'Casirivimab+Imdevimab', 'S:95I+144S+145N+346K+484K+501Y+614G+681H+950N', 18.7)"
AroraEmbedded,Casirivimab,B.1.351 Spike,,,IC50,220.6,,2000.0,1.0,ng/ml,,arora.txt,220.6,"['18F', '215G', '242del', '243del', '244del', '246I', '417N', '484K', '501Y', '614G', '701V', '80A']","('AroraEmbedded', 'Casirivimab', 'B.1.351 Spike', 220.6)"
AroraEmbedded,Imdevimab,B.1.351 Spike,,,IC50,5.8,,2000.0,1.0,ng/ml,,arora.txt,5.8,"['18F', '215G', '242del', '243del', '244del', '246I', '417N', '484K', '501Y', '614G', '701V', '80A']","('AroraEmbedded', 'Imdevimab', 'B.1.351 Spike', 5.8)"
AroraEmbedded,Casirivimab+Imdevimab,B.1.351 Spike,,,IC50,17.8,,2000.0,1.0,ng/ml,,arora.txt,17.8,"['18F', '215G', '242del', '243del', '244del', '246I', '417N', '484K', '501Y', '614G', '701V', '80A']","('AroraEmbedded', 'Casirivimab+Imdevimab', 'B.1.351 Spike', 17.8)"
AroraEmbedded,Casirivimab,S:614G,,,IC50,3.6,,10000.0,1.0,ng/ml,,arora.txt,3.6,['614G'],"('AroraEmbedded', 'Casirivimab', 'S:614G', 3.6)"
AroraEmbedded,Casirivimab,B.1.640.2 Spike,,,IC50,10.0,,10000.0,1.0,ng/ml,,arora.txt,10.0,"['1139H', '136del', '137del', '138del', '139del', '140del', '141del', '142del', '143del', '144del', '156G', '157del', '158del', '190R', '190S', '215D', '215H', '215N', '215Y', '346S', '394S', '449N', '484K', '490S', '501Y', '614G', '681H', '859N', '96Q', '9L']","('AroraEmbedded', 'Casirivimab', 'B.1.640.2 Spike', 10.0)"
AroraEmbedded,Imdevimab,S:614G,,,IC50,4.9,,10000.0,1.0,ng/ml,,arora.txt,4.9,['614G'],"('AroraEmbedded', 'Imdevimab', 'S:614G', 4.9)"
AroraEmbedded,Imdevimab,B.1.640.2 Spike,,,IC50,2.1,,10000.0,1.0,ng/ml,,arora.txt,2.1,"['1139H', '136del', '137del', '138del', '139del', '140del', '141del', '142del', '143del', '144del', '156G', '157del', '158del', '190R', '190S', '215D', '215H', '215N', '215Y', '346S', '394S', '449N', '484K', '490S', '501Y', '614G', '681H', '859N', '96Q', '9L']","('AroraEmbedded', 'Imdevimab', 'B.1.640.2 Spike', 2.1)"
AroraEmbedded,Casirivimab,S:614G,,,IC50,12.1,,5000.0,1.0,ng/ml,,arora.txt,12.1,['614G'],"('AroraEmbedded', 'Casirivimab', 'S:614G', 12.1)"
AroraEmbedded,Imdevimab,S:614G,,,IC50,11.8,,5000.0,1.0,ng/ml,,arora.txt,11.8,['614G'],"('AroraEmbedded', 'Imdevimab', 'S:614G', 11.8)"
AroraEmbedded,Casirivimab+Imdevimab,S:614G,,,IC50,6.6,,5000.0,1.0,ng/ml,,arora.txt,6.6,['614G'],"('AroraEmbedded', 'Casirivimab+Imdevimab', 'S:614G', 6.6)"
AroraEmbedded,Casirivimab,BA.1 Spike,,,IC50,1456.0,,5000.0,1.0,ng/ml,,arora.txt,1456.0,"['142D', '143del', '144del', '145del', '211I', '212del', '339D', '371L', '373P', '375F', '417N', '440K', '446S', '477N', '478K', '484A', '493R', '496S', '498R', '501Y', '505H', '547K', '614G', '655Y', '679K', '67V', '681H', '69del', '70del', '764K', '796Y', '856K', '954H', '95I', '969K', '981F']","('AroraEmbedded', 'Casirivimab', 'BA.1 Spike', 1456.0)"
AroraEmbedded,Imdevimab,BA.1 Spike,,,IC50,5000.0,,5000.0,1.0,ng/ml,,arora.txt,5000.0,"['142D', '143del', '144del', '145del', '211I', '212del', '339D', '371L', '373P', '375F', '417N', '440K', '446S', '477N', '478K', '484A', '493R', '496S', '498R', '501Y', '505H', '547K', '614G', '655Y', '679K', '67V', '681H', '69del', '70del', '764K', '796Y', '856K', '954H', '95I', '969K', '981F']","('AroraEmbedded', 'Imdevimab', 'BA.1 Spike', 5000.0)"
AroraEmbedded,Casirivimab+Imdevimab,BA.1 Spike,,,IC50,1469.0,,5000.0,1.0,ng/ml,,arora.txt,1469.0,"['142D', '143del', '144del', '145del', '211I', '212del', '339D', '371L', '373P', '375F', '417N', '440K', '446S', '477N', '478K', '484A', '493R', '496S', '498R', '501Y', '505H', '547K', '614G', '655Y', '679K', '67V', '681H', '69del', '70del', '764K', '796Y', '856K', '954H', '95I', '969K', '981F']","('AroraEmbedded', 'Casirivimab+Imdevimab', 'BA.1 Spike', 1469.0)"
AroraEmbedded,Casirivimab,BA.2 Spike,,,IC50,938.0,,5000.0,1.0,ng/ml,,arora.txt,938.0,"['142D', '19I', '213G', '24S', '25del', '26del', '27del', '339D', '371F', '373P', '375F', '376A', '405N', '408S', '417N', '440K', '477N', '478K', '484A', '493R', '498R', '501Y', '505H', '614G', '655Y', '679K', '681H', '764K', '796Y', '954H', '969K']","('AroraEmbedded', 'Casirivimab', 'BA.2 Spike', 938.0)"
AroraEmbedded,Imdevimab,BA.2 Spike,,,IC50,415.0,,5000.0,1.0,ng/ml,,arora.txt,415.0,"['142D', '19I', '213G', '24S', '25del', '26del', '27del', '339D', '371F', '373P', '375F', '376A', '405N', '408S', '417N', '440K', '477N', '478K', '484A', '493R', '498R', '501Y', '505H', '614G', '655Y', '679K', '681H', '764K', '796Y', '954H', '969K']","('AroraEmbedded', 'Imdevimab', 'BA.2 Spike', 415.0)"
AroraEmbedded,Casirivimab+Imdevimab,BA.2 Spike,,,IC50,267.0,,5000.0,1.0,ng/ml,,arora.txt,267.0,"['142D', '19I', '213G', '24S', '25del', '26del', '27del', '339D', '371F', '373P', '375F', '376A', '405N', '408S', '417N', '440K', '477N', '478K', '484A', '493R', '498R', '501Y', '505H', '614G', '655Y', '679K', '681H', '764K', '796Y', '954H', '969K']","('AroraEmbedded', 'Casirivimab+Imdevimab', 'BA.2 Spike', 267.0)"
AroraEmbedded,Casirivimab,BA.2.12.1 Spike,,,IC50,480.0,,5000.0,1.0,ng/ml,,arora.txt,480.0,"['142D', '19I', '213G', '24S', '25del', '26del', '27del', '339D', '371F', '373P', '375F', '376A', '405N', '408S', '417N', '440K', '452Q', '477N', '478K', '484A', '493R', '498R', '501Y', '505H', '614G', '655Y', '679K', '681H', '704L', '764K', '796Y', '954H', '969K']","('AroraEmbedded', 'Casirivimab', 'BA.2.12.1 Spike', 480.0)"
AroraEmbedded,Imdevimab,BA.2.12.1 Spike,,,IC50,345.0,,5000.0,1.0,ng/ml,,arora.txt,345.0,"['142D', '19I', '213G', '24S', '25del', '26del', '27del', '339D', '371F', '373P', '375F', '376A', '405N', '408S', '417N', '440K', '452Q', '477N', '478K', '484A', '493R', '498R', '501Y', '505H', '614G', '655Y', '679K', '681H', '704L', '764K', '796Y', '954H', '969K']","('AroraEmbedded', 'Imdevimab', 'BA.2.12.1 Spike', 345.0)"
AroraEmbedded,Casirivimab+Imdevimab,BA.2.12.1 Spike,,,IC50,293.0,,5000.0,1.0,ng/ml,,arora.txt,293.0,"['142D', '19I', '213G', '24S', '25del', '26del', '27del', '339D', '371F', '373P', '375F', '376A', '405N', '408S', '417N', '440K', '452Q', '477N', '478K', '484A', '493R', '498R', '501Y', '505H', '614G', '655Y', '679K', '681H', '704L', '764K', '796Y', '954H', '969K']","('AroraEmbedded', 'Casirivimab+Imdevimab', 'BA.2.12.1 Spike', 293.0)"
AroraEmbedded,Casirivimab,BA.4/5 Spike,,,IC50,5000.0,,5000.0,1.0,ng/ml,,arora.txt,5000.0,"['142D', '19I', '213G', '24S', '25del', '26del', '27del', '339D', '371F', '373P', '375F', '376A', '405N', '408S', '417N', '440K', '452R', '477N', '478K', '484A', '486V', '498R', '501Y', '505H', '614G', '655Y', '679K', '681H', '69del', '70del', '764K', '796Y', '954H', '969K']","('AroraEmbedded', 'Casirivimab', 'BA.4/5 Spike', 5000.0)"
AroraEmbedded,Imdevimab,BA.4/5 Spike,,,IC50,844.0,,5000.0,1.0,ng/ml,,arora.txt,844.0,"['142D', '19I', '213G', '24S', '25del', '26del', '27del', '339D', '371F', '373P', '375F', '376A', '405N', '408S', '417N', '440K', '452R', '477N', '478K', '484A', '486V', '498R', '501Y', '505H', '614G', '655Y', '679K', '681H', '69del', '70del', '764K', '796Y', '954H', '969K']","('AroraEmbedded', 'Imdevimab', 'BA.4/5 Spike', 844.0)"
AroraEmbedded,Casirivimab+Imdevimab,BA.4/5 Spike,,,IC50,966.0,,5000.0,1.0,ng/ml,,arora.txt,966.0,"['142D', '19I', '213G', '24S', '25del', '26del', '27del', '339D', '371F', '373P', '375F', '376A', '405N', '408S', '417N', '440K', '452R', '477N', '478K', '484A', '486V', '498R', '501Y', '505H', '614G', '655Y', '679K', '681H', '69del', '70del', '764K', '796Y', '954H', '969K']","('AroraEmbedded', 'Casirivimab+Imdevimab', 'BA.4/5 Spike', 966.0)"
AroraEmbedded,Casirivimab,B.1 Spike,,,IC50,21.0,,50000.0,1.0,ng/ml,,arora.txt,21.0,['614G'],"('AroraEmbedded', 'Casirivimab', 'B.1 Spike', 21.0)"
AroraEmbedded,Imdevimab,B.1 Spike,,,IC50,19.0,,50000.0,1.0,ng/ml,,arora.txt,19.0,['614G'],"('AroraEmbedded', 'Imdevimab', 'B.1 Spike', 19.0)"
AroraEmbedded,Casirivimab+Imdevimab,B.1 Spike,,,IC50,9.0,,50000.0,1.0,ng/ml,,arora.txt,9.0,['614G'],"('AroraEmbedded', 'Casirivimab+Imdevimab', 'B.1 Spike', 9.0)"
AroraEmbedded,Casirivimab,BA.1 Spike,,,IC50,1890.0,,50000.0,1.0,ng/ml,,arora.txt,1890.0,"['142D', '143del', '144del', '145del', '211I', '212del', '339D', '371L', '373P', '375F', '417N', '440K', '446S', '477N', '478K', '484A', '493R', '496S', '498R', '501Y', '505H', '547K', '614G', '655Y', '679K', '67V', '681H', '69del', '70del', '764K', '796Y', '856K', '954H', '95I', '969K', '981F']","('AroraEmbedded', 'Casirivimab', 'BA.1 Spike', 1890.0)"
AroraEmbedded,Imdevimab,BA.1 Spike,,,IC50,50000.0,,50000.0,1.0,ng/ml,,arora.txt,50000.0,"['142D', '143del', '144del', '145del', '211I', '212del', '339D', '371L', '373P', '375F', '417N', '440K', '446S', '477N', '478K', '484A', '493R', '496S', '498R', '501Y', '505H', '547K', '614G', '655Y', '679K', '67V', '681H', '69del', '70del', '764K', '796Y', '856K', '954H', '95I', '969K', '981F']","('AroraEmbedded', 'Imdevimab', 'BA.1 Spike', 50000.0)"
AroraEmbedded,Casirivimab+Imdevimab,BA.1 Spike,,,IC50,3642.0,,50000.0,1.0,ng/ml,,arora.txt,3642.0,"['142D', '143del', '144del', '145del', '211I', '212del', '339D', '371L', '373P', '375F', '417N', '440K', '446S', '477N', '478K', '484A', '493R', '496S', '498R', '501Y', '505H', '547K', '614G', '655Y', '679K', '67V', '681H', '69del', '70del', '764K', '796Y', '856K', '954H', '95I', '969K', '981F']","('AroraEmbedded', 'Casirivimab+Imdevimab', 'BA.1 Spike', 3642.0)"
AroraEmbedded,Casirivimab,BA.4/5 Spike,,,IC50,50000.0,,50000.0,1.0,ng/ml,,arora.txt,50000.0,"['142D', '19I', '213G', '24S', '25del', '26del', '27del', '339D', '371F', '373P', '375F', '376A', '405N', '408S', '417N', '440K', '452R', '477N', '478K', '484A', '486V', '498R', '501Y', '505H', '614G', '655Y', '679K', '681H', '69del', '70del', '764K', '796Y', '954H', '969K']","('AroraEmbedded', 'Casirivimab', 'BA.4/5 Spike', 50000.0)"
AroraEmbedded,Imdevimab,BA.4/5 Spike,,,IC50,994.0,,50000.0,1.0,ng/ml,,arora.txt,994.0,"['142D', '19I', '213G', '24S', '25del', '26del', '27del', '339D', '371F', '373P', '375F', '376A', '405N', '408S', '417N', '440K', '452R', '477N', '478K', '484A', '486V', '498R', '501Y', '505H', '614G', '655Y', '679K', '681H', '69del', '70del', '764K', '796Y', '954H', '969K']","('AroraEmbedded', 'Imdevimab', 'BA.4/5 Spike', 994.0)"
AroraEmbedded,Casirivimab+Imdevimab,BA.4/5 Spike,,,IC50,2611.0,,50000.0,1.0,ng/ml,,arora.txt,2611.0,"['142D', '19I', '213G', '24S', '25del', '26del', '27del', '339D', '371F', '373P', '375F', '376A', '405N', '408S', '417N', '440K', '452R', '477N', '478K', '484A', '486V', '498R', '501Y', '505H', '614G', '655Y', '679K', '681H', '69del', '70del', '764K', '796Y', '954H', '969K']","('AroraEmbedded', 'Casirivimab+Imdevimab', 'BA.4/5 Spike', 2611.0)"
AroraEmbedded,Casirivimab,BA.4.6 Spike,,,IC50,50000.0,,50000.0,1.0,ng/ml,,arora.txt,50000.0,"['142D', '19I', '213G', '24S', '25del', '26del', '27del', '339D', '346T', '371F', '373P', '375F', '376A', '405N', '408S', '417N', '440K', '452R', '477N', '478K', '484A', '486V', '498R', '501Y', '505H', '614G', '655Y', '658S', '679K', '681H', '69del', '70del', '764K', '796Y', '954H', '969K']","('AroraEmbedded', 'Casirivimab', 'BA.4.6 Spike', 50000.0)"
AroraEmbedded,Imdevimab,BA.4.6 Spike,,,IC50,2109.0,,50000.0,1.0,ng/ml,,arora.txt,2109.0,"['142D', '19I', '213G', '24S', '25del', '26del', '27del', '339D', '346T', '371F', '373P', '375F', '376A', '405N', '408S', '417N', '440K', '452R', '477N', '478K', '484A', '486V', '498R', '501Y', '505H', '614G', '655Y', '658S', '679K', '681H', '69del', '70del', '764K', '796Y', '954H', '969K']","('AroraEmbedded', 'Imdevimab', 'BA.4.6 Spike', 2109.0)"
AroraEmbedded,Casirivimab+Imdevimab,BA.4.6 Spike,,,IC50,5395.0,,50000.0,1.0,ng/ml,,arora.txt,5395.0,"['142D', '19I', '213G', '24S', '25del', '26del', '27del', '339D', '346T', '371F', '373P', '375F', '376A', '405N', '408S', '417N', '440K', '452R', '477N', '478K', '484A', '486V', '498R', '501Y', '505H', '614G', '655Y', '658S', '679K', '681H', '69del', '70del', '764K', '796Y', '954H', '969K']","('AroraEmbedded', 'Casirivimab+Imdevimab', 'BA.4.6 Spike', 5395.0)"
AroraEmbedded,Casirivimab,BA.2.75.2 Spike,,,IC50,50000.0,,50000.0,1.0,ng/ml,,arora.txt,50000.0,"['1199N', '142D', '147E', '152R', '157L', '19I', '210V', '213G', '24S', '257S', '25del', '26del', '27del', '339H', '346T', '371F', '373P', '375F', '376A', '405N', '408S', '417N', '440K', '446S', '460K', '477N', '478K', '484A', '486S', '498R', '501Y', '505H', '614G', '655Y', '679K', '681H', '764K', '796Y', '954H', '969K']","('AroraEmbedded', 'Casirivimab', 'BA.2.75.2 Spike', 50000.0)"
AroraEmbedded,Imdevimab,BA.2.75.2 Spike,,,IC50,50000.0,,50000.0,1.0,ng/ml,,arora.txt,50000.0,"['1199N', '142D', '147E', '152R', '157L', '19I', '210V', '213G', '24S', '257S', '25del', '26del', '27del', '339H', '346T', '371F', '373P', '375F', '376A', '405N', '408S', '417N', '440K', '446S', '460K', '477N', '478K', '484A', '486S', '498R', '501Y', '505H', '614G', '655Y', '679K', '681H', '764K', '796Y', '954H', '969K']","('AroraEmbedded', 'Imdevimab', 'BA.2.75.2 Spike', 50000.0)"
AroraEmbedded,Casirivimab+Imdevimab,BA.2.75.2 Spike,,,IC50,50000.0,,50000.0,1.0,ng/ml,,arora.txt,50000.0,"['1199N', '142D', '147E', '152R', '157L', '19I', '210V', '213G', '24S', '257S', '25del', '26del', '27del', '339H', '346T', '371F', '373P', '375F', '376A', '405N', '408S', '417N', '440K', '446S', '460K', '477N', '478K', '484A', '486S', '498R', '501Y', '505H', '614G', '655Y', '679K', '681H', '764K', '796Y', '954H', '969K']","('AroraEmbedded', 'Casirivimab+Imdevimab', 'BA.2.75.2 Spike', 50000.0)"
AroraEmbedded,Casirivimab,BJ.1 Spike,,,IC50,880.0,,50000.0,1.0,ng/ml,,arora.txt,880.0,"['1003I', '142D', '144del', '146Q', '183E', '19I', '213E', '24S', '25del', '26del', '27del', '339H', '346T', '368I', '371F', '373P', '375F', '376A', '405N', '408S', '417N', '440K', '445P', '446S', '477N', '478K', '483A', '484A', '490V', '493R', '498R', '501Y', '505H', '614G', '655Y', '679K', '681H', '764K', '796Y', '798D', '83A', '954H', '969K']","('AroraEmbedded', 'Casirivimab', 'BJ.1 Spike', 880.0)"
AroraEmbedded,Imdevimab,BJ.1 Spike,,,IC50,50000.0,,50000.0,1.0,ng/ml,,arora.txt,50000.0,"['1003I', '142D', '144del', '146Q', '183E', '19I', '213E', '24S', '25del', '26del', '27del', '339H', '346T', '368I', '371F', '373P', '375F', '376A', '405N', '408S', '417N', '440K', '445P', '446S', '477N', '478K', '483A', '484A', '490V', '493R', '498R', '501Y', '505H', '614G', '655Y', '679K', '681H', '764K', '796Y', '798D', '83A', '954H', '969K']","('AroraEmbedded', 'Imdevimab', 'BJ.1 Spike', 50000.0)"
AroraEmbedded,Casirivimab+Imdevimab,BJ.1 Spike,,,IC50,2456.0,,50000.0,1.0,ng/ml,,arora.txt,2456.0,"['1003I', '142D', '144del', '146Q', '183E', '19I', '213E', '24S', '25del', '26del', '27del', '339H', '346T', '368I', '371F', '373P', '375F', '376A', '405N', '408S', '417N', '440K', '445P', '446S', '477N', '478K', '483A', '484A', '490V', '493R', '498R', '501Y', '505H', '614G', '655Y', '679K', '681H', '764K', '796Y', '798D', '83A', '954H', '969K']","('AroraEmbedded', 'Casirivimab+Imdevimab', 'BJ.1 Spike', 2456.0)"
AroraEmbedded,Casirivimab,BQ.1.1 Spike,,,IC50,50000.0,,50000.0,1.0,ng/ml,,arora.txt,50000.0,"['142D', '19I', '213G', '24S', '25del', '26del', '27del', '339D', '346T', '371F', '373P', '375F', '376A', '405N', '408S', '417N', '440K', '444T', '452R', '460K', '477N', '478K', '484A', '486V', '498R', '501Y', '505H', '614G', '655Y', '679K', '681H', '69del', '70del', '764K', '796Y', '954H', '969K']","('AroraEmbedded', 'Casirivimab', 'BQ.1.1 Spike', 50000.0)"
AroraEmbedded,Imdevimab,BQ.1.1 Spike,,,IC50,50000.0,,50000.0,1.0,ng/ml,,arora.txt,50000.0,"['142D', '19I', '213G', '24S', '25del', '26del', '27del', '339D', '346T', '371F', '373P', '375F', '376A', '405N', '408S', '417N', '440K', '444T', '452R', '460K', '477N', '478K', '484A', '486V', '498R', '501Y', '505H', '614G', '655Y', '679K', '681H', '69del', '70del', '764K', '796Y', '954H', '969K']","('AroraEmbedded', 'Imdevimab', 'BQ.1.1 Spike', 50000.0)"
AroraEmbedded,Casirivimab+Imdevimab,BQ.1.1 Spike,,,IC50,50000.0,,50000.0,1.0,ng/ml,,arora.txt,50000.0,"['142D', '19I', '213G', '24S', '25del', '26del', '27del', '339D', '346T', '371F', '373P', '375F', '376A', '405N', '408S', '417N', '440K', '444T', '452R', '460K', '477N', '478K', '484A', '486V', '498R', '501Y', '505H', '614G', '655Y', '679K', '681H', '69del', '70del', '764K', '796Y', '954H', '969K']","('AroraEmbedded', 'Casirivimab+Imdevimab', 'BQ.1.1 Spike', 50000.0)"
AroraEmbedded,Casirivimab,B.1 Spike,,,IC50,7.0,,50000.0,1.0,ng/ml,,arora.txt,7.0,['614G'],"('AroraEmbedded', 'Casirivimab', 'B.1 Spike', 7.0)"
AroraEmbedded,Imdevimab,B.1 Spike,,,IC50,7.0,,50000.0,1.0,ng/ml,,arora.txt,7.0,['614G'],"('AroraEmbedded', 'Imdevimab', 'B.1 Spike', 7.0)"
AroraEmbedded,Casirivimab+Imdevimab,B.1 Spike,,,IC50,6.0,,50000.0,1.0,ng/ml,,arora.txt,6.0,['614G'],"('AroraEmbedded', 'Casirivimab+Imdevimab', 'B.1 Spike', 6.0)"
AroraEmbedded,Casirivimab,XBB.1 Spike,,,IC50,50000.0,,50000.0,1.0,ng/ml,,arora.txt,50000.0,"['142D', '144del', '146Q', '183E', '19I', '213E', '24S', '252V', '25del', '26del', '27del', '339H', '346T', '368I', '371F', '373P', '375F', '376A', '405N', '408S', '417N', '440K', '445P', '446S', '460K', '477N', '478K', '484A', '486S', '490S', '498R', '501Y', '505H', '614G', '655Y', '679K', '681H', '764K', '796Y', '83A', '954H', '969K']","('AroraEmbedded', 'Casirivimab', 'XBB.1 Spike', 50000.0)"
AroraEmbedded,Imdevimab,XBB.1 Spike,,,IC50,50000.0,,50000.0,1.0,ng/ml,,arora.txt,50000.0,"['142D', '144del', '146Q', '183E', '19I', '213E', '24S', '252V', '25del', '26del', '27del', '339H', '346T', '368I', '371F', '373P', '375F', '376A', '405N', '408S', '417N', '440K', '445P', '446S', '460K', '477N', '478K', '484A', '486S', '490S', '498R', '501Y', '505H', '614G', '655Y', '679K', '681H', '764K', '796Y', '83A', '954H', '969K']","('AroraEmbedded', 'Imdevimab', 'XBB.1 Spike', 50000.0)"
AroraEmbedded,Casirivimab+Imdevimab,XBB.1 Spike,,,IC50,50000.0,,50000.0,1.0,ng/ml,,arora.txt,50000.0,"['142D', '144del', '146Q', '183E', '19I', '213E', '24S', '252V', '25del', '26del', '27del', '339H', '346T', '368I', '371F', '373P', '375F', '376A', '405N', '408S', '417N', '440K', '445P', '446S', '460K', '477N', '478K', '484A', '486S', '490S', '498R', '501Y', '505H', '614G', '655Y', '679K', '681H', '764K', '796Y', '83A', '954H', '969K']","('AroraEmbedded', 'Casirivimab+Imdevimab', 'XBB.1 Spike', 50000.0)"
