1139H,1199N,142D,143del,144S,144del,145N,145del,147E,152R,156del,157L,157del,158G,18F,190S,19I,19R,210V,211del,212I,213G,214EPE,215G,241del,242del,243del,244del,24del,257S,25L,25del,26del,27S,339D,346K,346T,368I,371F,371L,373P,375F,376A,405N,408S,417N,42V,440K,444T,445P,446S,449H,452Q,452R,460K,477N,478K,484A,484K,484V,486S,486V,490S,493R,496S,498R,501Y,505H,547K,572I,614G,655Y,679K,67V,681H,681R,69del,701V,704L,70del,716I,764K,796Y,80A,83A,856K,859N,879T,94G,950N,954H,95I,969K,981F,9L,target_y,rx_name,iso_name
0,0,1,1,0,1,0,1,0,0,0,0,0,0,0,0,0,0,0,0,0,0,0,0,0,0,0,0,0,0,0,0,0,0,1,0,0,0,0,1,1,1,0,0,0,1,0,1,0,0,1,0,0,0,0,1,1,1,0,0,0,0,0,1,1,1,1,1,1,0,1,1,1,1,1,0,1,0,0,1,0,1,1,0,0,1,0,0,0,0,1,1,1,1,0,2.078313524516398,Casirivimab,hCoV-19/Australia/NSW-RPAH-1933/2021
0,0,1,1,0,1,0,1,0,0,0,0,0,0,0,0,0,0,0,0,0,0,0,0,0,0,0,0,0,0,0,0,0,0,1,0,0,0,0,1,1,1,0,0,0,1,0,1,0,0,1,0,0,0,0,1,1,1,0,0,0,0,0,1,1,1,1,1,1,0,1,1,1,1,1,0,1,0,0,1,0,1,1,0,0,1,0,0,0,0,1,1,1,1,0,2.1249387366083,Imdevimab,hCoV-19/Australia/NSW-RPAH-1933/2021
0,0,1,1,0,1,0,1,0,0,0,0,0,0,0,0,0,0,0,0,0,0,0,0,0,0,0,0,0,0,0,0,0,0,1,0,0,0,0,1,1,1,0,0,0,1,0,1,0,0,1,0,0,0,0,1,1,1,0,0,0,0,0,1,1,1,1,1,1,0,1,1,1,1,1,0,1,0,0,1,0,1,1,0,0,1,0,0,0,0,1,1,1,1,0,3.1249387366083,Imdevimab,BA.1 Spike
0,0,1,1,0,1,0,1,0,0,0,0,0,0,0,0,0,0,0,0,0,0,0,0,0,0,0,0,0,0,0,0,0,0,1,1,0,0,0,1,1,1,0,0,0,1,0,1,0,0,1,0,0,0,0,1,1,1,0,0,0,0,0,1,1,1,1,1,1,0,1,1,1,1,1,0,1,0,0,1,0,1,1,0,0,1,0,0,0,0,1,1,1,1,0,3.1249387366083,Imdevimab,BA.1.1 Spike
0,0,1,0,0,0,0,0,0,0,0,0,0,0,0,0,1,0,0,0,0,1,0,0,0,0,0,0,0,0,0,1,1,0,1,0,0,0,1,0,1,1,1,1,1,1,0,1,0,0,0,0,0,0,0,1,1,1,0,0,0,0,0,1,0,1,1,1,0,0,1,1,1,0,1,0,0,0,0,0,0,1,1,0,0,0,0,0,0,0,1,0,1,0,0,2.1249387366083,Imdevimab,BA.2 Spike
0,0,1,1,0,1,0,1,0,0,0,0,0,0,0,0,0,0,0,0,0,0,0,0,0,0,0,0,0,0,0,0,0,0,1,0,0,0,1,0,1,1,0,1,0,1,0,1,0,0,1,0,0,0,0,1,1,1,0,0,0,0,0,1,0,1,1,1,0,0,1,1,1,1,1,0,1,0,0,1,0,1,1,0,0,0,0,0,0,0,1,1,1,0,0,3.1249387366083,Imdevimab,BA.3 Spike
0,0,1,1,0,1,0,1,0,0,0,0,0,0,0,0,0,0,0,0,0,0,0,0,0,0,0,0,0,0,0,0,0,0,1,0,0,0,0,1,1,1,0,0,0,1,0,1,0,0,1,0,0,0,0,1,1,1,0,0,0,0,0,1,1,1,1,1,1,0,1,1,1,1,1,0,1,0,0,1,0,1,1,0,0,1,0,0,0,0,1,1,1,1,0,3.078313524516398,Casirivimab,BA.1 Spike
0,0,1,1,0,1,0,1,0,0,0,0,0,0,0,0,0,0,0,0,0,0,0,0,0,0,0,0,0,0,0,0,0,0,1,1,0,0,0,1,1,1,0,0,0,1,0,1,0,0,1,0,0,0,0,1,1,1,0,0,0,0,0,1,1,1,1,1,1,0,1,1,1,1,1,0,1,0,0,1,0,1,1,0,0,1,0,0,0,0,1,1,1,1,0,3.078313524516398,Casirivimab,BA.1.1 Spike
0,0,1,0,0,0,0,0,0,0,0,0,0,0,0,0,1,0,0,0,0,1,0,0,0,0,0,0,0,0,0,1,1,0,1,0,0,0,1,0,1,1,1,1,1,1,0,1,0,0,0,0,0,0,0,1,1,1,0,0,0,0,0,1,0,1,1,1,0,0,1,1,1,0,1,0,0,0,0,0,0,1,1,0,0,0,0,0,0,0,1,0,1,0,0,3.078313524516398,Casirivimab,BA.2 Spike
0,0,1,1,0,1,0,1,0,0,0,0,0,0,0,0,0,0,0,0,0,0,0,0,0,0,0,0,0,0,0,0,0,0,1,0,0,0,1,0,1,1,0,1,0,1,0,1,0,0,1,0,0,0,0,1,1,1,0,0,0,0,0,1,0,1,1,1,0,0,1,1,1,1,1,0,1,0,0,1,0,1,1,0,0,0,0,0,0,0,1,1,1,0,0,3.078313524516398,Casirivimab,BA.3 Spike
0,0,0,0,0,0,0,0,0,0,0,0,0,0,0,0,0,0,0,0,0,0,0,0,0,0,0,0,0,0,0,0,0,0,0,0,0,0,0,0,0,0,0,0,0,0,0,0,0,0,0,0,0,0,0,0,0,0,0,0,0,0,0,0,0,0,0,0,0,0,1,0,0,0,0,0,0,0,0,0,0,0,0,0,0,0,0,0,0,0,0,0,0,0,0,-0.1658116198111106,Casirivimab,S:614G
0,0,0,0,0,0,0,0,0,0,0,0,0,0,0,0,0,0,0,0,0,0,0,0,0,0,0,0,0,0,0,0,0,0,0,0,0,0,0,0,0,0,0,0,0,0,0,0,0,0,0,0,0,0,0,0,0,0,0,0,0,0,0,0,0,0,0,0,0,0,1,0,0,0,0,0,0,0,0,0,0,0,0,0,0,0,0,0,0,0,0,0,0,0,0,0.05435766232259265,Imdevimab,S:614G
0,0,0,0,0,0,0,0,0,0,0,0,0,0,0,0,0,0,0,0,0,0,0,0,0,0,0,0,0,0,0,0,0,0,0,0,0,0,0,0,0,0,0,0,0,0,0,0,0,0,0,0,0,0,0,0,0,0,1,0,0,0,0,0,0,0,0,0,0,0,1,0,0,0,0,0,0,0,0,0,0,0,0,0,0,0,0,0,0,0,0,0,0,0,0,1.1319105057053656,Casirivimab,S:484K+614G
0,0,0,0,0,0,0,0,0,0,0,0,0,0,0,0,0,0,0,0,0,0,0,0,0,0,0,0,0,0,0,0,0,0,0,0,0,0,0,0,0,0,0,0,0,0,0,0,0,0,0,0,0,0,0,0,0,0,1,0,0,0,0,0,0,0,0,0,0,0,1,0,0,0,0,0,0,0,0,0,0,0,0,0,0,0,0,0,0,0,0,0,0,0,0,0.11438855427499173,Imdevimab,S:484K+614G
0,0,0,0,0,0,0,0,0,0,0,0,0,0,0,0,0,0,0,0,0,0,0,0,0,0,0,0,0,0,0,0,0,0,0,0,0,0,0,0,0,0,0,0,0,0,0,0,0,0,0,0,0,0,0,0,0,0,1,0,0,0,0,0,0,0,0,0,0,0,1,0,0,0,0,0,0,1,0,0,0,0,0,0,0,0,0,0,0,0,0,1,0,0,0,0.8991715139560978,Casirivimab,S:5F+95I+253G+484K+614G+701V
0,0,0,0,0,0,0,0,0,0,0,0,0,0,0,0,0,0,0,0,0,0,0,0,0,0,0,0,0,0,0,0,0,0,0,0,0,0,0,0,0,0,0,0,0,0,0,0,0,0,0,0,0,0,0,0,0,0,1,0,0,0,0,0,0,0,0,0,0,0,1,0,0,0,0,0,0,1,0,0,0,0,0,0,0,0,0,0,0,0,0,1,0,0,0,0.5060538173181506,Imdevimab,S:5F+95I+253G+484K+614G+701V
0,0,0,0,0,0,0,0,0,0,0,0,0,0,0,0,0,0,0,0,0,0,0,0,0,0,0,0,0,0,0,0,0,0,0,0,0,0,0,0,0,0,0,0,0,0,0,0,0,0,0,0,0,0,0,0,0,0,1,0,0,0,0,0,0,0,0,0,0,0,1,0,0,0,0,0,0,1,0,0,0,0,0,0,0,0,0,0,0,0,0,1,0,0,0,0.9339538054065433,Casirivimab,hCoV-19/USA/NY-NP-DOH1/2021
0,0,0,0,0,0,0,0,0,0,0,0,0,0,0,0,0,0,0,0,0,0,0,0,0,0,0,0,0,0,0,0,0,0,0,0,0,0,0,0,0,0,0,0,0,0,0,0,0,0,0,0,0,0,0,0,0,0,1,0,0,0,0,0,0,0,0,0,0,0,1,0,0,0,0,0,0,1,0,0,0,0,0,0,0,0,0,0,0,0,0,1,0,0,0,-0.2048154103175761,Imdevimab,hCoV-19/USA/NY-NP-DOH1/2021
0,0,1,0,0,0,0,0,0,0,1,0,1,1,0,0,0,1,0,0,0,0,0,0,0,0,0,0,0,0,0,0,0,0,0,0,0,0,0,0,0,0,0,0,0,0,0,0,0,0,0,0,0,1,0,0,1,0,0,0,0,0,0,0,0,0,0,0,0,0,1,0,0,0,0,1,0,0,0,0,0,0,0,0,0,0,0,0,0,1,0,0,0,0,0,0.04912513538891572,Casirivimab,S:19R+142D+156del+157del+158G+452R+478K+614G+681R+950N
0,0,1,0,0,0,0,0,0,0,1,0,1,1,0,0,0,1,0,0,0,0,0,0,0,0,0,0,0,0,0,0,0,0,0,0,0,0,0,0,0,0,0,0,0,0,0,0,0,0,0,0,0,1,0,0,1,0,0,0,0,0,0,0,0,0,0,0,0,0,1,0,0,0,0,1,0,0,0,0,0,0,0,0,0,0,0,0,0,1,0,0,0,0,0,0.6183967876034884,Imdevimab,S:19R+142D+156del+157del+158G+452R+478K+614G+681R+950N
0,0,1,0,0,0,0,0,0,0,1,0,1,1,0,0,0,1,0,0,0,0,0,0,0,0,0,0,0,0,0,0,0,0,0,0,0,0,0,0,0,0,0,0,0,1,0,0,0,0,0,0,0,1,0,0,1,0,0,0,0,0,0,0,0,0,0,0,0,0,1,0,0,0,0,1,0,0,0,0,0,0,0,0,0,0,0,0,0,1,0,0,0,0,0,0.042101351861953185,Casirivimab,S:19R+142D+156del+157del+158G+417N+452R+478K+614G+681R+950N
0,0,1,0,0,0,0,0,0,0,1,0,1,1,0,0,0,1,0,0,0,0,0,0,0,0,0,0,0,0,0,0,0,0,0,0,0,0,0,0,0,0,0,0,0,1,0,0,0,0,0,0,0,1,0,0,1,0,0,0,0,0,0,0,0,0,0,0,0,0,1,0,0,0,0,1,0,0,0,0,0,0,0,0,0,0,0,0,0,1,0,0,0,0,0,0.2616593037647066,Imdevimab,S:19R+142D+156del+157del+158G+417N+452R+478K+614G+681R+950N
0,0,0,0,0,0,0,0,0,0,0,0,0,0,0,0,0,0,0,0,0,0,0,0,0,0,0,0,0,0,0,0,0,0,0,0,0,0,0,0,0,0,0,0,0,0,0,0,0,0,0,0,0,0,0,0,0,0,0,0,0,0,0,0,0,0,0,0,0,0,1,0,0,0,0,0,0,0,0,0,0,0,0,0,0,0,0,0,0,0,0,0,0,0,0,-0.1346985738974562,Casirivimab+Imdevimab,S:614G
0,0,1,1,0,1,0,1,0,0,0,0,0,0,0,0,0,0,0,0,0,0,0,0,0,0,0,0,0,0,0,0,0,0,1,0,0,0,0,1,1,1,0,0,0,1,0,1,0,0,1,0,0,0,0,1,1,1,0,0,0,0,0,1,1,1,1,1,1,0,1,1,1,1,1,0,1,0,0,1,0,1,1,0,0,1,0,0,0,0,1,1,1,1,0,2.4208721752529003,Casirivimab+Imdevimab,BA.1 Spike
0,0,1,0,0,0,0,0,0,0,0,0,0,0,0,0,1,0,0,0,0,1,0,0,0,0,0,0,0,0,0,1,1,0,1,0,0,0,1,0,1,1,1,1,1,1,0,1,0,0,0,0,0,0,0,1,1,1,0,0,0,0,0,1,0,1,1,1,0,0,1,1,1,0,1,0,0,0,0,0,0,1,1,0,0,0,0,0,0,0,1,0,1,0,0,1.6214647920373584,Casirivimab+Imdevimab,BA.2 Spike
0,0,1,1,0,1,0,1,0,0,0,0,0,0,0,0,0,0,0,0,0,0,0,0,0,0,0,0,0,0,0,0,0,0,1,0,0,0,1,0,1,1,0,1,0,1,0,1,0,0,1,0,0,0,0,1,1,1,0,0,0,0,0,1,0,1,1,1,0,0,1,1,1,1,1,0,1,0,0,1,0,1,1,0,0,0,0,0,0,0,1,1,1,0,0,2.752645885542293,Casirivimab+Imdevimab,BA.3 Spike
0,0,0,0,0,0,0,0,0,0,0,0,0,0,0,0,0,0,0,0,0,0,0,0,0,0,0,0,0,0,0,0,0,0,0,0,0,0,0,0,0,0,0,0,0,0,0,0,0,0,0,0,0,0,0,0,0,0,0,0,0,0,0,0,0,0,0,0,0,0,1,0,0,0,0,0,0,0,0,0,0,0,0,0,0,0,0,0,0,0,0,0,0,0,0,0.0,Casirivimab,B.1 Spike
0,0,0,0,0,0,0,0,0,0,0,0,0,0,0,0,0,0,0,0,0,0,0,0,0,0,0,0,0,0,0,0,0,0,0,0,0,0,0,0,0,0,0,0,0,0,0,0,0,0,0,0,0,0,0,0,0,0,0,0,0,0,0,0,0,0,0,0,0,0,1,0,0,0,0,0,0,0,0,0,0,0,0,0,0,0,0,0,0,0,0,0,0,0,0,0.0,Imdevimab,B.1 Spike
0,0,0,0,0,0,0,0,0,0,0,0,0,0,0,0,0,0,0,0,0,0,0,0,0,0,0,0,0,0,0,0,0,0,0,0,0,0,0,0,0,0,0,0,0,0,0,0,0,0,0,0,0,0,0,0,0,0,0,0,0,0,0,0,0,0,0,0,0,0,1,0,0,0,0,0,0,0,0,0,0,0,0,0,0,0,0,0,0,0,0,0,0,0,0,0.0,Casirivimab+Imdevimab,B.1 Spike
0,0,0,0,0,0,0,0,0,0,0,0,0,0,0,1,0,0,0,0,0,0,0,1,0,0,0,0,0,0,0,0,0,0,0,0,0,0,0,0,0,0,0,0,0,0,0,0,0,0,0,1,0,0,0,0,0,0,1,0,0,0,0,0,0,0,1,0,0,0,1,1,1,0,0,0,0,0,0,0,1,0,0,0,0,0,0,0,0,0,0,0,0,0,1,0.9332265468242535,Casirivimab,C.1.2 Spike:-144del-243del-244del-859N
0,0,0,0,0,0,0,0,0,0,0,0,0,0,0,1,0,0,0,0,0,0,0,1,0,0,0,0,0,0,0,0,0,0,0,0,0,0,0,0,0,0,0,0,0,0,0,0,0,0,0,1,0,0,0,0,0,0,1,0,0,0,0,0,0,0,1,0,0,0,1,1,1,0,0,0,0,0,0,0,1,0,0,0,0,0,0,0,0,0,0,0,0,0,1,0.05943718785186758,Imdevimab,C.1.2 Spike:-144del-243del-244del-859N
0,0,0,0,0,0,0,0,0,0,0,0,0,0,0,1,0,0,0,0,0,0,0,1,0,0,0,0,0,0,0,0,0,0,0,0,0,0,0,0,0,0,0,0,0,0,0,0,0,0,0,1,0,0,0,0,0,0,1,0,0,0,0,0,0,0,1,0,0,0,1,1,1,0,0,0,0,0,0,0,1,0,0,0,0,0,0,0,0,0,0,0,0,0,1,0.0,Casirivimab+Imdevimab,C.1.2 Spike:-144del-243del-244del-859N
0,0,0,0,0,1,0,0,0,1,0,0,0,0,0,1,0,0,0,0,0,0,0,1,0,1,1,0,0,0,1,0,0,0,0,0,0,0,0,0,0,0,0,0,0,0,0,0,0,0,0,1,0,0,0,0,1,0,1,0,0,0,0,0,0,0,1,0,0,0,1,1,1,0,0,0,0,0,0,0,1,0,0,0,0,0,1,1,0,0,0,0,0,0,1,0.5481355404945609,Casirivimab,C.1.2 Spike:25L+152R+478K+879T
0,0,0,0,0,1,0,0,0,1,0,0,0,0,0,1,0,0,0,0,0,0,0,1,0,1,1,0,0,0,1,0,0,0,0,0,0,0,0,0,0,0,0,0,0,0,0,0,0,0,0,1,0,0,0,0,1,0,1,0,0,0,0,0,0,0,1,0,0,0,1,1,1,0,0,0,0,0,0,0,1,0,0,0,0,0,1,1,0,0,0,0,0,0,1,-0.011738403271244202,Imdevimab,C.1.2 Spike:25L+152R+478K+879T
0,0,0,0,0,1,0,0,0,1,0,0,0,0,0,1,0,0,0,0,0,0,0,1,0,1,1,0,0,0,1,0,0,0,0,0,0,0,0,0,0,0,0,0,0,0,0,0,0,0,0,1,0,0,0,0,1,0,1,0,0,0,0,0,0,0,1,0,0,0,1,1,1,0,0,0,0,0,0,0,1,0,0,0,0,0,1,1,0,0,0,0,0,0,1,-0.12816770673849842,Casirivimab+Imdevimab,C.1.2 Spike:25L+152R+478K+879T
0,0,0,0,1,0,1,0,0,0,0,0,0,0,0,0,0,0,0,0,0,0,0,0,0,0,0,0,0,0,0,0,0,0,0,1,0,0,0,0,0,0,0,0,0,0,0,0,0,0,0,0,0,0,0,0,0,0,1,0,0,0,0,0,0,0,1,0,0,0,1,0,0,0,1,0,0,0,0,0,0,0,0,0,0,0,0,0,0,1,0,1,0,0,0,0.8462111405344885,Casirivimab,S:95I+144S+145N+346K+484K+501Y+614G+681H+950N
0,0,0,0,1,0,1,0,0,0,0,0,0,0,0,0,0,0,0,0,0,0,0,0,0,0,0,0,0,0,0,0,0,0,0,1,0,0,0,0,0,0,0,0,0,0,0,0,0,0,0,0,0,0,0,0,0,0,1,0,0,0,0,0,0,0,1,0,0,0,1,0,0,0,1,0,0,0,0,0,0,0,0,0,0,0,0,0,0,1,0,1,0,0,0,0.12926011039094254,Imdevimab,S:95I+144S+145N+346K+484K+501Y+614G+681H+950N
0,0,0,0,1,0,1,0,0,0,0,0,0,0,0,0,0,0,0,0,0,0,0,0,0,0,0,0,0,0,0,0,0,0,0,1,0,0,0,0,0,0,0,0,0,0,0,0,0,0,0,0,0,0,0,0,0,0,1,0,0,0,0,0,0,0,1,0,0,0,1,0,0,0,1,0,0,0,0,0,0,0,0,0,0,0,0,0,0,1,0,1,0,0,0,0.31759909709717415,Casirivimab+Imdevimab,S:95I+144S+145N+346K+484K+501Y+614G+681H+950N
0,0,0,0,0,0,0,0,0,0,0,0,0,0,1,0,0,0,0,0,0,0,0,1,0,1,1,1,0,0,0,0,0,0,0,0,0,0,0,0,0,0,0,0,0,1,0,0,0,0,0,0,0,0,0,0,0,0,1,0,0,0,0,0,0,0,1,0,0,0,1,0,0,0,0,0,0,1,0,0,0,0,0,1,0,0,0,0,0,0,0,0,0,0,0,1.6318324646653677,Casirivimab,B.1.351 Spike
0,0,0,0,0,0,0,0,0,0,0,0,0,0,1,0,0,0,0,0,0,0,0,1,0,1,1,1,0,0,0,0,0,0,0,0,0,0,0,0,0,0,0,0,0,1,0,0,0,0,0,0,0,0,0,0,0,0,1,0,0,0,0,0,0,0,1,0,0,0,1,0,0,0,0,0,0,1,0,0,0,0,0,1,0,0,0,0,0,0,0,0,0,0,0,-0.11163326982876287,Imdevimab,B.1.351 Spike
0,0,0,0,0,0,0,0,0,0,0,0,0,0,1,0,0,0,0,0,0,0,0,1,0,1,1,1,0,0,0,0,0,0,0,0,0,0,0,0,0,0,0,0,0,1,0,0,0,0,0,0,0,0,0,0,0,0,1,0,0,0,0,0,0,0,1,0,0,0,1,0,0,0,0,0,0,1,0,0,0,0,0,1,0,0,0,0,0,0,0,0,0,0,0,0.2961774928695692,Casirivimab+Imdevimab,B.1.351 Spike
1,0,0,1,0,1,0,0,0,0,0,0,1,0,0,1,0,0,0,0,0,0,0,0,0,0,0,0,0,0,0,0,0,0,0,0,0,0,0,0,0,0,0,0,0,0,0,0,0,0,0,0,0,0,0,0,0,0,1,0,0,0,1,0,0,0,1,0,0,0,1,0,0,0,1,0,0,0,0,0,0,0,0,0,0,0,1,0,0,0,0,0,0,0,1,0.07831352451639795,Casirivimab,B.1.640.2 Spike
1,0,0,1,0,1,0,0,0,0,0,0,1,0,0,1,0,0,0,0,0,0,0,0,0,0,0,0,0,0,0,0,0,0,0,0,0,0,0,0,0,0,0,0,0,0,0,0,0,0,0,0,0,0,0,0,0,0,1,0,0,0,1,0,0,0,1,0,0,0,1,0,0,0,1,0,0,0,0,0,0,0,0,0,0,0,1,0,0,0,0,0,0,0,1,-0.5528419686577808,Imdevimab,B.1.640.2 Spike
0,0,1,0,0,0,0,0,0,0,0,0,0,0,0,0,1,0,0,0,0,1,0,0,0,0,0,0,0,0,0,1,1,0,1,0,0,0,1,0,1,1,1,1,1,1,0,1,0,0,0,0,1,0,0,1,1,1,0,0,0,0,0,1,0,1,1,1,0,0,1,1,1,0,1,0,0,0,1,0,0,1,1,0,0,0,0,0,0,0,1,0,1,0,0,3.078313524516398,Casirivimab,BA.2.12.1 Spike
0,0,1,0,0,0,0,0,0,0,0,0,0,0,0,0,1,0,0,0,0,1,0,0,0,0,0,0,0,0,0,1,1,0,1,0,0,0,1,0,1,1,1,1,1,1,0,1,0,0,0,0,1,0,0,1,1,1,0,0,0,0,0,1,0,1,1,1,0,0,1,1,1,0,1,0,0,0,1,0,0,1,1,0,0,0,0,0,0,0,1,0,1,0,0,1.999594469206401,Imdevimab,BA.2.12.1 Spike
0,0,1,0,0,0,0,0,0,0,0,0,0,0,0,0,1,0,0,0,0,1,0,0,0,0,0,0,0,0,0,1,1,0,1,0,0,0,1,0,1,1,1,1,1,1,0,1,0,0,0,0,1,0,0,1,1,1,0,0,0,0,0,1,0,1,1,1,0,0,1,1,1,0,1,0,0,0,1,0,0,1,1,0,0,0,0,0,0,0,1,0,1,0,0,1.5126251109147848,Casirivimab+Imdevimab,BA.2.12.1 Spike
0,0,1,0,0,0,0,0,0,0,0,0,0,0,0,0,1,0,0,0,0,1,0,0,0,0,0,0,0,0,0,1,1,0,1,0,0,0,1,0,1,1,1,1,1,1,0,1,0,0,0,0,0,1,0,1,1,1,0,0,0,1,0,0,0,1,1,1,0,0,1,1,1,0,1,0,1,0,0,1,0,1,1,0,0,0,0,0,0,0,1,0,1,0,0,3.078313524516398,Casirivimab,BA.4/5 Spike
0,0,1,0,0,0,0,0,0,0,0,0,0,0,0,0,1,0,0,0,0,1,0,0,0,0,0,0,0,0,0,1,1,0,1,0,0,0,1,0,1,1,1,1,1,1,0,1,0,0,0,0,0,1,0,1,1,1,0,0,0,1,0,0,0,1,1,1,0,0,1,1,1,0,1,0,1,0,0,1,0,1,1,0,0,0,0,0,0,0,1,0,1,0,0,2.2030328870147105,Imdevimab,BA.4/5 Spike
0,0,1,0,0,0,0,0,0,0,0,0,0,0,0,0,1,0,0,0,0,1,0,0,0,0,0,0,0,0,0,1,1,0,1,0,0,0,1,0,1,1,1,1,1,1,0,1,0,0,0,0,0,1,0,1,1,1,0,0,0,1,0,0,0,1,1,1,0,0,1,1,1,0,1,0,1,0,0,1,0,1,1,0,0,0,0,0,0,0,1,0,1,0,0,2.0307346169761686,Casirivimab+Imdevimab,BA.4/5 Spike
0,0,1,0,0,0,0,0,0,0,0,0,0,0,0,0,1,0,0,0,0,1,0,0,0,0,0,0,0,0,0,1,1,0,1,0,1,0,1,0,1,1,1,1,1,1,0,1,0,0,0,0,0,1,0,1,1,1,0,0,0,1,0,0,0,1,1,1,0,0,1,1,1,0,1,0,1,0,0,1,0,1,1,0,0,0,0,0,0,0,1,0,1,0,0,3.4848537049503534,Casirivimab,BA.4.6 Spike
0,0,1,0,0,0,0,0,0,0,0,0,0,0,0,0,1,0,0,0,0,1,0,0,0,0,0,0,0,0,0,1,1,0,1,0,1,0,1,0,1,1,1,1,1,1,0,1,0,0,0,0,0,1,0,1,1,1,0,0,0,1,0,0,0,1,1,1,0,0,1,1,1,0,1,0,1,0,0,1,0,1,1,0,0,0,0,0,0,0,1,0,1,0,0,2.3165294629875106,Imdevimab,BA.4.6 Spike
0,0,1,0,0,0,0,0,0,0,0,0,0,0,0,0,1,0,0,0,0,1,0,0,0,0,0,0,0,0,0,1,1,0,1,0,1,0,1,0,1,1,1,1,1,1,0,1,0,0,0,0,0,1,0,1,1,1,0,0,0,1,0,0,0,1,1,1,0,0,1,1,1,0,1,0,1,0,0,1,0,1,1,0,0,0,0,0,0,0,1,0,1,0,0,2.7777489395796047,Casirivimab+Imdevimab,BA.4.6 Spike
0,1,1,0,0,0,0,0,1,1,0,1,0,0,0,0,1,0,1,0,0,1,0,0,0,0,0,0,0,1,0,1,1,0,0,0,1,0,1,0,1,1,1,1,1,1,0,1,0,0,1,0,0,0,1,1,1,1,0,0,1,0,0,0,0,1,1,1,0,0,1,1,1,0,1,0,0,0,0,0,0,1,1,0,0,0,0,0,0,0,1,0,1,0,0,3.4848537049503534,Casirivimab,BA.2.75.2 Spike
0,1,1,0,0,0,0,0,1,1,0,1,0,0,0,0,1,0,1,0,0,1,0,0,0,0,0,0,0,1,0,1,1,0,0,0,1,0,1,0,1,1,1,1,1,1,0,1,0,0,1,0,0,0,1,1,1,1,0,0,1,0,0,0,0,1,1,1,0,0,1,1,1,0,1,0,0,0,0,0,0,1,1,0,0,0,0,0,0,0,1,0,1,0,0,3.5314789170422554,Imdevimab,BA.2.75.2 Spike
0,1,1,0,0,0,0,0,1,1,0,1,0,0,0,0,1,0,1,0,0,1,0,0,0,0,0,0,0,1,0,1,1,0,0,0,1,0,1,0,1,1,1,1,1,1,0,1,0,0,1,0,0,0,1,1,1,1,0,0,1,0,0,0,0,1,1,1,0,0,1,1,1,0,1,0,0,0,0,0,0,1,1,0,0,0,0,0,0,0,1,0,1,0,0,3.744727494896694,Casirivimab+Imdevimab,BA.2.75.2 Spike
0,0,1,0,0,1,0,0,0,0,0,0,0,0,0,0,1,0,0,0,0,0,0,0,0,0,0,0,0,0,0,1,1,0,0,0,1,1,1,0,1,1,1,1,1,1,0,1,0,1,1,0,0,0,0,1,1,1,0,0,0,0,0,1,0,1,1,1,0,0,1,1,1,0,1,0,0,0,0,0,0,1,1,0,1,0,0,0,0,0,1,0,1,0,0,2.0227961966665666,Casirivimab,BJ.1 Spike
0,0,1,0,0,1,0,0,0,0,0,0,0,0,0,0,1,0,0,0,0,0,0,0,0,0,0,0,0,0,0,1,1,0,0,0,1,1,1,0,1,1,1,1,1,1,0,1,0,1,1,0,0,0,0,1,1,1,0,0,0,0,0,1,0,1,1,1,0,0,1,1,1,0,1,0,0,0,0,0,0,1,1,0,1,0,0,0,0,0,1,0,1,0,0,3.8239087409443187,Imdevimab,BJ.1 Spike
0,0,1,0,0,1,0,0,0,0,0,0,0,0,0,0,1,0,0,0,0,0,0,0,0,0,0,0,0,0,0,1,1,0,0,0,1,1,1,0,1,1,1,1,1,1,0,1,0,1,1,0,0,0,0,1,1,1,0,0,0,0,0,1,0,1,1,1,0,0,1,1,1,0,1,0,0,0,0,0,0,1,1,0,1,0,0,0,0,0,1,0,1,0,0,2.4359858530298055,Casirivimab+Imdevimab,BJ.1 Spike
0,0,1,0,0,0,0,0,0,0,0,0,0,0,0,0,1,0,0,0,0,1,0,0,0,0,0,0,0,0,0,1,1,0,1,0,1,0,1,0,1,1,1,1,1,1,0,1,1,0,0,0,0,1,1,1,1,1,0,0,0,1,0,0,0,1,1,1,0,0,1,1,1,0,1,0,1,0,0,1,0,1,1,0,0,0,0,0,0,0,1,0,1,0,0,3.7772835288524167,Casirivimab,BQ.1.1 Spike
0,0,1,0,0,0,0,0,0,0,0,0,0,0,0,0,1,0,0,0,0,1,0,0,0,0,0,0,0,0,0,1,1,0,1,0,1,0,1,0,1,1,1,1,1,1,0,1,1,0,0,0,0,1,1,1,1,1,0,0,0,1,0,0,0,1,1,1,0,0,1,1,1,0,1,0,1,0,0,1,0,1,1,0,0,0,0,0,0,0,1,0,1,0,0,3.8239087409443187,Imdevimab,BQ.1.1 Spike
0,0,1,0,0,0,0,0,0,0,0,0,0,0,0,0,1,0,0,0,0,1,0,0,0,0,0,0,0,0,0,1,1,0,1,0,1,0,1,0,1,1,1,1,1,1,0,1,1,0,0,0,0,1,1,1,1,1,0,0,0,1,0,0,0,1,1,1,0,0,1,1,1,0,1,0,1,0,0,1,0,1,1,0,0,0,0,0,0,0,1,0,1,0,0,3.744727494896694,Casirivimab+Imdevimab,BQ.1.1 Spike
0,0,1,0,0,1,0,0,0,0,0,0,0,0,0,0,1,0,0,0,0,0,0,0,0,0,0,0,0,0,0,1,1,0,0,0,1,1,1,0,1,1,1,1,1,1,0,1,0,1,1,0,0,0,1,1,1,1,0,0,1,0,1,0,0,1,1,1,0,0,1,1,1,0,1,0,0,0,0,0,0,1,1,0,1,0,0,0,0,0,1,0,1,0,0,3.7772835288524167,Casirivimab,XBB.1 Spike
0,0,1,0,0,1,0,0,0,0,0,0,0,0,0,0,1,0,0,0,0,0,0,0,0,0,0,0,0,0,0,1,1,0,0,0,1,1,1,0,1,1,1,1,1,1,0,1,0,1,1,0,0,0,1,1,1,1,0,0,1,0,1,0,0,1,1,1,0,0,1,1,1,0,1,0,0,0,0,0,0,1,1,0,1,0,0,0,0,0,1,0,1,0,0,3.8239087409443187,Imdevimab,XBB.1 Spike
0,0,1,0,0,1,0,0,0,0,0,0,0,0,0,0,1,0,0,0,0,0,0,0,0,0,0,0,0,0,0,1,1,0,0,0,1,1,1,0,1,1,1,1,1,1,0,1,0,1,1,0,0,0,1,1,1,1,0,0,1,0,1,0,0,1,1,1,0,0,1,1,1,0,1,0,0,0,0,0,0,1,1,0,1,0,0,0,0,0,1,0,1,0,0,3.744727494896694,Casirivimab+Imdevimab,XBB.1 Spike
0,0,0,0,0,0,0,0,0,0,0,0,0,0,0,0,0,0,0,0,0,0,0,0,0,0,0,0,0,0,0,0,0,0,0,0,0,0,0,0,0,0,0,0,0,0,0,0,0,0,0,0,0,0,0,0,0,0,1,0,0,0,0,0,0,0,0,0,0,0,0,0,0,0,0,0,0,0,0,0,0,0,0,0,0,0,0,0,0,0,0,0,0,0,0,0.12385164096708579,Imdevimab,S:484K
0,0,0,0,0,0,0,0,0,0,0,0,0,0,0,0,0,0,0,0,0,0,0,0,0,0,0,0,0,0,0,0,0,0,0,0,0,0,0,0,0,0,0,0,0,0,0,0,0,0,0,0,0,0,0,0,0,0,0,0,0,1,0,0,0,0,0,0,0,0,0,0,0,0,0,0,0,0,0,0,0,0,0,0,0,0,0,0,0,0,0,0,0,0,0,-0.20296340545598257,Imdevimab,S:486V
0,0,0,0,0,0,0,0,0,0,0,0,0,0,0,0,0,0,0,0,0,0,0,0,0,0,0,0,0,0,0,0,0,0,0,0,0,0,0,0,0,0,0,0,0,0,0,0,0,0,0,0,0,0,0,0,0,0,0,0,0,0,1,0,0,0,0,0,0,0,0,0,0,0,0,0,0,0,0,0,0,0,0,0,0,0,0,0,0,0,0,0,0,0,0,0.07432874325321259,Imdevimab,S:490S
0,0,0,0,0,0,0,0,0,0,0,0,0,0,0,0,0,0,0,0,0,0,0,0,0,0,0,0,0,0,0,0,0,0,0,0,0,0,0,0,0,0,0,0,0,0,0,0,0,0,0,0,0,0,0,0,0,0,1,0,0,0,0,0,0,0,0,0,0,0,0,0,0,0,0,0,0,0,0,0,0,0,0,0,0,0,0,0,0,0,0,0,0,0,0,0.8469516257640124,Casirivimab,S:484K
0,0,0,0,0,0,0,0,0,0,0,0,0,0,0,0,0,0,0,0,0,0,0,0,0,0,0,0,0,0,0,0,0,0,0,0,0,0,0,0,0,0,0,0,0,0,0,0,0,0,0,0,0,0,0,0,0,0,0,0,0,1,0,0,0,0,0,0,0,0,0,0,0,0,0,0,0,0,0,0,0,0,0,0,0,0,0,0,0,0,0,0,0,0,0,3.078313524516398,Casirivimab,S:486V
0,0,0,0,0,0,0,0,0,0,0,0,0,0,0,0,0,0,0,0,0,0,0,0,0,0,0,0,0,0,0,0,0,0,0,0,0,0,0,0,0,0,0,0,0,0,0,0,0,0,0,0,0,0,0,0,0,0,0,0,0,0,1,0,0,0,0,0,0,0,0,0,0,0,0,0,0,0,0,0,0,0,0,0,0,0,0,0,0,0,0,0,0,0,0,-0.15083446384145782,Casirivimab,S:490S
0,0,0,0,0,0,0,0,0,0,0,0,1,0,0,0,0,1,0,0,0,0,0,0,0,0,0,0,0,0,0,0,0,0,0,0,0,0,0,0,0,0,0,0,0,0,0,0,0,0,0,0,0,1,0,0,1,0,0,0,0,0,0,0,0,0,0,0,0,0,1,0,0,0,0,1,0,0,0,0,0,0,0,0,0,0,0,0,0,1,0,0,0,0,0,-0.9485586218839034,Casirivimab,hCoV-19/France/IDF-APHP-HEGP-20-23-2131905084/2021
0,0,0,0,0,0,0,0,0,0,0,0,1,0,0,0,0,1,0,0,0,0,0,0,0,0,0,0,0,0,0,0,0,0,0,0,0,0,0,0,0,0,0,0,0,0,0,0,0,0,0,0,0,1,0,0,1,0,0,0,0,0,0,0,0,0,0,0,0,0,1,0,0,0,0,1,0,0,0,0,0,0,0,0,0,0,0,0,0,1,0,0,0,0,0,-0.6197887582883941,Imdevimab,hCoV-19/France/IDF-APHP-HEGP-20-23-2131905084/2021
0,0,1,1,0,1,0,1,0,0,0,0,0,0,0,0,0,0,0,0,0,0,0,0,0,0,0,0,0,0,0,0,0,0,1,0,0,0,0,1,1,1,0,0,0,1,0,1,0,0,1,0,0,0,0,1,1,1,0,0,0,0,0,1,1,1,1,1,1,0,1,1,1,1,1,0,1,0,0,1,0,1,1,0,0,1,0,0,0,0,1,1,1,1,0,3.0325560339557227,Casirivimab,hCoV-19/Belgium/rega-20174/2021
0,0,1,1,0,1,0,1,0,0,0,0,0,0,0,0,0,0,0,0,0,0,0,0,0,0,0,0,0,0,0,0,0,0,1,0,0,0,0,1,1,1,0,0,0,1,0,1,0,0,1,0,0,0,0,1,1,1,0,0,0,0,0,1,1,1,1,1,1,0,1,1,1,1,1,0,1,0,0,1,0,1,1,0,0,1,0,0,0,0,1,1,1,1,0,3.0791812460476247,Imdevimab,hCoV-19/Belgium/rega-20174/2021
0,0,1,0,0,0,0,0,0,0,0,0,0,0,0,0,1,0,0,0,0,1,0,0,0,0,0,0,1,0,0,1,1,1,1,0,0,0,1,0,1,1,1,1,1,1,0,1,0,0,0,0,0,0,0,1,1,1,0,0,0,0,0,1,0,1,1,1,0,0,1,1,1,0,1,0,0,0,0,0,0,1,1,0,0,0,0,0,0,0,1,0,1,0,0,3.0325560339557227,Casirivimab,hCoV-19/Belgium/1WLU10/2022
0,0,1,0,0,0,0,0,0,0,0,0,0,0,0,0,1,0,0,0,0,1,0,0,0,0,0,0,1,0,0,1,1,1,1,0,0,0,1,0,1,1,1,1,1,1,0,1,0,0,0,0,0,0,0,1,1,1,0,0,0,0,0,1,0,1,1,1,0,0,1,1,1,0,1,0,0,0,0,0,0,1,1,0,0,0,0,0,0,0,1,0,1,0,0,2.0823065450398275,Imdevimab,hCoV-19/Belgium/1WLU10/2022
0,0,1,1,0,1,0,1,0,0,0,0,0,0,0,0,0,0,0,0,0,0,0,0,0,0,0,0,0,0,0,0,0,0,1,0,0,0,0,1,1,1,0,0,0,1,0,1,0,0,1,0,0,0,0,1,1,1,0,0,0,0,0,1,1,1,1,1,1,0,1,1,1,1,1,0,1,0,0,1,0,1,1,0,0,1,0,0,0,0,1,1,1,1,0,3.078313524516398,Casirivimab,S:67V+69del+70del+95I+142D+143del+144del+145del+211I+212del+214EPEins+339D+371L+373P+375F+417N+440K+446S+477N+478K+484A+493R+496S+498R+501Y+505H+547K+614G+655Y+679K+681H+764K+796Y+856K+954H+969K+981F
0,0,1,1,0,1,0,1,0,0,0,0,0,0,0,0,0,0,0,0,0,0,0,0,0,0,0,0,0,0,0,0,0,0,1,0,0,0,0,1,1,1,0,0,0,1,0,1,0,0,1,0,0,0,0,1,1,1,0,0,0,0,0,1,1,1,1,1,1,0,1,1,1,1,1,0,1,0,0,1,0,1,1,0,0,1,0,0,0,0,1,1,1,1,0,3.1249387366083,Imdevimab,S:67V+69del+70del+95I+142D+143del+144del+145del+211I+212del+214EPEins+339D+371L+373P+375F+417N+440K+446S+477N+478K+484A+493R+496S+498R+501Y+505H+547K+614G+655Y+679K+681H+764K+796Y+856K+954H+969K+981F
0,0,0,0,1,0,0,0,0,0,0,0,0,0,0,0,0,0,0,0,0,0,0,0,0,0,0,0,0,0,0,0,0,0,0,1,0,0,0,0,0,0,0,0,0,0,0,0,1,0,0,0,0,0,1,0,1,0,0,0,0,0,0,0,0,0,0,0,0,0,0,0,0,0,0,0,0,0,0,0,0,0,1,0,0,0,0,0,0,0,0,0,0,0,0,3.078313524516398,Casirivimab,SARS-CoV Spike
0,0,0,0,1,0,0,0,0,0,0,0,0,0,0,0,0,0,0,0,0,0,0,0,0,0,0,0,0,0,0,0,0,0,0,1,0,0,0,0,0,0,0,0,0,0,0,0,1,0,0,0,0,0,1,0,1,0,0,0,0,0,0,0,0,0,0,0,0,0,0,0,0,0,0,0,0,0,0,0,0,0,1,0,0,0,0,0,0,0,0,0,0,0,0,3.1249387366083,Imdevimab,SARS-CoV Spike
0,0,1,0,0,0,0,0,0,0,0,0,0,0,0,0,1,0,0,0,0,1,0,0,0,0,0,0,0,0,0,1,1,0,1,0,0,0,1,0,1,1,1,1,1,1,0,1,0,0,1,0,0,0,0,1,1,1,0,0,0,0,0,1,0,1,1,1,0,0,1,1,1,0,1,0,0,0,0,0,0,1,1,0,0,0,0,0,0,0,1,0,1,0,0,3.078313524516398,Casirivimab,BA.2 Spike:446S
0,0,1,0,0,0,0,0,0,0,0,0,0,0,0,0,1,0,0,0,0,1,0,0,0,0,0,0,0,0,0,1,1,0,1,0,0,0,1,0,1,1,1,1,1,1,0,1,0,0,0,0,0,0,0,1,1,1,0,0,0,0,0,1,0,1,1,1,0,0,1,1,1,0,1,0,0,0,0,0,0,1,1,0,0,0,0,0,0,0,1,0,1,0,0,3.078313524516398,Casirivimab,BA.2.13 Spike
0,0,0,0,0,0,0,0,0,0,0,0,0,0,0,0,0,0,1,0,0,0,0,0,0,0,0,0,0,0,0,0,0,1,0,0,1,0,0,0,0,0,0,0,0,0,0,0,0,0,0,0,0,0,0,0,0,0,0,0,0,0,0,0,0,0,0,0,0,0,0,0,0,0,0,0,1,0,0,1,0,0,0,0,0,0,0,0,0,0,0,0,0,0,0,1.2742131769256315,Casirivimab,hCoV-19/pangolin/Guangdong/1/2019 Spike
0,0,0,0,0,0,0,0,0,0,0,0,0,0,0,0,0,0,0,0,0,0,0,0,0,0,0,0,0,0,0,0,0,0,0,0,1,0,0,0,0,0,0,0,0,0,0,0,0,0,0,0,0,0,0,0,1,0,0,0,0,0,0,0,0,0,0,1,0,0,0,0,0,0,0,0,0,0,0,0,0,0,0,0,0,0,0,0,0,0,0,0,0,0,0,3.078313524516398,Casirivimab,RaTG13 Spike
0,0,1,0,0,0,0,0,0,0,0,0,0,0,0,0,1,0,0,0,0,1,0,0,0,0,0,0,0,0,0,1,1,0,1,0,0,0,1,0,1,1,1,1,1,1,0,1,0,0,1,0,0,0,0,1,1,1,0,0,0,0,0,1,0,1,1,1,0,0,1,1,1,0,1,0,0,0,0,0,0,1,1,0,0,0,0,0,0,0,1,0,1,0,0,3.1249387366083,Imdevimab,BA.2 Spike:446S
0,0,1,0,0,0,0,0,0,0,0,0,0,0,0,0,1,0,0,0,0,1,0,0,0,0,0,0,0,0,0,1,1,0,1,0,0,0,1,0,1,1,1,1,1,1,0,1,0,0,0,0,0,0,0,1,1,1,0,0,0,0,0,1,0,1,1,1,0,0,1,1,1,0,1,0,0,0,0,0,0,1,1,0,0,0,0,0,0,0,1,0,1,0,0,1.9762582492570453,Imdevimab,BA.2.13 Spike
0,0,0,0,0,0,0,0,0,0,0,0,0,0,0,0,0,0,1,0,0,0,0,0,0,0,0,0,0,0,0,0,0,1,0,0,1,0,0,0,0,0,0,0,0,0,0,0,0,0,0,0,0,0,0,0,0,0,0,0,0,0,0,0,0,0,0,0,0,0,0,0,0,0,0,0,1,0,0,1,0,0,0,0,0,0,0,0,0,0,0,0,0,0,0,1.04766419460156,Imdevimab,hCoV-19/pangolin/Guangdong/1/2019 Spike
0,0,0,0,0,0,0,0,0,0,0,0,0,0,0,0,0,0,0,0,0,0,0,0,0,0,0,0,0,0,0,0,0,0,0,0,1,0,0,0,0,0,0,0,0,0,0,0,0,0,0,0,0,0,0,0,1,0,0,0,0,0,0,0,0,0,0,1,0,0,0,0,0,0,0,0,0,0,0,0,0,0,0,0,0,0,0,0,0,0,0,0,0,0,0,3.1249387366083,Imdevimab,RaTG13 Spike
0,0,1,0,0,0,0,0,0,0,0,0,0,0,0,0,1,0,0,0,0,1,0,0,0,0,0,0,0,0,0,1,1,0,1,0,0,0,1,0,1,1,1,1,1,0,0,1,0,0,0,0,0,0,0,1,1,1,0,0,0,0,0,1,0,1,1,1,0,0,1,1,1,0,1,0,0,0,0,0,0,1,1,0,0,0,0,0,0,0,1,0,1,0,0,3.078313524516398,Casirivimab,BA.2.38 Spike
0,0,1,0,0,0,0,0,1,1,0,1,0,0,0,0,1,0,1,0,0,1,0,0,0,0,0,0,0,1,0,1,1,0,0,0,0,0,1,0,1,1,1,1,1,1,0,1,0,0,1,0,0,0,1,1,1,1,0,0,0,0,0,0,0,1,1,1,0,0,1,1,1,0,1,0,0,0,0,0,0,1,1,0,0,0,0,0,0,0,1,0,1,0,0,2.305299870041618,Casirivimab,BA.2.75 Spike
0,0,1,0,0,0,0,0,0,0,0,0,0,0,0,0,1,0,0,0,0,1,0,0,0,0,0,0,0,0,0,1,1,0,1,0,0,0,1,0,1,1,1,1,1,0,0,1,0,0,0,0,0,0,0,1,1,1,0,0,0,0,0,1,0,1,1,1,0,0,1,1,1,0,1,0,0,0,0,0,0,1,1,0,0,0,0,0,0,0,1,0,1,0,0,1.81778565588553,Imdevimab,BA.2.38 Spike
0,0,1,0,0,0,0,0,1,1,0,1,0,0,0,0,1,0,1,0,0,1,0,0,0,0,0,0,0,1,0,1,1,0,0,0,0,0,1,0,1,1,1,1,1,1,0,1,0,0,1,0,0,0,1,1,1,1,0,0,0,0,0,0,0,1,1,1,0,0,1,1,1,0,1,0,0,0,0,0,0,1,1,0,0,0,0,0,0,0,1,0,1,0,0,3.1249387366083,Imdevimab,BA.2.75 Spike
0,0,0,0,0,1,0,0,0,0,0,0,0,0,0,0,0,0,0,0,0,0,0,0,0,0,0,0,0,0,0,0,0,0,0,0,0,0,0,0,0,0,0,0,0,0,0,0,0,0,0,0,0,0,0,0,0,0,0,0,0,0,0,0,0,0,1,0,0,0,1,0,0,0,1,0,1,0,0,1,1,0,0,0,0,0,0,0,0,0,0,0,0,0,0,-0.2227164711475832,Casirivimab,B.1.1.7 Spike
0,0,0,0,0,1,0,0,0,0,0,0,0,0,0,0,0,0,0,0,0,0,0,0,0,0,0,0,0,0,0,0,0,0,0,0,0,0,0,0,0,0,0,0,0,0,0,0,0,0,0,0,0,0,0,0,0,0,0,0,0,0,0,0,0,0,1,0,0,0,1,0,0,0,1,0,1,0,0,1,1,0,0,0,0,0,0,0,0,0,0,0,0,0,0,-0.3309932190414244,Imdevimab,B.1.1.7 Spike
0,0,0,0,0,0,0,0,0,0,0,0,0,0,1,1,0,0,0,0,0,0,0,0,0,0,0,0,0,0,0,0,0,0,0,0,0,0,0,0,0,0,0,0,0,0,0,0,0,0,0,0,0,0,0,0,0,0,1,0,0,0,0,0,0,0,1,0,0,0,1,1,0,0,0,0,0,0,0,0,0,0,0,0,0,0,0,0,0,0,0,0,0,0,0,2.0102796392445708,Casirivimab,P.1 Spike
0,0,0,0,0,0,0,0,0,0,0,0,0,0,1,1,0,0,0,0,0,0,0,0,0,0,0,0,0,0,0,0,0,0,0,0,0,0,0,0,0,0,0,0,0,0,0,0,0,0,0,0,0,0,0,0,0,0,1,0,0,0,0,0,0,0,1,0,0,0,1,1,0,0,0,0,0,0,0,0,0,0,0,0,0,0,0,0,0,0,0,0,0,0,0,0.1249387366082999,Imdevimab,P.1 Spike
0,0,0,0,0,0,0,0,0,0,0,0,1,0,0,0,0,1,0,0,0,0,0,0,0,0,0,0,0,0,0,0,0,0,0,0,0,0,0,0,0,0,0,0,0,0,0,0,0,0,0,0,0,1,0,0,1,0,0,0,0,0,0,0,0,0,0,0,0,0,1,0,0,0,0,1,0,0,0,0,0,0,0,0,0,0,0,0,0,1,0,0,0,0,0,-0.17739349236092583,Casirivimab,B.1.617.2 Spike
0,0,0,0,0,0,0,0,0,0,0,0,1,0,0,0,0,1,0,0,0,0,0,0,0,0,0,0,0,0,0,0,0,0,0,0,0,0,0,0,0,0,0,0,0,0,0,0,0,0,0,0,0,1,0,0,1,0,0,0,0,0,0,0,0,0,0,0,0,0,1,0,0,0,0,1,0,0,0,0,0,0,0,0,0,0,0,0,0,1,0,0,0,0,0,-0.09691001300805646,Imdevimab,B.1.617.2 Spike
0,0,1,0,0,0,0,0,0,0,0,0,0,0,0,0,1,0,0,0,0,1,0,0,0,0,0,0,0,0,0,1,1,0,1,0,0,0,1,0,1,1,1,1,1,1,0,1,0,0,0,0,0,0,1,1,1,0,0,0,0,0,0,0,0,1,1,1,0,0,1,1,1,0,1,0,0,0,0,0,0,1,1,0,0,0,0,0,0,0,1,0,1,0,0,1.1610988948328482,Casirivimab,BA.2.3.20 Spike
0,0,0,1,0,1,0,0,0,0,0,0,0,0,0,0,1,0,0,0,0,1,0,0,0,0,1,1,0,0,0,1,1,0,1,0,0,0,1,0,1,1,1,1,1,1,0,1,0,0,1,0,0,0,0,1,1,1,0,0,0,0,0,0,0,1,1,1,0,0,1,1,1,0,1,0,0,0,0,0,0,1,1,0,0,0,0,0,0,0,1,0,1,0,0,2.078313524516398,Casirivimab,BA.2.10.4 Spike
0,0,1,0,0,1,0,0,0,0,0,0,0,0,0,0,1,0,0,0,0,0,0,0,0,0,0,0,0,0,0,1,1,0,0,0,1,1,1,0,1,1,1,1,1,1,0,1,0,1,1,0,0,0,1,1,1,1,0,0,1,0,1,0,0,1,1,1,0,0,1,1,1,0,1,0,0,0,0,0,0,1,1,0,1,0,0,0,0,0,1,0,1,0,0,3.781604902635059,Casirivimab,XBB Spike
0,0,0,0,0,0,0,0,1,1,0,1,0,0,0,0,1,0,1,0,0,1,0,0,0,0,0,0,0,1,0,1,1,0,0,0,1,0,1,0,1,1,1,1,1,1,0,1,0,0,1,0,0,0,1,1,1,1,0,0,0,0,0,0,0,1,1,1,0,0,1,1,1,0,1,0,0,0,0,0,0,1,1,0,0,0,0,0,0,0,1,0,1,0,0,1.4932868724872157,Casirivimab,BL.1 Spike
0,0,0,0,0,0,0,0,1,1,0,1,0,0,0,0,1,0,1,0,0,1,0,0,0,0,0,0,0,1,0,1,1,0,0,0,0,0,1,0,1,1,1,1,1,1,0,1,0,0,1,0,0,1,1,1,1,1,0,0,0,0,0,0,0,1,1,1,0,0,1,1,1,0,1,0,0,0,0,0,0,1,1,0,0,0,0,0,0,0,1,0,1,0,0,1.582104207573579,Casirivimab,BR.1 Spike
0,0,1,0,0,0,0,0,1,1,0,1,0,0,0,0,1,0,1,0,0,1,0,0,0,0,0,0,0,1,0,1,1,0,0,0,0,0,1,0,1,1,1,1,1,1,0,1,0,0,1,0,0,0,1,1,1,1,0,0,0,0,1,0,0,1,1,1,0,0,1,1,1,0,1,0,0,0,0,0,0,1,1,0,0,0,0,0,0,0,1,0,1,0,0,1.669378131542897,Casirivimab,BN.2.1 Spike
0,0,1,0,0,0,0,0,1,1,0,1,0,0,0,0,1,0,1,0,0,1,0,0,0,0,0,0,0,1,0,1,1,0,0,0,1,0,1,0,1,1,1,1,1,1,0,1,0,0,1,0,0,0,1,1,1,1,0,0,0,0,1,0,0,1,1,1,0,0,1,1,1,0,1,0,0,0,0,0,0,1,1,0,0,0,0,0,0,0,1,0,1,0,0,1.614871967087928,Casirivimab,BN.1 Spike
0,0,1,0,0,0,0,0,1,1,0,1,0,0,0,0,1,0,1,0,0,1,0,0,0,0,0,0,0,1,0,1,1,0,0,0,1,0,1,0,1,1,1,1,1,1,0,1,0,0,1,0,0,0,1,1,1,1,0,0,1,0,0,0,0,1,1,1,0,0,1,1,1,0,1,0,0,0,0,0,0,1,1,0,0,0,0,0,0,0,1,0,1,0,0,2.078313524516398,Casirivimab,BM.1.1 Spike
0,0,0,0,0,0,0,0,1,1,0,1,0,0,0,0,1,0,1,0,0,1,0,0,0,0,0,0,0,1,0,1,1,0,0,0,1,0,1,0,1,1,1,1,1,1,0,1,0,0,1,0,0,0,1,1,1,1,0,0,1,0,1,0,0,1,1,1,0,0,1,1,1,0,1,0,0,0,0,0,0,1,1,0,0,0,0,0,0,0,1,0,1,0,0,2.078313524516398,Casirivimab,BM.1.1.1 Spike
0,0,1,0,0,0,0,0,1,1,0,1,0,0,0,0,1,0,1,0,0,1,0,0,0,0,0,0,0,1,0,1,1,0,0,0,1,0,1,0,1,1,1,1,1,1,0,1,0,0,1,0,0,1,1,1,1,1,0,0,0,0,0,0,0,1,1,1,0,0,1,1,1,0,1,0,0,0,0,0,0,1,1,0,0,0,0,0,0,0,1,0,1,0,0,2.078313524516398,Casirivimab,BR.2 Spike
0,1,1,0,0,0,0,0,1,1,0,1,0,0,0,0,1,0,1,0,0,1,0,0,0,0,0,0,0,1,0,1,1,0,0,0,1,0,1,0,1,1,1,1,1,1,0,1,0,0,1,0,0,1,1,1,1,1,0,0,1,0,0,0,0,1,1,1,0,0,1,1,1,0,1,0,0,0,0,0,0,1,1,0,0,0,0,0,0,0,1,0,1,0,0,2.078313524516398,Casirivimab,CA.1 Spike
0,0,1,0,0,0,0,0,0,0,0,0,0,0,0,0,1,0,0,0,0,1,0,0,0,0,0,0,0,0,0,1,1,0,1,0,1,0,1,0,1,1,1,1,1,1,0,1,0,0,0,0,0,1,0,1,1,1,0,0,0,1,0,0,0,1,1,1,0,0,1,1,1,0,1,0,1,0,0,1,0,1,1,0,0,0,0,0,0,0,1,0,1,0,0,2.078313524516398,Casirivimab,BA.4.6.1 Spike
0,0,1,0,0,0,0,0,0,0,0,0,0,0,0,0,1,0,0,0,0,1,0,0,0,0,0,0,0,0,0,1,1,0,1,0,0,0,1,0,1,1,1,1,1,1,0,1,1,0,0,0,0,1,0,1,1,1,0,0,0,1,0,0,0,1,1,1,0,0,1,1,1,0,1,0,1,0,0,1,0,1,1,0,0,0,0,0,0,0,1,0,1,0,0,2.078313524516398,Casirivimab,BA.5.6.2 Spike
0,0,1,0,0,0,0,0,0,0,0,0,0,0,0,0,1,0,0,0,0,1,0,0,0,0,0,0,0,0,0,1,1,0,1,0,0,0,1,0,1,1,1,1,1,1,0,1,1,0,0,0,0,1,1,1,1,1,0,0,0,1,0,0,0,1,1,1,0,0,1,1,1,0,1,0,1,0,0,1,0,1,1,0,0,0,0,0,0,0,1,0,1,0,0,2.078313524516398,Casirivimab,BQ.1 Spike
0,0,1,0,0,1,0,0,0,0,0,0,0,0,0,0,1,0,0,0,0,1,0,0,0,0,0,0,0,0,0,1,1,0,1,0,0,0,1,0,1,1,1,1,1,1,0,1,0,0,0,0,0,1,1,1,1,1,0,0,0,1,0,0,0,1,1,1,0,0,1,1,1,0,1,0,1,0,0,1,0,1,1,0,0,0,0,0,0,0,1,0,1,0,0,2.078313524516398,Casirivimab,BU.1 Spike
0,0,1,0,0,0,0,0,0,0,0,0,0,0,0,0,1,0,0,0,0,1,0,0,0,0,0,0,0,0,0,1,1,0,1,0,0,0,1,0,1,1,1,1,1,1,0,1,0,0,0,0,0,0,1,1,1,0,0,0,0,0,0,0,0,1,1,1,0,0,1,1,1,0,1,0,0,0,0,0,0,1,1,0,0,0,0,0,0,0,1,0,1,0,0,2.1249387366083,Imdevimab,BA.2.3.20 Spike
0,0,0,1,0,1,0,0,0,0,0,0,0,0,0,0,1,0,0,0,0,1,0,0,0,0,1,1,0,0,0,1,1,0,1,0,0,0,1,0,1,1,1,1,1,1,0,1,0,0,1,0,0,0,0,1,1,1,0,0,0,0,0,0,0,1,1,1,0,0,1,1,1,0,1,0,0,0,0,0,0,1,1,0,0,0,0,0,0,0,1,0,1,0,0,2.1249387366083,Imdevimab,BA.2.10.4 Spike
0,0,1,0,0,1,0,0,0,0,0,0,0,0,0,0,1,0,0,0,0,0,0,0,0,0,0,0,0,0,0,1,1,0,0,0,1,1,1,0,1,1,1,1,1,1,0,1,0,1,1,0,0,0,1,1,1,1,0,0,1,0,1,0,0,1,1,1,0,0,1,1,1,0,1,0,0,0,0,0,0,1,1,0,1,0,0,0,0,0,1,0,1,0,0,3.828230114726961,Imdevimab,XBB Spike
0,0,0,0,0,0,0,0,1,1,0,1,0,0,0,0,1,0,1,0,0,1,0,0,0,0,0,0,0,1,0,1,1,0,0,0,1,0,1,0,1,1,1,1,1,1,0,1,0,0,1,0,0,0,1,1,1,1,0,0,0,0,0,0,0,1,1,1,0,0,1,1,1,0,1,0,0,0,0,0,0,1,1,0,0,0,0,0,0,0,1,0,1,0,0,2.1249387366083,Imdevimab,BL.1 Spike
0,0,0,0,0,0,0,0,1,1,0,1,0,0,0,0,1,0,1,0,0,1,0,0,0,0,0,0,0,1,0,1,1,0,0,0,0,0,1,0,1,1,1,1,1,1,0,1,0,0,1,0,0,1,1,1,1,1,0,0,0,0,0,0,0,1,1,1,0,0,1,1,1,0,1,0,0,0,0,0,0,1,1,0,0,0,0,0,0,0,1,0,1,0,0,2.1249387366083,Imdevimab,BR.1 Spike
0,0,1,0,0,0,0,0,1,1,0,1,0,0,0,0,1,0,1,0,0,1,0,0,0,0,0,0,0,1,0,1,1,0,0,0,0,0,1,0,1,1,1,1,1,1,0,1,0,0,1,0,0,0,1,1,1,1,0,0,0,0,1,0,0,1,1,1,0,0,1,1,1,0,1,0,0,0,0,0,0,1,1,0,0,0,0,0,0,0,1,0,1,0,0,2.1249387366083,Imdevimab,BN.2.1 Spike
0,0,1,0,0,0,0,0,1,1,0,1,0,0,0,0,1,0,1,0,0,1,0,0,0,0,0,0,0,1,0,1,1,0,0,0,1,0,1,0,1,1,1,1,1,1,0,1,0,0,1,0,0,0,1,1,1,1,0,0,0,0,1,0,0,1,1,1,0,0,1,1,1,0,1,0,0,0,0,0,0,1,1,0,0,0,0,0,0,0,1,0,1,0,0,2.1249387366083,Imdevimab,BN.1 Spike
0,0,1,0,0,0,0,0,1,1,0,1,0,0,0,0,1,0,1,0,0,1,0,0,0,0,0,0,0,1,0,1,1,0,0,0,1,0,1,0,1,1,1,1,1,1,0,1,0,0,1,0,0,0,1,1,1,1,0,0,1,0,0,0,0,1,1,1,0,0,1,1,1,0,1,0,0,0,0,0,0,1,1,0,0,0,0,0,0,0,1,0,1,0,0,2.1249387366083,Imdevimab,BM.1.1 Spike
0,0,0,0,0,0,0,0,1,1,0,1,0,0,0,0,1,0,1,0,0,1,0,0,0,0,0,0,0,1,0,1,1,0,0,0,1,0,1,0,1,1,1,1,1,1,0,1,0,0,1,0,0,0,1,1,1,1,0,0,1,0,1,0,0,1,1,1,0,0,1,1,1,0,1,0,0,0,0,0,0,1,1,0,0,0,0,0,0,0,1,0,1,0,0,2.1249387366083,Imdevimab,BM.1.1.1 Spike
0,0,1,0,0,0,0,0,1,1,0,1,0,0,0,0,1,0,1,0,0,1,0,0,0,0,0,0,0,1,0,1,1,0,0,0,1,0,1,0,1,1,1,1,1,1,0,1,0,0,1,0,0,1,1,1,1,1,0,0,0,0,0,0,0,1,1,1,0,0,1,1,1,0,1,0,0,0,0,0,0,1,1,0,0,0,0,0,0,0,1,0,1,0,0,2.1249387366083,Imdevimab,BR.2 Spike
0,1,1,0,0,0,0,0,1,1,0,1,0,0,0,0,1,0,1,0,0,1,0,0,0,0,0,0,0,1,0,1,1,0,0,0,1,0,1,0,1,1,1,1,1,1,0,1,0,0,1,0,0,1,1,1,1,1,0,0,1,0,0,0,0,1,1,1,0,0,1,1,1,0,1,0,0,0,0,0,0,1,1,0,0,0,0,0,0,0,1,0,1,0,0,2.1249387366083,Imdevimab,CA.1 Spike
0,0,1,0,0,0,0,0,0,0,0,0,0,0,0,0,1,0,0,0,0,1,0,0,0,0,0,0,0,0,0,1,1,0,1,0,1,0,1,0,1,1,1,1,1,1,0,1,0,0,0,0,0,1,0,1,1,1,0,0,0,1,0,0,0,1,1,1,0,0,1,1,1,0,1,0,1,0,0,1,0,1,1,0,0,0,0,0,0,0,1,0,1,0,0,2.1249387366083,Imdevimab,BA.4.6.1 Spike
0,0,1,0,0,0,0,0,0,0,0,0,0,0,0,0,1,0,0,0,0,1,0,0,0,0,0,0,0,0,0,1,1,0,1,0,0,0,1,0,1,1,1,1,1,1,0,1,1,0,0,0,0,1,0,1,1,1,0,0,0,1,0,0,0,1,1,1,0,0,1,1,1,0,1,0,1,0,0,1,0,1,1,0,0,0,0,0,0,0,1,0,1,0,0,2.1249387366083,Imdevimab,BA.5.6.2 Spike
0,0,1,0,0,0,0,0,0,0,0,0,0,0,0,0,1,0,0,0,0,1,0,0,0,0,0,0,0,0,0,1,1,0,1,0,0,0,1,0,1,1,1,1,1,1,0,1,1,0,0,0,0,1,1,1,1,1,0,0,0,1,0,0,0,1,1,1,0,0,1,1,1,0,1,0,1,0,0,1,0,1,1,0,0,0,0,0,0,0,1,0,1,0,0,2.1249387366083,Imdevimab,BQ.1 Spike
0,0,1,0,0,1,0,0,0,0,0,0,0,0,0,0,1,0,0,0,0,1,0,0,0,0,0,0,0,0,0,1,1,0,1,0,0,0,1,0,1,1,1,1,1,1,0,1,0,0,0,0,0,1,1,1,1,1,0,0,0,1,0,0,0,1,1,1,0,0,1,1,1,0,1,0,1,0,0,1,0,1,1,0,0,0,0,0,0,0,1,0,1,0,0,2.1249387366083,Imdevimab,BU.1 Spike
0,0,1,0,0,0,0,0,0,0,0,0,0,0,0,0,1,0,0,0,0,1,0,0,0,0,0,0,0,0,0,1,1,0,1,0,0,0,1,0,1,1,1,1,1,0,0,1,0,0,0,0,0,0,0,1,1,1,0,0,0,0,0,1,0,1,1,1,0,0,1,1,1,0,1,0,0,0,0,0,0,1,1,0,0,0,0,0,0,0,1,0,1,0,0,2.078313524516398,Casirivimab,BA.2.38.1 Spike
0,0,1,0,0,0,0,0,0,0,0,0,0,0,0,0,1,0,0,0,0,1,0,0,0,0,0,0,0,0,0,1,1,0,1,0,1,0,1,0,1,1,1,1,1,1,0,1,0,0,0,0,0,0,0,1,1,1,0,0,0,0,0,1,0,1,1,1,0,0,1,1,1,0,1,0,0,0,0,0,0,1,1,0,0,0,0,0,0,0,1,0,1,0,0,2.078313524516398,Casirivimab,BA.2.74 Spike
0,0,1,0,0,0,0,0,0,0,0,0,0,0,0,0,1,0,0,0,0,1,0,0,0,0,0,0,0,0,0,1,1,0,1,0,1,0,1,0,1,1,1,1,1,1,0,1,0,0,0,0,0,0,0,1,1,1,0,0,0,0,0,1,0,1,1,1,0,0,1,1,1,0,1,0,0,0,0,0,0,1,1,0,0,0,0,0,0,0,1,0,1,0,0,2.078313524516398,Casirivimab,BA.2.76 Spike
0,0,1,0,0,0,0,0,0,0,0,0,0,0,0,0,1,0,0,0,0,1,0,0,0,0,0,0,0,0,0,1,1,0,1,0,0,0,1,0,1,1,1,1,1,1,0,1,0,0,0,0,0,1,0,1,1,1,0,0,0,0,0,1,0,1,1,1,0,0,1,1,1,0,1,0,1,0,0,1,0,1,1,0,0,0,0,0,0,0,1,0,1,0,0,2.078313524516398,Casirivimab,BA.2.77 Spike
0,0,1,0,0,0,0,0,0,0,0,0,0,0,0,0,1,0,0,0,0,1,0,0,0,0,0,0,0,0,0,1,1,0,1,0,0,0,1,0,1,1,1,1,1,1,0,1,0,0,0,0,0,0,0,1,1,1,0,0,0,0,0,1,0,1,1,1,0,0,1,1,1,0,1,0,0,0,0,0,0,1,1,0,0,0,0,0,0,0,1,0,1,0,0,2.078313524516398,Casirivimab,BA.2.79 Spike
0,0,1,0,0,0,0,0,0,0,0,0,0,0,0,0,1,0,0,0,0,1,0,0,0,0,0,0,0,0,0,1,1,0,1,0,1,0,1,0,1,1,1,1,1,1,0,1,0,0,0,0,0,0,0,1,1,1,0,0,0,0,0,1,0,1,1,1,0,0,1,1,1,0,1,0,0,0,0,0,0,1,1,0,0,0,0,0,0,0,1,0,1,0,0,2.078313524516398,Casirivimab,BA.2.80 Spike
0,0,1,0,0,0,0,0,1,1,0,1,0,0,0,0,1,0,1,0,0,1,0,0,0,0,0,0,0,1,0,1,1,0,0,0,0,0,1,0,1,1,1,1,1,1,0,1,0,0,1,0,0,1,1,1,1,1,0,0,0,0,0,0,0,1,1,1,0,0,1,1,1,0,1,0,0,0,0,0,0,1,1,0,0,0,0,0,0,0,1,0,1,0,0,1.4745128716121343,Casirivimab,BA.2.75.4 Spike
0,0,1,0,0,0,0,0,1,1,0,1,0,0,0,0,1,0,1,0,0,1,0,0,0,0,0,0,0,1,0,1,1,0,0,0,1,0,1,0,1,1,1,1,1,1,0,1,0,0,1,0,0,0,1,1,1,1,0,0,0,0,0,0,0,1,1,1,0,0,1,1,1,0,1,0,0,0,0,0,0,1,1,0,0,0,0,0,0,0,1,0,1,0,0,1.4674796088809305,Casirivimab,BA.2.75.5 Spike
0,0,1,0,0,0,0,0,1,1,0,1,0,0,0,0,1,0,1,0,0,1,0,0,0,0,0,0,0,1,0,1,1,0,0,0,0,0,1,0,1,1,1,1,1,1,0,1,0,0,1,0,0,0,1,1,1,1,0,0,1,0,0,0,0,1,1,1,0,0,1,1,1,0,1,0,0,0,0,0,0,1,1,0,0,0,0,0,0,0,1,0,1,0,0,2.078313524516398,Casirivimab,BM.1 Spike
0,0,1,0,0,0,0,0,0,0,0,0,0,0,0,0,1,0,0,0,0,1,0,0,0,0,0,0,0,0,0,1,1,0,1,0,0,0,1,0,1,1,1,1,1,1,0,1,0,0,0,0,0,1,0,1,1,1,0,0,0,1,0,0,0,1,1,1,0,0,1,1,1,0,1,0,1,0,0,1,0,1,1,0,0,0,0,0,0,0,1,0,1,0,0,2.078313524516398,Casirivimab,BF.16 Spike
0,0,1,0,0,0,0,0,0,0,0,0,0,0,0,0,1,0,0,0,0,1,0,0,0,0,0,0,0,0,0,1,1,0,1,0,0,0,1,0,1,1,1,1,1,1,0,1,0,0,0,0,0,1,0,1,1,1,0,0,0,1,0,0,0,1,1,1,0,0,1,1,1,0,1,0,1,0,0,1,0,1,1,0,0,0,0,0,0,0,1,0,1,0,0,2.078313524516398,Casirivimab,BA.4.7 Spike
0,0,1,0,0,0,0,0,0,0,0,0,0,0,0,0,1,0,0,0,0,1,0,0,0,0,0,0,0,0,0,1,1,0,1,0,0,0,1,0,1,1,1,1,1,1,0,1,0,0,0,0,0,1,0,1,1,1,0,0,0,1,0,0,0,1,1,1,0,0,1,1,1,0,1,0,1,0,0,1,0,1,1,0,0,0,0,0,0,0,1,0,1,0,0,2.078313524516398,Casirivimab,BA.5.9 Spike
0,0,1,0,0,0,0,0,0,0,0,0,0,0,0,0,1,0,0,0,0,1,0,0,0,0,0,0,0,0,0,1,1,0,1,0,0,0,1,0,1,1,1,1,1,1,0,1,0,0,0,0,0,1,0,1,1,1,0,0,0,1,0,0,0,1,1,1,0,0,1,1,1,0,1,0,1,0,0,1,0,1,1,0,0,0,0,0,0,0,1,0,1,0,0,2.078313524516398,Casirivimab,BA.5.5.1 Spike
0,0,1,0,0,0,0,0,0,0,0,0,0,0,0,0,1,0,0,0,0,1,0,0,0,0,0,0,0,0,0,1,1,0,1,0,0,0,1,0,1,1,1,1,1,1,0,1,0,0,0,0,0,1,0,1,1,1,0,0,0,1,0,0,0,1,1,1,0,0,1,1,1,0,1,0,1,0,0,1,0,1,1,0,0,0,0,0,0,0,1,0,1,0,0,2.078313524516398,Casirivimab,BA.5.2.7 Spike
0,0,1,0,0,0,0,0,0,0,0,0,0,0,0,0,1,0,0,0,0,1,0,0,0,0,0,0,0,0,0,1,1,0,1,0,0,0,1,0,1,1,1,1,1,1,0,1,0,0,0,0,0,1,0,1,1,1,0,0,0,1,0,0,0,1,1,1,0,0,1,1,1,0,1,0,1,0,0,1,0,1,1,0,0,0,0,0,0,0,1,0,1,0,0,2.078313524516398,Casirivimab,BA.5.1.12 Spike
0,0,1,0,0,0,0,0,0,0,0,0,0,0,0,0,1,0,0,0,0,1,0,0,0,0,0,0,0,0,0,1,1,0,1,0,0,0,1,0,1,1,1,1,1,0,0,1,0,0,0,0,0,0,0,1,1,1,0,0,0,0,0,1,0,1,1,1,0,0,1,1,1,0,1,0,0,0,0,0,0,1,1,0,0,0,0,0,0,0,1,0,1,0,0,2.1249387366083,Imdevimab,BA.2.38.1 Spike
0,0,1,0,0,0,0,0,0,0,0,0,0,0,0,0,1,0,0,0,0,1,0,0,0,0,0,0,0,0,0,1,1,0,1,0,1,0,1,0,1,1,1,1,1,1,0,1,0,0,0,0,0,0,0,1,1,1,0,0,0,0,0,1,0,1,1,1,0,0,1,1,1,0,1,0,0,0,0,0,0,1,1,0,0,0,0,0,0,0,1,0,1,0,0,2.1249387366083,Imdevimab,BA.2.74 Spike
0,0,1,0,0,0,0,0,0,0,0,0,0,0,0,0,1,0,0,0,0,1,0,0,0,0,0,0,0,0,0,1,1,0,1,0,1,0,1,0,1,1,1,1,1,1,0,1,0,0,0,0,0,0,0,1,1,1,0,0,0,0,0,1,0,1,1,1,0,0,1,1,1,0,1,0,0,0,0,0,0,1,1,0,0,0,0,0,0,0,1,0,1,0,0,2.1249387366083,Imdevimab,BA.2.76 Spike
0,0,1,0,0,0,0,0,0,0,0,0,0,0,0,0,1,0,0,0,0,1,0,0,0,0,0,0,0,0,0,1,1,0,1,0,0,0,1,0,1,1,1,1,1,1,0,1,0,0,0,0,0,1,0,1,1,1,0,0,0,0,0,1,0,1,1,1,0,0,1,1,1,0,1,0,1,0,0,1,0,1,1,0,0,0,0,0,0,0,1,0,1,0,0,1.9425041061680806,Imdevimab,BA.2.77 Spike
0,0,1,0,0,0,0,0,0,0,0,0,0,0,0,0,1,0,0,0,0,1,0,0,0,0,0,0,0,0,0,1,1,0,1,0,0,0,1,0,1,1,1,1,1,1,0,1,0,0,0,0,0,0,0,1,1,1,0,0,0,0,0,1,0,1,1,1,0,0,1,1,1,0,1,0,0,0,0,0,0,1,1,0,0,0,0,0,0,0,1,0,1,0,0,2.1249387366083,Imdevimab,BA.2.79 Spike
0,0,1,0,0,0,0,0,0,0,0,0,0,0,0,0,1,0,0,0,0,1,0,0,0,0,0,0,0,0,0,1,1,0,1,0,1,0,1,0,1,1,1,1,1,1,0,1,0,0,0,0,0,0,0,1,1,1,0,0,0,0,0,1,0,1,1,1,0,0,1,1,1,0,1,0,0,0,0,0,0,1,1,0,0,0,0,0,0,0,1,0,1,0,0,2.1249387366083,Imdevimab,BA.2.80 Spike
0,0,1,0,0,0,0,0,1,1,0,1,0,0,0,0,1,0,1,0,0,1,0,0,0,0,0,0,0,1,0,1,1,0,0,0,0,0,1,0,1,1,1,1,1,1,0,1,0,0,1,0,0,1,1,1,1,1,0,0,0,0,0,0,0,1,1,1,0,0,1,1,1,0,1,0,0,0,0,0,0,1,1,0,0,0,0,0,0,0,1,0,1,0,0,2.1249387366083,Imdevimab,BA.2.75.4 Spike
0,0,1,0,0,0,0,0,1,1,0,1,0,0,0,0,1,0,1,0,0,1,0,0,0,0,0,0,0,1,0,1,1,0,0,0,1,0,1,0,1,1,1,1,1,1,0,1,0,0,1,0,0,0,1,1,1,1,0,0,0,0,0,0,0,1,1,1,0,0,1,1,1,0,1,0,0,0,0,0,0,1,1,0,0,0,0,0,0,0,1,0,1,0,0,2.1249387366083,Imdevimab,BA.2.75.5 Spike
0,0,1,0,0,0,0,0,1,1,0,1,0,0,0,0,1,0,1,0,0,1,0,0,0,0,0,0,0,1,0,1,1,0,0,0,0,0,1,0,1,1,1,1,1,1,0,1,0,0,1,0,0,0,1,1,1,1,0,0,1,0,0,0,0,1,1,1,0,0,1,1,1,0,1,0,0,0,0,0,0,1,1,0,0,0,0,0,0,0,1,0,1,0,0,2.1249387366083,Imdevimab,BM.1 Spike
0,0,1,0,0,0,0,0,0,0,0,0,0,0,0,0,1,0,0,0,0,1,0,0,0,0,0,0,0,0,0,1,1,0,1,0,0,0,1,0,1,1,1,1,1,1,0,1,0,0,0,0,0,1,0,1,1,1,0,0,0,1,0,0,0,1,1,1,0,0,1,1,1,0,1,0,1,0,0,1,0,1,1,0,0,0,0,0,0,0,1,0,1,0,0,2.0708994401858685,Imdevimab,BF.16 Spike
0,0,1,0,0,0,0,0,0,0,0,0,0,0,0,0,1,0,0,0,0,1,0,0,0,0,0,0,0,0,0,1,1,0,1,0,0,0,1,0,1,1,1,1,1,1,0,1,0,0,0,0,0,1,0,1,1,1,0,0,0,1,0,0,0,1,1,1,0,0,1,1,1,0,1,0,1,0,0,1,0,1,1,0,0,0,0,0,0,0,1,0,1,0,0,2.1249387366083,Imdevimab,BA.4.7 Spike
0,0,1,0,0,0,0,0,0,0,0,0,0,0,0,0,1,0,0,0,0,1,0,0,0,0,0,0,0,0,0,1,1,0,1,0,0,0,1,0,1,1,1,1,1,1,0,1,0,0,0,0,0,1,0,1,1,1,0,0,0,1,0,0,0,1,1,1,0,0,1,1,1,0,1,0,1,0,0,1,0,1,1,0,0,0,0,0,0,0,1,0,1,0,0,2.1249387366083,Imdevimab,BA.5.9 Spike
0,0,1,0,0,0,0,0,0,0,0,0,0,0,0,0,1,0,0,0,0,1,0,0,0,0,0,0,0,0,0,1,1,0,1,0,0,0,1,0,1,1,1,1,1,1,0,1,0,0,0,0,0,1,0,1,1,1,0,0,0,1,0,0,0,1,1,1,0,0,1,1,1,0,1,0,1,0,0,1,0,1,1,0,0,0,0,0,0,0,1,0,1,0,0,2.1249387366083,Imdevimab,BA.5.5.1 Spike
0,0,1,0,0,0,0,0,0,0,0,0,0,0,0,0,1,0,0,0,0,1,0,0,0,0,0,0,0,0,0,1,1,0,1,0,0,0,1,0,1,1,1,1,1,1,0,1,0,0,0,0,0,1,0,1,1,1,0,0,0,1,0,0,0,1,1,1,0,0,1,1,1,0,1,0,1,0,0,1,0,1,1,0,0,0,0,0,0,0,1,0,1,0,0,2.1249387366083,Imdevimab,BA.5.2.7 Spike
0,0,1,0,0,0,0,0,0,0,0,0,0,0,0,0,1,0,0,0,0,1,0,0,0,0,0,0,0,0,0,1,1,0,1,0,0,0,1,0,1,1,1,1,1,1,0,1,0,0,0,0,0,1,0,1,1,1,0,0,0,1,0,0,0,1,1,1,0,0,1,1,1,0,1,0,1,0,0,1,0,1,1,0,0,0,0,0,0,0,1,0,1,0,0,2.1249387366083,Imdevimab,BA.5.1.12 Spike
0,0,1,0,0,1,0,0,0,0,0,0,0,0,0,0,1,0,0,0,0,1,0,0,0,0,0,0,0,0,0,1,1,0,1,0,1,0,1,0,1,1,1,1,1,1,0,1,0,0,0,0,0,1,1,1,1,1,0,0,0,0,0,0,0,1,1,1,0,0,1,1,1,0,1,0,0,0,0,0,0,1,1,0,0,0,0,0,0,0,1,0,1,0,0,1.0421013518619533,Casirivimab,BS.1.1 Spike
0,0,1,0,0,1,0,0,0,0,0,0,0,0,0,0,1,0,0,0,0,1,0,0,0,0,0,0,0,0,0,1,1,0,1,0,1,0,1,0,1,1,1,1,1,1,0,1,0,0,0,0,0,1,1,1,1,1,0,0,0,0,0,0,0,1,1,1,0,0,1,1,1,0,1,0,0,0,0,0,0,1,1,0,0,0,0,0,0,0,1,0,1,0,0,1.7634279935629373,Imdevimab,BS.1.1 Spike
0,0,1,0,0,1,0,0,0,0,0,0,1,0,0,0,1,0,0,0,0,0,0,0,0,0,1,1,0,0,0,0,0,0,0,0,0,0,1,0,1,1,1,1,1,1,0,1,0,0,1,0,0,0,0,1,1,1,0,0,0,0,0,0,0,1,1,1,0,0,1,1,1,0,1,0,0,0,0,0,0,1,1,0,0,0,0,0,0,0,1,0,1,0,0,3.078313524516398,Casirivimab,XBC Spike
0,0,1,0,0,1,0,0,0,0,0,0,1,0,0,0,1,0,0,0,0,0,0,0,0,0,1,1,0,0,0,0,0,0,0,0,0,0,1,0,1,1,1,1,1,1,0,1,0,0,1,0,0,0,0,1,1,1,0,0,0,0,0,0,0,1,1,1,0,0,1,1,1,0,1,0,0,0,0,0,0,1,1,0,0,0,0,0,0,0,1,0,1,0,0,3.1249387366083,Imdevimab,XBC Spike
0,0,1,0,0,0,0,0,1,1,0,1,0,0,0,0,1,0,1,0,0,1,0,0,0,0,0,0,0,1,0,1,1,0,0,0,1,0,1,0,1,1,1,1,1,1,0,1,0,0,1,0,0,0,1,1,1,1,0,0,0,0,1,0,0,1,1,1,0,0,1,1,1,0,1,0,0,0,0,0,0,1,1,0,0,0,0,0,0,0,1,0,1,0,0,3.078313524516398,Casirivimab,CJ.1 Spike
0,0,1,0,0,0,0,0,1,1,0,1,0,0,0,0,1,0,1,0,0,1,0,0,0,0,0,0,0,1,0,1,1,0,0,0,1,0,1,0,1,1,1,1,1,1,0,1,0,0,1,0,0,0,1,1,1,1,0,0,0,0,1,0,0,1,1,1,0,0,1,1,1,0,1,0,0,0,0,0,0,1,1,0,0,0,0,0,0,0,1,0,1,0,0,3.1249387366083,Imdevimab,CJ.1 Spike
0,1,1,0,0,0,0,0,1,1,0,1,0,0,0,0,1,0,1,0,0,1,0,0,0,0,0,0,0,1,0,1,1,0,0,0,1,0,1,0,1,1,1,1,1,1,0,1,0,0,1,0,0,0,1,1,1,1,0,0,1,0,0,0,0,1,1,1,0,0,1,1,1,0,1,0,0,0,0,0,0,1,1,0,0,0,0,0,0,0,1,0,1,0,0,3.078313524516398,Casirivimab,CA.2 Spike
0,1,1,0,0,0,0,0,1,1,0,1,0,0,0,0,1,0,1,0,0,1,0,0,0,0,0,0,0,1,0,1,1,0,0,0,1,0,1,0,1,1,1,1,1,1,0,1,0,0,1,0,0,0,1,1,1,1,0,0,1,0,0,0,0,1,1,1,0,0,1,1,1,0,1,0,0,0,0,0,0,1,1,0,0,0,0,0,0,0,1,0,1,0,0,3.1249387366083,Imdevimab,CA.2 Spike
0,0,1,0,0,0,0,0,1,1,0,1,0,0,0,0,1,0,1,0,0,1,0,0,0,0,0,0,0,1,0,1,1,0,0,0,1,0,1,0,1,1,1,1,1,1,0,1,1,0,1,0,0,1,1,1,1,1,0,0,1,0,0,0,0,1,1,1,0,0,1,1,1,0,1,0,0,0,0,0,0,1,1,0,0,0,0,0,0,0,1,0,1,0,0,3.078313524516398,Casirivimab,CH.1.1 Spike
0,0,1,0,0,0,0,0,1,1,0,1,0,0,0,0,1,0,1,0,0,1,0,0,0,0,0,0,0,1,0,1,1,0,0,0,1,0,1,0,1,1,1,1,1,1,0,1,1,0,1,0,0,1,1,1,1,1,0,0,1,0,0,0,0,1,1,1,0,0,1,1,1,0,1,0,0,0,0,0,0,1,1,0,0,0,0,0,0,0,1,0,1,0,0,3.1249387366083,Imdevimab,CH.1.1 Spike
0,0,1,0,0,0,0,0,0,0,0,0,0,0,0,0,1,0,0,0,0,1,0,0,0,0,0,0,0,0,0,1,1,0,1,0,1,0,1,0,1,1,1,1,1,1,0,1,0,0,0,0,0,1,0,1,1,1,0,0,0,1,0,0,0,1,1,1,0,0,1,1,1,0,1,0,1,0,0,1,0,1,1,0,0,0,0,0,0,0,1,0,1,0,0,3.078313524516398,Casirivimab,BF.7 Spike
0,0,1,0,0,0,0,0,0,0,0,0,0,0,0,0,1,0,0,0,0,1,0,0,0,0,0,0,0,0,0,1,1,0,1,0,1,0,1,0,1,1,1,1,1,1,0,1,0,0,0,0,0,1,0,1,1,1,0,0,0,1,0,0,0,1,1,1,0,0,1,1,1,0,1,0,1,0,0,1,0,1,1,0,0,0,0,0,0,0,1,0,1,0,0,2.46637326118644,Imdevimab,BF.7 Spike
0,0,1,0,0,1,0,0,0,0,0,0,0,0,0,0,1,0,0,0,0,1,0,0,0,0,0,0,0,0,0,1,1,0,1,0,1,0,1,0,1,1,1,1,1,1,0,1,0,0,0,0,0,1,1,1,1,1,0,0,0,1,0,0,0,1,1,1,0,0,1,1,1,0,1,0,1,0,0,1,0,1,1,0,0,0,0,0,0,0,1,0,1,0,0,3.078313524516398,Casirivimab,BA.4.6.3 Spike
0,0,1,0,0,1,0,0,0,0,0,0,0,0,0,0,1,0,0,0,0,1,0,0,0,0,0,0,0,0,0,1,1,0,1,0,1,0,1,0,1,1,1,1,1,1,0,1,0,0,0,0,0,1,1,1,1,1,0,0,0,1,0,0,0,1,1,1,0,0,1,1,1,0,1,0,1,0,0,1,0,1,1,0,0,0,0,0,0,0,1,0,1,0,0,3.1249387366083,Imdevimab,BA.4.6.3 Spike
0,0,0,0,0,0,0,0,0,0,0,0,0,0,0,0,0,0,0,0,0,0,0,0,0,0,0,0,0,0,0,0,0,0,0,0,0,0,0,0,0,0,0,0,0,0,0,0,0,0,0,0,0,0,0,0,0,0,0,0,0,0,0,0,0,0,1,0,0,0,1,0,0,0,0,0,0,0,0,0,0,0,0,0,0,0,0,0,0,0,0,0,0,0,0,0.06508525878264282,Casirivimab,S:501Y+614G
0,0,0,0,0,0,0,0,0,0,0,0,0,0,0,0,0,0,0,0,0,0,0,0,0,0,0,0,0,0,0,0,0,0,0,0,0,0,0,0,0,0,0,0,0,0,0,0,0,0,0,0,0,0,0,0,0,0,0,0,0,0,0,0,0,0,1,0,0,0,1,0,0,0,0,0,0,0,0,0,0,0,0,0,0,0,0,0,0,0,0,0,0,0,0,0.6092385759550858,Imdevimab,S:501Y+614G
0,0,0,0,0,1,0,1,0,0,0,0,0,0,0,0,0,0,0,0,0,0,0,0,0,0,0,0,0,0,0,0,0,0,0,0,0,0,0,0,0,0,0,0,0,0,0,0,0,0,0,0,0,0,0,0,0,0,0,0,0,0,0,0,0,0,1,0,0,0,1,0,0,0,1,0,1,0,0,1,1,0,0,0,0,0,0,0,0,0,0,0,0,0,0,-0.018596488491658514,Casirivimab,S:69del+70del+144del+145del+501Y+570D+614G+681H+716I+982A+1118H
0,0,0,0,0,1,0,1,0,0,0,0,0,0,0,0,0,0,0,0,0,0,0,0,0,0,0,0,0,0,0,0,0,0,0,0,0,0,0,0,0,0,0,0,0,0,0,0,0,0,0,0,0,0,0,0,0,0,0,0,0,0,0,0,0,0,1,0,0,0,1,0,0,0,1,0,1,0,0,1,1,0,0,0,0,0,0,0,0,0,0,0,0,0,0,-0.029963223377443282,Imdevimab,S:69del+70del+144del+145del+501Y+570D+614G+681H+716I+982A+1118H
0,0,0,0,0,0,0,0,0,0,0,0,0,0,0,0,0,0,0,0,0,0,0,1,0,1,1,1,0,0,0,0,0,0,0,0,0,0,0,0,0,0,0,0,0,1,0,0,0,0,0,0,0,0,0,0,0,0,1,0,0,0,0,0,0,0,1,0,0,0,1,0,0,0,0,0,0,1,0,0,0,0,0,1,0,0,0,0,0,0,0,1,0,0,0,3.0542964682289444,Casirivimab,S:80A+95I+215G+242del+243del+244del+417N+484K+501Y+614G+701V
0,0,0,0,0,0,0,0,0,0,0,0,0,0,0,0,0,0,0,0,0,0,0,1,0,1,1,1,0,0,0,0,0,0,0,0,0,0,0,0,0,0,0,0,0,1,0,0,0,0,0,0,0,0,0,0,0,0,1,0,0,0,0,0,0,0,1,0,0,0,1,0,0,0,0,0,0,1,0,0,0,0,0,1,0,0,0,0,0,0,0,1,0,0,0,-0.2730012720637377,Imdevimab,S:80A+95I+215G+242del+243del+244del+417N+484K+501Y+614G+701V
0,0,0,0,0,0,0,0,0,0,0,0,0,0,1,1,0,0,0,0,0,0,0,0,0,0,0,0,0,0,0,0,0,0,0,0,0,0,0,0,0,0,0,0,0,0,0,0,0,0,0,0,0,0,0,0,0,0,1,0,0,0,0,0,0,0,1,0,0,0,1,1,0,0,0,0,0,0,0,0,0,0,0,0,0,0,0,0,0,0,0,0,0,0,0,2.467851701848347,Casirivimab,S:18F+20N+26S+138Y+190S+417T+484K+501Y+614G+655Y+1027I+1176F
0,0,0,0,0,0,0,0,0,0,0,0,0,0,1,1,0,0,0,0,0,0,0,0,0,0,0,0,0,0,0,0,0,0,0,0,0,0,0,0,0,0,0,0,0,0,0,0,0,0,0,0,0,0,0,0,0,0,1,0,0,0,0,0,0,0,1,0,0,0,1,1,0,0,0,0,0,0,0,0,0,0,0,0,0,0,0,0,0,0,0,0,0,0,0,-0.09691001300805646,Imdevimab,S:18F+20N+26S+138Y+190S+417T+484K+501Y+614G+655Y+1027I+1176F
0,0,0,0,0,0,0,0,0,0,0,0,0,0,0,0,0,0,0,0,0,0,0,0,0,0,0,0,0,0,0,0,0,0,0,0,0,0,0,0,0,0,0,0,0,0,0,0,0,0,0,0,0,1,0,0,0,0,0,0,0,0,0,0,0,0,0,0,0,0,1,0,0,0,0,0,0,0,0,0,0,0,0,0,0,0,0,0,0,0,0,0,0,0,0,0.03255603395572282,Casirivimab,S:13I+152C+452R+614G
0,0,0,0,0,0,0,0,0,0,0,0,0,0,0,0,0,0,0,0,0,0,0,0,0,0,0,0,0,0,0,0,0,0,0,0,0,0,0,0,0,0,0,0,0,0,0,0,0,0,0,0,0,1,0,0,0,0,0,0,0,0,0,0,0,0,0,0,0,0,1,0,0,0,0,0,0,0,0,0,0,0,0,0,0,0,0,0,0,0,0,0,0,0,0,1.0861224464207355,Imdevimab,S:13I+152C+452R+614G
0,0,1,0,0,0,0,0,0,0,0,0,0,0,0,0,0,0,0,0,0,0,0,0,0,0,0,0,0,0,0,0,0,0,0,0,0,0,0,0,0,0,0,0,0,0,0,0,0,0,0,0,0,1,0,0,0,0,0,0,0,0,0,0,0,0,0,0,0,0,1,0,0,0,0,1,0,0,0,0,0,0,0,0,0,0,0,0,0,0,0,0,0,0,0,1.2021651654834837,Casirivimab,S:142D+154K+452R+484Q+614G+681R+1071H+1101D
0,0,1,0,0,0,0,0,0,0,0,0,0,0,0,0,0,0,0,0,0,0,0,0,0,0,0,0,0,0,0,0,0,0,0,0,0,0,0,0,0,0,0,0,0,0,0,0,0,0,0,0,0,1,0,0,0,0,0,0,0,0,0,0,0,0,0,0,0,0,1,0,0,0,0,1,0,0,0,0,0,0,0,0,0,0,0,0,0,0,0,0,0,0,0,1.093421685162235,Imdevimab,S:142D+154K+452R+484Q+614G+681R+1071H+1101D
0,0,0,0,0,0,0,0,0,0,0,0,0,0,0,0,0,0,0,0,0,0,0,0,0,0,0,0,0,0,0,0,0,0,0,0,0,0,0,0,0,0,0,0,0,0,0,0,0,0,0,0,0,0,0,1,0,0,0,0,0,0,0,0,0,0,0,0,0,0,1,0,0,0,0,0,0,1,0,0,0,0,0,0,0,0,0,0,0,0,0,1,0,0,0,-0.31962648415563966,Casirivimab,B.1.526/S477N Spike
0,0,0,0,0,0,0,0,0,0,0,0,0,0,0,0,0,0,0,0,0,0,0,0,0,0,0,0,0,0,0,0,0,0,0,0,0,0,0,0,0,0,0,0,0,0,0,0,0,0,0,0,0,0,0,1,0,0,0,0,0,0,0,0,0,0,0,0,0,0,1,0,0,0,0,0,0,1,0,0,0,0,0,0,0,0,0,0,0,0,0,1,0,0,0,0.9761970853273751,Imdevimab,B.1.526/S477N Spike
0,0,0,0,0,0,0,0,0,0,0,0,0,0,0,0,0,0,0,0,0,0,0,0,0,0,0,0,0,0,0,0,0,0,0,0,0,0,0,0,0,0,0,0,0,0,0,0,0,0,0,0,0,0,0,0,0,0,1,0,0,0,0,0,0,0,0,0,0,0,1,0,0,0,0,0,0,1,0,0,0,0,0,0,0,0,0,0,0,0,0,1,0,0,0,1.0739487191139478,Casirivimab,B.1.526/E484K Spike
0,0,0,0,0,0,0,0,0,0,0,0,0,0,0,0,0,0,0,0,0,0,0,0,0,0,0,0,0,0,0,0,0,0,0,0,0,0,0,0,0,0,0,0,0,0,0,0,0,0,0,0,0,0,0,0,0,0,1,0,0,0,0,0,0,0,0,0,0,0,1,0,0,0,0,0,0,1,0,0,0,0,0,0,0,0,0,0,0,0,0,1,0,0,0,0.910268571619067,Imdevimab,B.1.526/E484K Spike
0,0,0,0,0,0,0,1,0,0,0,0,0,0,0,0,0,0,0,0,0,0,0,0,0,0,0,0,0,0,0,0,0,0,0,0,0,0,0,0,0,0,0,0,0,0,0,0,0,0,0,0,0,0,0,0,0,0,0,0,0,0,0,0,0,0,1,0,0,0,1,0,0,0,1,0,1,0,0,1,1,0,0,0,0,0,0,0,0,0,0,0,0,0,0,0.042101351861953185,Casirivimab,S:69del+70del+145del+501Y+570D+614G+681H+716I+982A+1118H
0,0,0,0,0,0,0,0,0,0,0,0,0,0,0,0,0,0,0,0,0,0,0,0,0,0,0,0,0,0,0,0,0,0,0,0,0,0,0,0,0,0,0,0,0,0,0,0,0,0,0,0,0,1,0,0,0,0,0,0,0,0,0,0,0,0,0,0,0,0,0,0,0,0,0,0,0,0,0,0,0,0,0,0,0,0,0,0,0,0,0,0,0,0,0,0.027703531161310746,Casirivimab,S:452R
0,0,0,0,0,0,0,0,0,0,0,0,0,0,0,0,0,0,0,0,0,0,0,0,0,1,1,1,0,0,0,0,0,0,0,0,0,0,0,0,0,0,0,0,0,1,0,0,0,0,0,0,0,0,0,0,0,0,1,0,0,0,0,0,0,0,1,0,0,0,1,0,0,0,0,0,0,1,0,0,0,0,0,0,0,0,0,0,0,0,0,0,0,0,0,1.771952550677946,Casirivimab,S:80Y+215Y+242del+243del+244del+417N+484K+501Y+614G+701V
0,0,0,0,0,0,0,0,0,0,0,0,0,0,0,0,0,0,0,0,0,0,0,0,0,0,0,0,0,0,0,0,0,0,0,0,0,0,0,0,0,0,0,0,0,0,0,0,0,0,0,0,0,1,0,0,0,0,0,0,0,0,0,0,0,0,0,0,0,0,0,0,0,0,0,0,0,0,0,0,0,0,0,0,0,0,0,0,0,0,0,0,0,0,0,0.47798724599743614,Casirivimab,S:452R+484Q
0,0,0,0,0,0,0,0,0,0,0,0,0,0,0,0,0,0,0,0,0,0,0,0,0,0,0,0,0,0,0,0,0,0,0,0,0,0,0,0,0,0,0,0,0,0,0,0,0,0,0,0,0,1,0,0,1,0,0,0,0,0,0,0,0,0,0,0,0,0,0,0,0,0,0,0,0,0,0,0,0,0,0,0,0,0,0,0,0,0,0,0,0,0,0,-0.3089026187638666,Casirivimab,S:452R+478K
0,0,0,0,0,0,0,1,0,0,0,0,0,0,0,0,0,0,0,0,0,0,0,0,0,0,0,0,0,0,0,0,0,0,0,0,0,0,0,0,0,0,0,0,0,0,0,0,0,0,0,0,0,0,0,0,0,0,0,0,0,0,0,0,0,0,1,0,0,0,1,0,0,0,1,0,1,0,0,1,1,0,0,0,0,0,0,0,0,0,0,0,0,0,0,-0.412663265492744,Imdevimab,S:69del+70del+145del+501Y+570D+614G+681H+716I+982A+1118H
0,0,0,0,0,0,0,0,0,0,0,0,0,0,0,0,0,0,0,0,0,0,0,0,0,0,0,0,0,0,0,0,0,0,0,0,0,0,0,0,0,0,0,0,0,0,0,0,0,0,0,0,0,1,0,0,0,0,0,0,0,0,0,0,0,0,0,0,0,0,0,0,0,0,0,0,0,0,0,0,0,0,0,0,0,0,0,0,0,0,0,0,0,0,0,1.147985320683805,Imdevimab,S:452R
0,0,0,0,0,0,0,0,0,0,0,0,0,0,0,0,0,0,0,0,0,0,0,0,0,1,1,1,0,0,0,0,0,0,0,0,0,0,0,0,0,0,0,0,0,1,0,0,0,0,0,0,0,0,0,0,0,0,1,0,0,0,0,0,0,0,1,0,0,0,1,0,0,0,0,0,0,1,0,0,0,0,0,0,0,0,0,0,0,0,0,0,0,0,0,-0.7958800173440753,Imdevimab,S:80Y+215Y+242del+243del+244del+417N+484K+501Y+614G+701V
0,0,0,0,0,0,0,0,0,0,0,0,0,0,0,0,0,0,0,0,0,0,0,0,0,0,0,0,0,0,0,0,0,0,0,0,0,0,0,0,0,0,0,0,0,0,0,0,0,0,0,0,0,1,0,0,0,0,0,0,0,0,0,0,0,0,0,0,0,0,0,0,0,0,0,0,0,0,0,0,0,0,0,0,0,0,0,0,0,0,0,0,0,0,0,-0.36991128507179405,Imdevimab,S:452R+484Q
0,0,0,0,0,0,0,0,0,0,0,0,0,0,0,0,0,0,0,0,0,0,0,0,0,0,0,0,0,0,0,0,0,0,0,0,0,0,0,0,0,0,0,0,0,0,0,0,0,0,0,0,0,1,0,0,1,0,0,0,0,0,0,0,0,0,0,0,0,0,0,0,0,0,0,0,0,0,0,0,0,0,0,0,0,0,0,0,0,0,0,0,0,0,0,-0.04255235068546381,Imdevimab,S:452R+478K
0,0,0,0,0,0,0,0,0,0,0,0,0,0,1,1,0,0,0,0,0,0,0,0,0,0,0,0,0,0,0,0,0,0,0,0,0,0,0,0,0,0,0,0,0,0,0,0,0,0,0,0,0,0,0,0,0,0,1,0,0,0,0,0,0,0,1,0,0,0,1,1,0,0,0,0,0,0,0,0,0,0,0,0,0,0,0,0,0,0,0,0,0,0,0,0.23888208891513663,Imdevimab,P.1 full genome
0,0,0,0,0,0,0,0,0,0,0,0,0,0,1,1,0,0,0,0,0,0,0,0,0,0,0,0,0,0,0,0,0,0,0,0,0,0,0,0,0,0,0,0,0,0,0,0,0,0,0,0,0,0,0,0,0,0,1,0,0,0,0,0,0,0,1,0,0,0,1,1,0,0,0,0,0,0,0,0,0,0,0,0,0,0,0,0,0,0,0,0,0,0,0,2.8690911258540917,Casirivimab,P.1 full genome
0,0,0,0,0,1,0,1,0,0,0,0,0,0,0,0,0,0,0,0,0,0,0,0,0,0,0,0,0,0,0,0,0,0,0,0,0,0,0,0,0,0,0,0,0,0,0,0,0,0,0,0,0,0,0,0,0,0,0,0,0,0,0,0,0,0,1,0,0,0,1,0,0,0,1,0,1,0,0,1,1,0,0,0,0,0,0,0,0,0,0,0,0,0,0,0.40369233756112877,Imdevimab,B.1.1.7 full genome
0,0,0,0,0,1,0,1,0,0,0,0,0,0,0,0,0,0,0,0,0,0,0,0,0,0,0,0,0,0,0,0,0,0,0,0,0,0,0,0,0,0,0,0,0,0,0,0,0,0,0,0,0,0,0,0,0,0,0,0,0,0,0,0,0,0,1,0,0,0,1,0,0,0,1,0,1,0,0,1,1,0,0,0,0,0,0,0,0,0,0,0,0,0,0,0.2244415601946359,Casirivimab,B.1.1.7 full genome
0,0,0,0,0,0,0,0,0,0,0,0,0,0,1,0,0,0,0,0,0,0,0,1,0,1,1,1,0,0,0,0,0,0,0,0,0,0,0,0,0,0,0,0,0,1,0,0,0,0,0,0,0,0,0,0,0,0,1,0,0,0,0,0,0,0,1,0,0,0,1,0,0,0,0,0,0,1,0,0,0,0,0,1,0,0,0,0,0,0,0,0,0,0,0,-0.029963223377443282,Imdevimab,B.1.351 full genome
0,0,0,0,0,0,0,0,0,0,0,0,0,0,1,0,0,0,0,0,0,0,0,1,0,1,1,1,0,0,0,0,0,0,0,0,0,0,0,0,0,0,0,0,0,1,0,0,0,0,0,0,0,0,0,0,0,0,1,0,0,0,0,0,0,0,1,0,0,0,1,0,0,0,0,0,0,1,0,0,0,0,0,1,0,0,0,0,0,0,0,0,0,0,0,2.594716672963801,Casirivimab,B.1.351 full genome
0,0,0,0,0,0,0,0,0,0,0,0,1,0,0,0,0,1,0,0,0,0,0,0,0,0,0,0,0,0,0,0,0,0,0,0,0,0,0,0,0,0,0,0,0,0,0,0,0,0,0,0,0,1,0,0,1,0,0,0,0,0,0,0,0,0,0,0,0,0,1,0,0,0,0,1,0,0,0,0,0,0,0,0,0,0,0,0,0,1,0,0,0,0,0,0.3553876579865738,Imdevimab,B.1.617.2 full genome
0,0,0,0,0,0,0,0,0,0,0,0,1,0,0,0,0,1,0,0,0,0,0,0,0,0,0,0,0,0,0,0,0,0,0,0,0,0,0,0,0,0,0,0,0,0,0,0,0,0,0,0,0,1,0,0,1,0,0,0,0,0,0,0,0,0,0,0,0,0,1,0,0,0,0,1,0,0,0,0,0,0,0,0,0,0,0,0,0,1,0,0,0,0,0,-0.4445652207639396,Casirivimab,B.1.617.2 full genome
0,0,1,1,0,1,0,1,0,0,0,0,0,0,0,0,0,0,0,0,0,0,0,0,0,0,0,0,0,0,0,0,0,0,1,0,0,0,0,1,1,1,0,0,0,1,0,1,0,0,1,0,0,0,0,1,1,1,0,0,0,0,0,1,1,1,1,1,1,0,1,1,1,1,1,0,1,0,0,1,0,1,1,0,0,1,0,0,0,0,1,1,1,1,0,3.865301426102544,Imdevimab,Omicron/BA.1 full genome
0,0,1,1,0,1,0,1,0,0,0,0,0,0,0,0,0,0,0,0,0,0,0,0,0,0,0,0,0,0,0,0,0,0,1,0,0,0,0,1,1,1,0,0,0,1,0,1,0,0,1,0,0,0,0,1,1,1,0,0,0,0,0,1,1,1,1,1,1,0,1,1,1,1,1,0,1,0,0,1,0,1,1,0,0,1,0,0,0,0,1,1,1,1,0,3.078313524516398,Casirivimab,Omicron/BA.1 full genome
0,0,1,0,0,0,0,0,0,0,0,0,1,0,0,0,0,1,0,0,0,0,0,0,0,0,0,0,0,0,0,0,0,0,0,0,0,0,0,0,0,0,0,0,0,0,0,0,0,0,0,0,0,1,0,0,1,0,0,0,0,0,0,0,0,0,0,0,0,0,1,0,0,0,0,1,0,0,0,0,0,0,0,0,0,0,0,0,0,1,0,0,0,0,0,-0.5506186132118658,Casirivimab,S:19R+142D+156G+157del+158del+452R+478K+614G+681R+950N
0,0,1,0,0,0,0,0,0,0,0,0,1,0,0,0,0,1,0,0,0,0,0,0,0,0,0,0,0,0,0,0,0,0,0,0,0,0,0,0,0,0,0,0,0,0,0,0,0,0,0,0,0,1,0,0,1,0,0,0,0,0,0,0,0,0,0,0,0,0,1,0,0,0,0,1,0,0,0,0,0,0,0,0,0,0,0,0,0,1,0,0,0,0,0,1.333514445555875,Imdevimab,S:19R+142D+156G+157del+158del+452R+478K+614G+681R+950N
0,0,1,0,0,0,0,0,0,0,0,0,0,0,0,0,1,0,0,0,0,1,0,0,0,0,0,0,0,0,0,1,1,0,1,0,0,0,1,0,1,1,1,1,1,1,0,1,0,0,0,0,0,0,0,1,1,1,0,0,0,0,0,1,0,1,1,1,0,0,1,1,1,0,1,0,0,0,0,0,0,1,1,0,0,0,0,0,0,0,1,0,1,0,0,2.078313524516398,Casirivimab,Omicron/BA.2 full genome
0,0,0,0,0,0,0,0,0,0,0,0,0,0,0,0,0,0,0,0,0,0,0,0,0,0,0,0,0,0,0,0,0,0,0,0,0,0,0,0,0,0,0,0,0,1,0,0,0,0,0,0,0,0,0,0,0,0,0,0,0,0,0,0,0,0,0,0,0,0,0,0,0,0,0,0,0,0,0,0,0,0,0,0,0,0,0,0,0,0,0,0,0,0,0,0.8368469467536845,Casirivimab,S:417N
0,0,0,0,0,0,0,0,0,0,0,0,0,0,0,0,0,0,0,0,0,0,0,0,0,0,0,0,0,0,0,0,0,0,0,0,0,0,0,0,0,0,0,0,0,0,0,0,0,0,0,0,0,0,0,0,0,0,0,0,0,0,0,0,0,0,1,0,0,0,0,0,0,0,0,0,0,0,0,0,0,0,0,0,0,0,0,0,0,0,0,0,0,0,0,0.16538473042293345,Casirivimab,S:501Y
0,0,0,0,0,0,0,0,0,0,0,0,0,0,0,0,0,0,0,0,0,0,0,0,0,0,0,0,0,0,0,0,0,0,0,0,0,0,0,0,0,0,0,0,0,1,0,0,0,0,0,0,0,0,0,0,0,0,0,0,0,0,0,0,0,0,0,0,0,0,0,0,0,0,0,0,0,0,0,0,0,0,0,0,0,0,0,0,0,0,0,0,0,0,0,-0.36991128507179405,Imdevimab,S:417N
0,0,0,0,0,0,0,0,0,0,0,0,0,0,0,0,0,0,0,0,0,0,0,0,0,0,0,0,0,0,0,0,0,0,0,0,0,0,0,0,0,0,0,0,0,0,0,0,0,0,0,0,0,0,0,0,0,0,0,0,0,0,0,0,0,0,1,0,0,0,0,0,0,0,0,0,0,0,0,0,0,0,0,0,0,0,0,0,0,0,0,0,0,0,0,0.3897565596178363,Imdevimab,S:501Y
0,0,0,0,0,0,0,0,0,0,0,0,0,0,0,0,0,0,0,0,0,0,0,0,0,0,0,0,0,0,0,0,0,0,0,0,0,0,0,0,0,0,0,0,0,0,0,0,0,0,0,0,0,0,0,1,0,0,0,0,0,0,0,0,0,0,0,0,0,0,0,0,0,0,0,0,0,0,0,0,0,0,0,0,0,0,0,0,0,0,0,0,0,0,0,0.4848537049503532,Casirivimab,S:477N
0,0,0,0,0,0,0,0,0,0,0,0,0,0,0,0,0,0,0,0,0,0,0,0,0,0,0,0,0,0,0,0,0,0,0,0,0,0,0,0,0,0,0,0,0,0,0,0,0,0,0,0,0,0,0,0,0,0,1,0,0,0,0,0,0,0,1,0,0,0,0,0,0,0,0,0,0,0,0,0,0,0,0,0,0,0,0,0,0,0,0,0,0,0,0,1.0025928105782795,Casirivimab,S:484K+501Y
0,0,0,0,0,0,0,0,0,0,0,0,0,0,0,0,0,0,0,0,0,0,0,0,0,0,0,0,0,0,0,0,0,0,0,0,0,0,0,0,0,0,0,0,0,1,0,0,0,0,0,0,0,0,0,0,0,0,1,0,0,0,0,0,0,0,1,0,0,0,0,0,0,0,0,0,0,0,0,0,0,0,0,0,0,0,0,0,0,0,0,0,0,0,0,1.9392501452164916,Casirivimab,S:417N+484K+501Y
0,0,0,0,0,0,0,0,0,0,0,0,0,0,0,0,0,0,0,0,0,0,0,0,0,0,0,0,0,0,0,0,0,0,0,0,0,0,0,0,0,0,0,0,0,0,0,0,0,0,0,0,0,0,0,1,0,0,0,0,0,0,0,0,0,0,0,0,0,0,0,0,0,0,0,0,0,0,0,0,0,0,0,0,0,0,0,0,0,0,0,0,0,0,0,0.5087541025887312,Imdevimab,S:477N
0,0,0,0,0,0,0,0,0,0,0,0,0,0,0,0,0,0,0,0,0,0,0,0,0,0,0,0,0,0,0,0,0,0,0,0,0,0,0,0,0,0,0,0,0,0,0,0,0,0,0,0,0,0,0,0,0,0,1,0,0,0,0,0,0,0,1,0,0,0,0,0,0,0,0,0,0,0,0,0,0,0,0,0,0,0,0,0,0,0,0,0,0,0,0,0.716003343634799,Imdevimab,S:484K+501Y
0,0,0,0,0,0,0,0,0,0,0,0,0,0,0,0,0,0,0,0,0,0,0,0,0,0,0,0,0,0,0,0,0,0,0,0,0,0,0,0,0,0,0,0,0,1,0,0,0,0,0,0,0,0,0,0,0,0,1,0,0,0,0,0,0,0,1,0,0,0,0,0,0,0,0,0,0,0,0,0,0,0,0,0,0,0,0,0,0,0,0,0,0,0,0,-0.27846416776523986,Imdevimab,S:417N+484K+501Y
0,0,0,0,0,1,0,0,0,0,0,0,0,0,0,0,0,0,0,0,0,0,0,0,0,0,0,0,0,0,0,0,0,0,0,0,0,0,0,0,0,0,0,0,0,0,0,0,0,0,0,0,0,0,0,0,0,0,0,0,0,0,0,0,0,0,1,0,0,0,1,0,0,0,1,0,1,0,0,1,1,0,0,0,0,0,0,0,0,0,0,0,0,0,0,-0.04953020273530917,Casirivimab,S:69del+70del+144del+501Y+570D+614G+681H+716I+982A+1118H
0,0,0,0,0,0,0,0,0,0,0,0,0,0,1,0,0,0,0,0,0,0,0,1,0,1,1,1,0,0,0,0,0,0,0,0,0,0,0,0,0,0,0,0,0,1,0,0,0,0,0,0,0,0,0,0,0,0,1,0,0,0,0,0,0,0,1,0,0,0,1,0,0,0,0,0,0,1,0,0,0,0,0,1,0,0,0,0,0,0,0,0,0,0,0,2.603876582786465,Casirivimab,S:18F+80A+215G+242del+243del+244del+246I+417N+484K+501Y+614G+701V
0,0,0,0,0,0,0,0,0,0,0,0,0,0,0,0,0,0,0,0,0,0,0,0,0,0,0,0,0,0,0,0,0,0,0,0,0,0,0,0,0,0,0,0,0,0,0,0,0,0,0,0,0,0,0,0,0,0,0,0,0,0,0,0,0,0,0,0,0,0,1,0,0,0,0,0,1,0,0,1,0,0,0,0,0,0,0,0,0,0,0,0,0,0,0,2.1052551524754275,Casirivimab,S:5F+69del+70del+453F+614G+751Y+1250F
0,0,0,0,0,1,0,0,0,0,0,0,0,0,0,0,0,0,0,0,0,0,0,0,0,0,0,0,0,0,0,0,0,0,0,0,0,0,0,0,0,0,0,0,0,0,0,0,0,0,0,0,0,0,0,0,0,0,0,0,0,0,0,0,0,0,1,0,0,0,1,0,0,0,1,0,1,0,0,1,1,0,0,0,0,0,0,0,0,0,0,0,0,0,0,-0.2730012720637377,Imdevimab,S:69del+70del+144del+501Y+570D+614G+681H+716I+982A+1118H
0,0,0,0,0,0,0,0,0,0,0,0,0,0,1,0,0,0,0,0,0,0,0,1,0,1,1,1,0,0,0,0,0,0,0,0,0,0,0,0,0,0,0,0,0,1,0,0,0,0,0,0,0,0,0,0,0,0,1,0,0,0,0,0,0,0,1,0,0,0,1,0,0,0,0,0,0,1,0,0,0,0,0,1,0,0,0,0,0,0,0,0,0,0,0,0.2041199826559248,Imdevimab,S:18F+80A+215G+242del+243del+244del+246I+417N+484K+501Y+614G+701V
0,0,0,0,0,0,0,0,0,0,0,0,0,0,0,0,0,0,0,0,0,0,0,0,0,0,0,0,0,0,0,0,0,0,0,0,0,0,0,0,0,0,0,0,0,0,0,0,0,0,0,0,0,0,0,0,0,0,0,0,0,0,0,0,0,0,0,0,0,0,1,0,0,0,0,0,1,0,0,1,0,0,0,0,0,0,0,0,0,0,0,0,0,0,0,-0.09691001300805646,Imdevimab,S:5F+69del+70del+453F+614G+751Y+1250F
0,0,0,0,0,0,0,0,0,0,0,0,0,0,0,0,0,0,0,0,0,0,0,1,0,1,1,1,0,0,0,0,0,0,0,0,0,0,0,0,0,0,0,0,0,1,0,0,0,0,0,0,0,0,0,0,0,0,1,0,0,0,0,0,0,0,1,0,0,0,1,0,0,0,0,0,0,1,0,0,0,0,0,1,0,0,0,0,0,0,0,0,0,0,0,2.340835804228448,Casirivimab,S:80A+215G+242del+243del+244del+417N+484K+501Y+570D+614G+701V
0,0,1,1,0,1,0,1,0,0,0,0,0,0,0,0,0,0,0,0,0,0,0,0,0,0,0,0,0,0,0,0,0,0,1,0,0,0,0,1,1,1,0,0,0,1,0,1,0,0,1,0,0,0,0,1,0,1,0,0,0,0,0,1,1,1,1,1,1,0,1,1,1,1,1,0,1,0,0,1,0,1,1,0,0,1,0,0,0,0,1,1,1,1,0,3.078313524516398,Casirivimab,S:67V+69del+70del+95I+142D+143del+144del+145del+211l+212del+214EPEins+339D+371L+373P+375F+417N+440K+446S+477N+484A+493R+496S+498R+501Y+505H+547K+614G+655Y+679K+681H+764K+796Y+856K+954H+969K+981F
0,0,0,0,0,0,0,0,0,0,0,0,0,0,0,0,0,0,0,0,0,0,0,1,0,1,1,1,0,0,0,0,0,0,0,0,0,0,0,0,0,0,0,0,0,1,0,0,0,0,0,0,0,0,0,0,0,0,1,0,0,0,0,0,0,0,1,0,0,0,1,0,0,0,0,0,0,1,0,0,0,0,0,1,0,0,0,0,0,0,0,0,0,0,0,-0.8336685782334751,Imdevimab,S:80A+215G+242del+243del+244del+417N+484K+501Y+570D+614G+701V
0,0,1,1,0,1,0,1,0,0,0,0,0,0,0,0,0,0,0,0,0,0,0,0,0,0,0,0,0,0,0,0,0,0,1,0,0,0,0,1,1,1,0,0,0,1,0,1,0,0,1,0,0,0,0,1,0,1,0,0,0,0,0,1,1,1,1,1,1,0,1,1,1,1,1,0,1,0,0,1,0,1,1,0,0,1,0,0,0,0,1,1,1,1,0,3.1249387366083,Imdevimab,S:67V+69del+70del+95I+142D+143del+144del+145del+211l+212del+214EPEins+339D+371L+373P+375F+417N+440K+446S+477N+484A+493R+496S+498R+501Y+505H+547K+614G+655Y+679K+681H+764K+796Y+856K+954H+969K+981F
0,0,1,0,0,0,0,0,1,1,0,1,0,0,0,0,1,0,1,0,0,1,0,0,0,0,0,0,0,1,0,1,1,0,0,0,1,0,1,0,1,1,1,1,1,1,0,1,0,0,1,0,0,0,1,1,1,1,0,0,0,0,0,0,0,1,1,1,0,0,1,1,1,0,1,0,0,0,0,0,0,1,1,0,0,0,0,0,0,0,1,0,1,0,0,2.5909979207335616,Casirivimab,BA.2.75 Spike:+R346T
0,0,1,0,0,0,0,0,1,1,0,1,0,0,0,0,1,0,1,0,0,1,0,0,0,0,0,0,0,1,0,1,1,0,0,0,0,0,1,0,1,1,1,1,1,1,0,1,0,0,1,0,0,0,1,1,1,1,0,0,0,0,0,0,0,1,1,1,0,0,1,1,1,0,1,0,0,0,0,0,0,1,1,0,0,0,0,0,0,0,1,0,1,0,0,3.024864035086253,Casirivimab,BA.2.75 Spike:K356T
0,0,1,0,0,0,0,0,1,1,0,1,0,0,0,0,1,0,1,0,0,1,0,0,0,0,0,0,0,1,0,1,1,0,0,0,0,0,1,0,1,1,1,1,1,1,0,1,0,0,1,0,0,1,1,1,1,1,0,0,0,0,0,0,0,1,1,1,0,0,1,1,1,0,1,0,0,0,0,0,0,1,1,0,0,0,0,0,0,0,1,0,1,0,0,2.7328750792581413,Casirivimab,BA.2.75 Spike:L452R
0,0,1,0,0,0,0,0,1,1,0,1,0,0,0,0,1,0,1,0,0,1,0,0,0,0,0,0,0,1,0,1,1,0,0,0,0,0,1,0,1,1,1,1,1,1,0,1,0,0,1,0,0,0,1,1,1,1,0,0,1,0,0,0,0,1,1,1,0,0,1,1,1,0,1,0,0,0,0,0,0,1,1,0,0,0,0,0,0,0,1,0,1,0,0,3.7772835288524167,Casirivimab,BA.2.75 Spike:+F486S
0,0,1,0,0,0,0,0,1,1,0,1,0,0,0,0,1,0,1,0,0,1,0,0,0,0,0,0,0,1,0,1,1,0,0,0,1,0,1,0,1,1,1,1,1,1,0,1,0,0,1,0,0,0,1,1,1,1,0,0,0,0,0,0,0,1,1,1,0,0,1,1,1,0,1,0,0,0,0,0,0,1,1,0,0,0,0,0,0,0,1,0,1,0,0,3.8239087409443187,Imdevimab,BA.2.75 Spike:+R346T
0,0,1,0,0,0,0,0,1,1,0,1,0,0,0,0,1,0,1,0,0,1,0,0,0,0,0,0,0,1,0,1,1,0,0,0,0,0,1,0,1,1,1,1,1,1,0,1,0,0,1,0,0,0,1,1,1,1,0,0,0,0,0,0,0,1,1,1,0,0,1,1,1,0,1,0,0,0,0,0,0,1,1,0,0,0,0,0,0,0,1,0,1,0,0,3.8239087409443187,Imdevimab,BA.2.75 Spike:K356T
0,0,1,0,0,0,0,0,1,1,0,1,0,0,0,0,1,0,1,0,0,1,0,0,0,0,0,0,0,1,0,1,1,0,0,0,0,0,1,0,1,1,1,1,1,1,0,1,0,0,1,0,0,1,1,1,1,1,0,0,0,0,0,0,0,1,1,1,0,0,1,1,1,0,1,0,0,0,0,0,0,1,1,0,0,0,0,0,0,0,1,0,1,0,0,3.8239087409443187,Imdevimab,BA.2.75 Spike:L452R
0,0,1,0,0,0,0,0,1,1,0,1,0,0,0,0,1,0,1,0,0,1,0,0,0,0,0,0,0,1,0,1,1,0,0,0,0,0,1,0,1,1,1,1,1,1,0,1,0,0,1,0,0,0,1,1,1,1,0,0,1,0,0,0,0,1,1,1,0,0,1,1,1,0,1,0,0,0,0,0,0,1,1,0,0,0,0,0,0,0,1,0,1,0,0,3.8239087409443187,Imdevimab,BA.2.75 Spike:+F486S
0,0,0,0,0,0,0,0,0,0,0,0,0,0,0,0,0,0,0,0,0,0,0,0,0,0,0,0,0,0,0,0,0,0,0,0,0,0,0,0,0,0,0,0,0,0,0,0,0,0,0,0,0,0,0,0,0,0,0,0,0,0,0,0,0,0,0,0,0,0,1,0,0,0,0,0,0,0,0,0,0,0,0,0,0,0,0,0,0,0,0,0,0,0,0,2.8042129114936474,Casirivimab,S:453F+614G
0,0,0,0,0,0,0,0,0,0,0,0,0,0,0,0,0,0,0,0,0,0,0,0,0,0,0,0,0,0,0,0,0,0,0,0,0,0,0,0,0,0,0,0,0,0,0,0,0,0,0,0,0,0,0,0,0,0,0,0,0,0,0,0,0,0,0,0,0,0,1,0,0,0,0,0,0,0,0,0,0,0,0,0,0,0,0,0,0,0,0,0,0,0,0,0.45229767099463025,Imdevimab,S:453F+614G
0,0,0,0,0,0,0,0,0,0,0,0,0,0,0,0,0,0,0,0,0,0,0,0,0,0,0,0,0,0,0,0,0,0,0,0,0,0,0,0,0,0,0,0,0,0,0,0,0,0,0,0,0,1,0,0,0,0,0,0,0,0,0,0,0,0,0,0,0,0,1,0,0,0,0,1,0,0,0,0,0,0,0,0,0,0,0,0,0,0,0,0,0,0,0,0.15524509907205353,Casirivimab,B.1.617.1_1360382 Spike
0,0,0,0,0,0,0,0,0,0,0,0,0,0,0,0,0,0,0,0,0,0,0,0,0,0,0,0,0,0,0,0,0,0,0,0,0,0,0,0,0,0,0,0,0,0,0,0,0,0,0,0,0,1,0,0,0,0,0,0,0,0,0,0,0,0,0,0,0,0,1,0,0,0,0,1,0,0,0,0,0,0,0,0,0,0,0,0,0,0,0,0,0,0,0,-0.9271376435599737,Imdevimab,B.1.617.1_1360382 Spike
0,0,1,1,0,1,0,1,0,0,0,0,0,0,0,0,0,0,0,0,0,0,0,0,0,0,0,0,0,0,0,0,0,0,1,0,0,0,0,1,1,1,0,0,0,1,0,1,0,0,1,0,0,0,0,1,1,1,0,0,0,0,0,1,1,1,1,1,1,0,1,1,1,1,1,0,1,0,0,1,0,1,1,0,0,1,0,0,0,0,1,1,1,1,0,1.9472158119567875,Casirivimab+Imdevimab,S:67V+69del+70del+95I+142D+143del+144del+145del+211I+212del+214EPEins+339D+371L+373P+375F+417N+440K+446S+477N+478K+484A+493R+496S+498R+501Y+505H+547K+614G+655Y+679K+681H+764K+796Y+856K+954H+969K+981F
0,0,1,0,0,0,0,0,0,0,0,0,1,0,0,0,0,1,0,0,0,0,0,0,0,0,0,0,0,0,0,0,0,0,0,0,0,0,0,0,0,0,0,0,0,0,0,0,0,0,0,0,0,1,0,0,1,0,0,0,0,0,0,0,0,0,0,0,0,0,1,0,0,0,0,1,0,0,0,0,0,0,0,0,0,0,0,0,0,1,0,0,0,0,0,-0.20132041440561188,Casirivimab,B.1.617.2 Spike:+142D
0,0,1,0,0,0,0,0,0,0,0,0,1,0,0,0,0,1,0,0,0,0,0,0,0,0,0,0,0,0,0,0,0,0,0,0,0,0,0,0,0,0,0,0,0,0,0,0,0,0,0,0,0,1,0,0,1,0,0,0,0,0,0,0,0,0,0,0,0,0,1,0,0,0,0,1,0,0,0,0,0,0,0,0,0,0,0,0,0,1,0,0,0,0,0,0.6794278966121188,Imdevimab,B.1.617.2 Spike:+142D
0,0,1,0,0,0,0,0,0,0,0,0,0,0,0,0,1,0,0,0,0,1,0,0,0,0,0,0,0,0,0,1,1,0,1,0,0,0,1,0,1,1,1,1,1,1,0,1,0,0,0,0,0,1,0,1,1,1,0,0,0,1,0,0,0,1,1,1,0,0,1,1,1,0,1,0,1,0,0,1,0,1,1,0,0,0,0,0,0,0,1,0,1,0,0,3.078313524516398,Casirivimab,BA.4/5 Spike:R346I
0,0,1,0,0,0,0,0,0,0,0,0,0,0,0,0,1,0,0,0,0,1,0,0,0,0,0,0,0,0,0,1,1,0,1,0,0,0,1,0,1,1,1,1,1,1,0,1,0,0,0,0,0,1,0,1,1,1,0,0,0,1,0,0,0,1,1,1,0,0,1,1,1,0,1,0,1,0,0,1,0,1,1,0,0,0,0,0,0,0,1,0,1,0,0,3.078313524516398,Casirivimab,BA.4/5 Spike:R346S
0,0,1,0,0,0,0,0,0,0,0,0,0,0,0,0,1,0,0,0,0,1,0,0,0,0,0,0,0,0,0,1,1,0,1,0,0,0,1,0,1,1,1,1,1,1,0,1,0,0,0,0,0,1,0,1,1,1,0,0,0,1,0,0,0,1,1,1,0,0,1,1,1,0,1,0,1,0,0,1,0,1,1,0,0,0,0,0,0,0,1,0,1,0,0,2.556463320795751,Imdevimab,BA.4/5 Spike:R346I
0,0,1,0,0,0,0,0,0,0,0,0,0,0,0,0,1,0,0,0,0,1,0,0,0,0,0,0,0,0,0,1,1,0,1,0,0,0,1,0,1,1,1,1,1,1,0,1,0,0,0,0,0,1,0,1,1,1,0,0,0,1,0,0,0,1,1,1,0,0,1,1,1,0,1,0,1,0,0,1,0,1,1,0,0,0,0,0,0,0,1,0,1,0,0,2.2591158441850663,Imdevimab,BA.4/5 Spike:R346S
0,0,1,0,0,0,0,0,0,0,0,0,0,0,0,0,1,0,0,0,0,1,0,0,0,0,0,0,0,0,0,1,1,0,1,0,0,0,1,0,1,1,1,1,1,1,0,1,0,0,0,0,0,1,0,1,1,1,0,0,0,1,0,0,0,1,1,1,0,0,1,1,1,0,1,0,1,0,0,1,0,1,1,0,0,0,0,0,0,0,1,0,1,0,0,2.589577295703333,Casirivimab+Imdevimab,BA.4/5 Spike:R346I
0,0,1,0,0,0,0,0,0,0,0,0,0,0,0,0,1,0,0,0,0,1,0,0,0,0,0,0,0,0,0,1,1,0,1,0,1,0,1,0,1,1,1,1,1,1,0,1,0,0,0,0,0,1,0,1,1,1,0,0,0,1,0,0,0,1,1,1,0,0,1,1,1,0,1,0,1,0,0,1,0,1,1,0,0,0,0,0,0,0,1,0,1,0,0,2.6880241094633486,Casirivimab+Imdevimab,BF.7 Spike
0,0,1,0,0,0,0,0,0,0,0,0,0,0,0,0,1,0,0,0,0,1,0,0,0,0,0,0,0,0,0,1,1,0,1,0,0,0,1,0,1,1,1,1,1,1,0,1,0,0,0,0,0,1,0,1,1,1,0,0,0,1,0,0,0,1,1,1,0,0,1,1,1,0,1,0,1,0,0,1,0,1,1,0,0,0,0,0,0,0,1,0,1,0,0,2.4295728565411063,Casirivimab+Imdevimab,BA.4/5 Spike:R346S
0,0,0,0,0,0,0,0,0,0,0,0,0,0,0,0,0,0,0,0,0,0,0,1,0,1,1,0,0,0,0,0,0,0,0,0,0,0,0,0,0,0,0,0,0,1,0,0,0,0,0,0,0,0,0,0,0,0,1,0,0,0,0,0,0,0,1,0,0,0,1,0,0,0,0,0,0,1,0,0,0,0,0,1,0,0,0,0,0,0,0,0,0,0,0,2.252082347653048,Casirivimab,S:80A+215G+242del+243del+417N+484K+501Y+614G+701V
0,0,0,0,0,0,0,0,0,0,0,0,0,0,0,0,0,0,0,0,0,0,0,1,0,1,1,0,0,0,0,0,0,0,0,0,0,0,0,0,0,0,0,0,0,1,0,0,0,0,0,0,0,0,0,0,0,0,1,0,0,0,0,0,0,0,1,0,0,0,1,0,0,0,0,0,0,1,0,0,0,0,0,1,0,0,0,0,0,0,0,0,0,0,0,-0.5740312677277188,Imdevimab,S:80A+215G+242del+243del+417N+484K+501Y+614G+701V
0,0,1,0,0,0,0,0,0,0,0,0,1,0,0,0,0,1,0,0,0,0,0,0,0,0,0,0,0,0,0,0,0,0,0,0,0,0,0,0,0,0,0,0,0,0,0,0,0,0,0,0,0,1,0,0,1,0,0,0,0,0,0,0,0,0,0,0,0,0,1,0,0,0,0,1,0,0,0,0,0,0,0,0,0,0,0,0,0,1,0,0,0,0,0,-0.6206564798196208,Casirivimab,S:19R+142D+157del+158del+452R+478K+614G+681R+950N
0,0,1,0,0,0,0,0,0,0,0,0,1,0,0,0,0,1,0,0,0,0,0,0,0,0,0,0,0,0,0,0,0,0,0,0,0,0,0,0,0,0,0,0,0,0,0,0,0,0,0,0,0,1,0,0,1,0,0,0,0,0,0,0,0,0,0,0,0,0,1,0,0,0,0,1,0,0,0,0,0,0,0,0,0,0,0,0,0,1,0,0,0,0,0,-0.39794000867203766,Imdevimab,S:19R+142D+157del+158del+452R+478K+614G+681R+950N
0,0,0,0,0,1,0,1,0,0,0,0,0,0,0,1,0,0,0,0,0,0,0,1,0,0,0,0,0,0,0,0,0,0,0,0,0,0,0,0,0,0,0,0,0,0,0,0,0,0,0,1,0,0,0,0,0,0,1,0,0,0,0,0,0,0,1,0,0,0,1,1,1,0,0,0,0,0,0,0,1,0,0,0,0,0,1,0,0,0,0,0,0,0,1,0.47625353318843566,Casirivimab,S:9L+136F+144del+145del+190S+215G+449H+484K+501Y+614G+655Y+679K+716I+859N
0,0,0,0,0,1,0,1,0,0,0,0,0,0,0,1,0,0,0,0,0,0,0,1,0,0,0,0,0,0,0,0,0,0,0,0,0,0,0,0,0,0,0,0,0,0,0,0,0,0,0,1,0,0,0,0,0,0,1,0,0,0,0,0,0,0,1,0,0,0,1,1,1,0,0,0,0,0,0,0,1,0,0,0,0,0,1,0,0,0,0,0,0,0,1,-0.5740312677277188,Imdevimab,S:9L+136F+144del+145del+190S+215G+449H+484K+501Y+614G+655Y+679K+716I+859N
0,0,0,0,0,0,0,0,0,0,0,0,0,0,1,0,0,0,0,0,0,0,0,0,0,0,0,0,0,0,0,0,0,0,0,0,0,0,0,0,0,0,0,0,0,0,0,0,0,0,0,0,0,1,0,0,0,0,0,0,0,0,0,0,0,0,1,0,0,0,0,1,0,0,0,0,0,0,0,0,0,0,1,0,0,0,0,0,0,0,0,0,0,0,0,1.1574947705640226,Casirivimab,A.27 full genome
0,0,0,0,0,0,0,0,0,0,0,0,0,0,0,0,0,0,0,0,0,0,0,0,0,0,0,0,0,0,0,0,0,0,0,0,0,0,0,0,0,0,0,0,0,0,0,0,0,0,0,0,0,0,0,0,0,0,0,0,0,0,0,0,0,0,0,0,0,0,1,0,0,0,0,0,0,0,0,0,0,0,0,0,0,0,0,0,0,0,0,0,0,0,0,-0.018596488491658514,Casirivimab,B.1 full genome
0,0,0,0,0,0,0,0,0,0,0,0,0,0,1,0,0,0,0,0,0,0,0,0,0,0,0,0,0,0,0,0,0,0,0,0,0,0,0,0,0,0,0,0,0,0,0,0,0,0,0,0,0,1,0,0,0,0,0,0,0,0,0,0,0,0,1,0,0,0,0,1,0,0,0,0,0,0,0,0,0,0,1,0,0,0,0,0,0,0,0,0,0,0,0,0.8239087409443187,Imdevimab,A.27 full genome
0,0,0,0,0,0,0,0,0,0,0,0,0,0,0,0,0,0,0,0,0,0,0,0,0,0,0,0,0,0,0,0,0,0,0,0,0,0,0,0,0,0,0,0,0,0,0,0,0,0,0,0,0,0,0,0,0,0,0,0,0,0,0,0,0,0,0,0,0,0,1,0,0,0,0,0,0,0,0,0,0,0,0,0,0,0,0,0,0,0,0,0,0,0,0,0.07918124604762478,Imdevimab,B.1 full genome
0,0,1,0,0,0,0,0,0,0,0,0,0,0,0,0,0,0,0,0,0,0,0,0,0,0,0,0,0,0,0,0,0,0,0,0,0,0,0,0,0,0,0,0,0,0,0,0,0,0,0,0,0,1,0,0,0,0,0,0,0,0,0,0,0,0,0,0,0,0,1,0,0,0,0,1,0,0,0,0,0,0,0,0,0,0,0,0,0,0,0,1,0,0,0,0.4471580313422192,Imdevimab,B.1.617.1 Spike:+95I-1101D
0,0,1,0,0,0,0,0,0,0,0,0,0,0,0,0,0,0,0,0,0,0,0,0,0,0,0,0,0,0,0,0,0,0,0,0,0,0,0,0,0,0,0,0,0,0,0,0,0,0,0,0,0,1,0,0,0,0,0,0,0,0,0,0,0,0,0,0,0,0,1,0,0,0,0,1,0,0,0,0,0,0,0,0,0,0,0,0,0,0,0,1,0,0,0,0.07831352451639795,Casirivimab,B.1.617.1 Spike:+95I-1101D
0,0,0,0,0,0,0,0,0,0,0,0,0,0,0,0,0,0,0,0,0,0,0,0,0,0,0,0,0,0,0,0,0,0,0,0,0,0,0,0,0,0,0,0,0,0,0,0,0,0,0,0,0,0,0,0,1,0,0,0,0,0,0,0,0,0,0,0,0,0,1,0,0,0,1,0,0,0,0,0,0,0,0,0,0,0,0,0,0,0,0,0,0,0,0,0.028028723600243444,Imdevimab,B.1.1.519 Spike
0,0,0,0,0,0,0,0,0,0,0,0,0,0,0,0,0,0,0,0,0,0,0,0,0,0,0,0,0,0,0,0,0,0,0,0,0,0,0,0,0,0,0,0,0,0,0,0,0,0,0,0,0,0,0,0,1,0,0,0,0,0,0,0,0,0,0,0,0,0,1,0,0,0,1,0,0,0,0,0,0,0,0,0,0,0,0,0,0,0,0,0,0,0,0,-0.921686475483602,Casirivimab,B.1.1.519 Spike
0,0,1,0,0,0,0,0,0,0,1,0,1,1,0,0,0,1,0,0,0,0,0,0,0,0,0,0,0,0,0,0,0,0,0,0,0,0,0,0,0,0,0,0,0,0,0,0,0,0,0,0,0,1,0,0,1,0,0,0,0,0,0,0,0,0,0,0,0,0,1,0,0,0,0,1,0,0,0,0,0,0,0,0,0,0,0,0,0,1,0,0,0,0,0,-0.24958861754788453,Casirivimab,hCoV-19/Japan/TKYTK1734/2021
0,0,1,0,0,0,0,0,0,0,1,0,1,1,0,0,0,1,0,0,0,0,0,0,0,0,0,0,0,0,0,0,0,0,0,0,0,0,0,0,0,0,0,0,0,0,0,0,0,0,0,0,0,1,0,0,1,0,0,0,0,0,0,0,0,0,0,0,0,0,1,0,0,0,0,1,0,0,0,0,0,0,0,0,0,0,0,0,0,1,0,0,0,0,0,-0.029963223377443282,Imdevimab,hCoV-19/Japan/TKYTK1734/2021
0,0,1,1,0,1,0,1,0,0,0,0,0,0,0,0,0,0,0,0,0,0,0,0,0,0,0,0,0,0,0,0,0,0,1,0,0,0,0,1,1,1,0,0,0,1,0,1,0,0,1,0,0,0,0,1,1,1,0,0,0,0,0,1,1,1,1,1,1,0,1,1,1,1,1,0,1,0,0,1,0,1,1,0,0,1,0,0,0,0,1,1,1,1,0,3.078313524516398,Casirivimab,hCoV-19/Japan/TY38-873P0/2021
0,0,1,1,0,1,0,1,0,0,0,0,0,0,0,0,0,0,0,0,0,0,0,0,0,0,0,0,0,0,0,0,0,0,1,0,0,0,0,1,1,1,0,0,0,1,0,1,0,0,1,0,0,0,0,1,1,1,0,0,0,0,0,1,1,1,1,1,1,0,1,1,1,1,1,0,1,0,0,1,0,1,1,0,0,1,0,0,0,0,1,1,1,1,0,3.1249387366083,Imdevimab,hCoV-19/Japan/TY38-873P0/2021
0,0,0,0,0,0,0,0,0,0,0,0,0,0,1,0,0,0,0,0,0,0,0,1,0,1,1,1,0,0,0,0,0,0,0,0,0,0,0,0,0,0,0,0,0,1,0,0,0,0,0,0,0,0,0,0,0,0,1,0,0,0,0,0,0,0,1,0,0,0,1,0,0,0,0,0,0,1,0,0,0,0,0,1,0,0,0,0,0,0,0,0,0,0,0,1.322219294733919,Casirivimab,B.1.351 Spike:-246I
0,0,0,0,0,0,0,0,0,0,0,0,0,0,1,0,0,0,0,0,0,0,0,1,0,1,1,1,0,0,0,0,0,0,0,0,0,0,0,0,0,0,0,0,0,1,0,0,0,0,0,0,0,0,0,0,0,0,1,0,0,0,0,0,0,0,1,0,0,0,1,0,0,0,0,0,0,1,0,0,0,0,0,1,0,0,0,0,0,0,0,0,0,0,0,0.46834733041215726,Imdevimab,B.1.351 Spike:-246I
0,0,0,0,1,0,1,0,0,0,0,0,0,0,0,0,0,0,0,0,0,0,0,0,0,0,0,0,0,0,0,0,0,0,0,1,0,0,0,0,0,0,0,0,0,0,0,0,0,0,0,0,0,0,0,0,0,0,1,0,0,0,0,0,0,0,1,0,0,0,1,0,0,0,1,0,0,0,0,0,0,0,0,0,0,0,0,0,0,1,0,1,0,0,0,1.535438150819807,Casirivimab,B.1.621 Spike
0,0,0,0,0,0,0,0,0,0,0,0,0,0,0,0,0,0,0,0,0,0,0,0,0,0,0,0,0,0,0,0,0,0,0,0,0,0,0,0,0,0,0,0,0,0,0,0,0,0,0,0,1,0,0,0,0,0,0,0,0,0,1,0,0,0,0,0,0,0,1,0,0,0,0,0,0,0,0,0,0,0,0,0,0,0,0,0,0,0,0,0,0,0,0,0.7112766926836591,Casirivimab,C.37 Spike
0,0,0,0,1,0,1,0,0,0,0,0,0,0,0,0,0,0,0,0,0,0,0,0,0,0,0,0,0,0,0,0,0,0,0,1,0,0,0,0,0,0,0,0,0,0,0,0,0,0,0,0,0,0,0,0,0,0,1,0,0,0,0,0,0,0,1,0,0,0,1,0,0,0,1,0,0,0,0,0,0,0,0,0,0,0,0,0,0,1,0,1,0,0,0,0.8282301147269613,Imdevimab,B.1.621 Spike
0,0,0,0,0,0,0,0,0,0,0,0,0,0,0,0,0,0,0,0,0,0,0,0,0,0,0,0,0,0,0,0,0,0,0,0,0,0,0,0,0,0,0,0,0,0,0,0,0,0,0,0,1,0,0,0,0,0,0,0,0,0,1,0,0,0,0,0,0,0,1,0,0,0,0,0,0,0,0,0,0,0,0,0,0,0,0,0,0,0,0,0,0,0,0,0.8239087409443187,Imdevimab,C.37 Spike
0,0,0,0,0,1,0,0,0,0,0,0,0,0,0,0,0,0,0,0,0,0,0,0,0,0,0,0,0,0,0,0,0,0,0,0,0,0,0,0,0,0,0,0,0,0,0,0,0,0,0,0,0,0,0,0,0,0,0,0,0,0,0,0,0,0,1,0,0,0,1,0,0,0,1,0,1,0,0,1,1,0,0,0,0,0,0,0,0,0,0,0,0,0,0,2.051903147943655,Casirivimab,hCoV-19/Japan/QHN002/2020
0,0,0,0,0,1,0,0,0,0,0,0,0,0,0,0,0,0,0,0,0,0,0,0,0,0,0,0,0,0,0,0,0,0,0,0,0,0,0,0,0,0,0,0,0,0,0,0,0,0,0,0,0,0,0,0,0,0,0,0,0,0,0,0,0,0,1,0,0,0,1,0,0,0,1,0,1,0,0,1,1,0,0,0,0,0,0,0,0,0,0,0,0,0,0,1.8957907482504441,Imdevimab,hCoV-19/Japan/QHN002/2020
0,0,0,0,0,0,0,0,0,0,0,0,0,0,1,1,0,0,0,0,0,0,0,0,0,0,0,0,0,0,0,0,0,0,0,0,0,0,0,0,0,0,0,0,0,0,0,0,0,0,0,0,0,0,0,0,0,0,1,0,0,0,0,0,0,0,1,0,0,0,1,1,0,0,0,0,0,0,0,0,0,0,0,0,0,0,0,0,0,0,0,0,0,0,0,2.6258169879841566,Casirivimab,hCoV-19/Japan/TY7-503/2021
0,0,0,0,0,0,0,0,0,0,0,0,0,0,1,1,0,0,0,0,0,0,0,0,0,0,0,0,0,0,0,0,0,0,0,0,0,0,0,0,0,0,0,0,0,0,0,0,0,0,0,0,0,0,0,0,0,0,1,0,0,0,0,0,0,0,1,0,0,0,1,1,0,0,0,0,0,0,0,0,0,0,0,0,0,0,0,0,0,0,0,0,0,0,0,-0.36991128507179405,Imdevimab,hCoV-19/Japan/TY7-503/2021
0,0,0,0,0,0,0,0,0,0,0,0,0,0,0,0,0,0,0,0,0,0,0,1,1,1,1,0,0,0,0,0,0,0,0,0,0,0,0,0,0,0,0,0,0,1,0,0,0,0,0,0,0,0,0,0,0,0,1,0,0,0,0,0,0,0,1,0,0,0,1,0,0,0,0,0,0,1,0,0,0,0,0,1,0,0,0,0,0,0,0,0,0,0,0,4.078313524516398,Casirivimab,hCoV-19/Japan/TY8-612-P0
0,0,0,0,0,0,0,0,0,0,0,0,0,0,0,0,0,0,0,0,0,0,0,1,1,1,1,0,0,0,0,0,0,0,0,0,0,0,0,0,0,0,0,0,0,1,0,0,0,0,0,0,0,0,0,0,0,0,1,0,0,0,0,0,0,0,1,0,0,0,1,0,0,0,0,0,0,1,0,0,0,0,0,1,0,0,0,0,0,0,0,0,0,0,0,1.671481400086431,Imdevimab,hCoV-19/Japan/TY8-612-P0
0,0,0,0,0,0,0,0,0,0,0,0,0,0,0,0,0,0,0,0,0,0,0,0,0,0,0,0,0,0,0,0,0,0,0,0,0,0,0,0,0,0,0,0,0,0,0,0,0,0,0,0,0,0,0,1,0,0,0,0,0,0,0,0,0,0,0,0,0,0,1,0,0,0,0,0,0,1,0,0,0,0,0,0,0,0,0,0,0,0,0,1,0,0,0,0.19558482017216217,Casirivimab,S:5F+95I+253G+477N+614G+701V
0,0,0,0,0,1,0,0,0,0,0,0,0,0,0,0,0,0,0,0,0,0,0,0,0,0,0,0,0,0,0,0,0,0,0,0,0,0,0,0,0,0,0,0,0,0,0,0,0,0,0,0,0,0,0,0,0,0,0,0,0,0,0,0,0,0,1,0,0,0,1,0,0,0,1,0,1,0,0,1,1,0,0,0,0,0,0,0,0,0,0,0,0,0,0,-0.31962648415563966,Casirivimab,S:69del+70del+144del+372S+501Y+570D+614G+681H+716I+982A+1118H
0,0,0,0,0,0,0,0,0,0,0,0,0,0,0,0,0,0,0,0,0,0,0,0,0,0,0,0,0,0,0,0,0,0,0,0,0,0,0,0,0,0,0,0,0,0,0,0,0,0,0,0,1,0,0,0,0,0,0,0,0,0,1,0,0,0,0,0,0,0,1,0,0,0,0,0,0,0,0,0,0,0,0,0,0,0,1,0,0,0,0,0,0,0,0,-0.2227164711475832,Casirivimab,S:75V+76I+246del+247del+248del+249del+250del+251del+252del+253N+452Q+490S+614G+859N
0,0,0,0,0,0,0,0,0,0,0,0,0,0,0,0,0,1,0,0,0,0,0,0,0,0,0,0,0,0,0,0,0,0,0,0,0,0,0,0,0,0,0,0,0,0,0,0,0,0,0,0,0,1,0,0,1,0,0,0,0,0,1,0,0,0,1,0,0,0,1,0,0,0,0,1,0,0,0,0,0,0,0,0,0,0,0,0,0,1,0,0,0,0,0,0.03255603395572282,Casirivimab,S:19R+452R+478K+484K+490S+501Y+523N+614G+681R+950N
0,0,1,0,0,0,0,0,0,0,0,0,0,0,0,0,0,0,0,0,0,0,0,0,0,0,0,0,0,0,0,0,0,0,0,0,0,0,0,0,0,0,0,0,0,0,0,0,0,0,0,0,0,1,0,0,0,0,0,0,0,0,0,0,0,0,0,0,0,0,1,0,0,0,0,1,0,0,0,0,0,0,0,0,0,0,0,0,0,0,0,1,0,0,0,1.0675407982469347,Casirivimab,S:95I+142D+154K+452R+484Q+614G+681R+1071H
0,0,0,0,0,0,0,0,0,0,0,0,0,0,0,0,0,0,0,0,0,0,0,0,0,0,0,0,0,0,0,0,0,0,0,0,0,0,0,0,0,0,0,0,0,0,0,0,0,0,0,0,0,0,0,0,0,0,0,0,0,0,0,1,0,0,0,0,0,0,0,0,0,0,0,0,0,0,0,0,0,0,0,0,0,0,0,0,0,0,0,0,0,0,0,1.8241687196901268,Casirivimab,S:493R
0,0,0,0,0,0,0,0,0,0,0,0,1,0,0,0,0,1,0,0,0,0,0,0,0,0,0,0,0,0,0,0,0,0,0,0,0,0,0,0,0,0,0,0,0,1,0,0,0,0,0,0,0,1,0,0,1,0,0,0,0,0,0,0,0,0,0,0,0,0,1,0,0,0,0,1,0,0,0,0,0,0,0,0,0,0,0,0,0,1,0,0,0,0,0,-0.6206564798196208,Casirivimab,S:19R+70F+156G+157del+158del+222V+417N+452R+478K+614G+681R+950N
0,0,0,0,0,0,0,0,0,0,0,0,0,0,0,0,0,0,0,0,0,0,0,1,1,1,1,0,0,0,0,0,0,0,0,0,0,0,0,0,0,0,0,0,0,1,0,0,0,0,0,0,0,0,0,0,0,0,1,0,0,0,0,0,0,0,1,0,0,0,1,0,0,0,0,0,0,1,0,0,0,0,0,1,0,0,0,0,0,0,0,0,0,0,0,2.0242742280939665,Casirivimab,S:80A+215G+241del+242del+243del+417N+484K+501Y+614G+701V
0,0,0,1,0,1,0,0,0,0,0,0,0,0,0,0,0,0,0,0,0,0,0,0,0,0,0,0,0,0,0,0,0,0,0,0,0,0,0,0,0,0,0,0,0,0,0,0,0,0,0,0,0,0,0,0,1,1,0,0,0,0,0,0,0,0,1,0,0,0,1,0,0,0,0,0,0,0,0,0,0,0,0,0,0,0,0,0,0,0,0,0,0,0,0,3.5525297885926532,Casirivimab,hCoV-19/USA/MA-JLL-D152/2020 Spike:+Y489H
0,0,0,1,0,1,0,0,0,0,0,0,0,0,0,0,0,0,0,0,0,0,0,0,0,0,0,0,0,0,0,0,0,0,0,0,0,0,0,0,0,0,0,0,0,0,0,0,0,0,0,0,0,0,0,0,1,0,1,0,0,0,0,0,0,0,1,0,0,0,1,0,0,0,0,0,0,0,0,0,0,0,0,0,0,0,0,0,0,0,0,0,0,0,0,3.553984712840828,Casirivimab,hCoV-19/USA/MA-JLL-D146/2020 Spike:+E484K+Y489H-N440D
0,0,0,1,0,1,0,0,0,0,0,0,0,0,0,0,0,0,0,0,0,0,0,0,0,0,0,0,0,0,0,0,0,0,0,0,0,0,0,0,0,0,0,0,0,1,0,0,0,0,0,0,0,0,0,0,1,0,1,0,0,0,0,0,0,0,1,0,0,0,1,0,0,0,0,0,0,0,0,0,0,0,0,0,0,0,0,0,0,0,0,0,0,0,0,3.4603305670912663,Casirivimab,hCoV-19/USA/MA-JLL-D146/2020 Spike:+K417N+E484K+Y489H-N440D
0,0,0,1,0,1,0,0,0,0,0,0,0,0,0,0,0,0,0,0,0,0,0,0,0,0,0,0,0,0,0,0,0,0,0,0,0,0,0,0,0,0,0,0,0,0,0,0,0,0,0,0,0,0,0,0,1,0,0,0,0,0,0,0,0,0,1,0,0,0,1,0,0,0,0,0,0,0,0,0,0,0,0,0,0,0,0,0,0,0,0,0,0,0,0,3.3683481358789162,Casirivimab,hCoV-19/USA/MA-JLL-D146/2020 Spike:+Y489H
0,0,0,0,0,0,0,0,0,0,0,0,0,0,0,0,0,0,0,0,0,0,0,1,0,1,1,1,0,0,0,0,0,0,0,0,0,0,0,0,0,0,0,0,0,1,0,0,0,0,0,0,0,1,0,0,0,0,1,0,0,0,0,0,0,0,1,0,0,0,1,0,0,0,0,0,0,1,0,0,0,0,0,1,0,0,0,0,0,0,0,0,0,0,0,3.7531746652542095,Casirivimab,hCoV-19/South Africa/Tygerberg-461/2020 Spike:+N439K+L452R
0,0,0,0,1,0,0,0,0,0,0,0,0,0,0,0,0,0,0,0,0,0,0,0,0,0,0,0,0,0,0,0,0,0,0,1,0,0,0,0,0,0,0,0,0,0,0,0,1,0,0,0,0,0,1,0,1,0,0,0,0,0,0,0,0,0,0,0,0,0,0,0,0,0,0,0,0,0,0,0,0,0,1,0,0,0,0,0,0,0,0,0,0,0,0,4.078313524516398,Casirivimab,SARS-CoV Spike:+359A
0,0,0,0,0,0,0,0,0,0,0,0,0,0,0,0,0,0,0,0,0,0,0,0,0,0,0,0,0,0,0,0,0,0,0,0,0,0,0,0,0,0,0,0,0,0,0,0,0,0,0,0,0,0,0,1,0,0,0,0,0,0,0,0,0,0,0,0,0,0,1,0,0,0,0,0,0,1,0,0,0,0,0,0,0,0,0,0,0,0,0,1,0,0,0,0.61066016308988,Imdevimab,S:5F+95I+253G+477N+614G+701V
0,0,0,0,0,1,0,0,0,0,0,0,0,0,0,0,0,0,0,0,0,0,0,0,0,0,0,0,0,0,0,0,0,0,0,0,0,0,0,0,0,0,0,0,0,0,0,0,0,0,0,0,0,0,0,0,0,0,0,0,0,0,0,0,0,0,1,0,0,0,1,0,0,0,1,0,1,0,0,1,1,0,0,0,0,0,0,0,0,0,0,0,0,0,0,0.6163004304425725,Imdevimab,S:69del+70del+144del+372S+501Y+570D+614G+681H+716I+982A+1118H
0,0,0,0,0,0,0,0,0,0,0,0,0,0,0,0,0,0,0,0,0,0,0,0,0,0,0,0,0,0,0,0,0,0,0,0,0,0,0,0,0,0,0,0,0,0,0,0,0,0,0,0,1,0,0,0,0,0,0,0,0,0,1,0,0,0,0,0,0,0,1,0,0,0,0,0,0,0,0,0,0,0,0,0,0,0,1,0,0,0,0,0,0,0,0,0.2041199826559248,Imdevimab,S:75V+76I+246del+247del+248del+249del+250del+251del+252del+253N+452Q+490S+614G+859N
0,0,0,0,0,0,0,0,0,0,0,0,0,0,0,0,0,1,0,0,0,0,0,0,0,0,0,0,0,0,0,0,0,0,0,0,0,0,0,0,0,0,0,0,0,0,0,0,0,0,0,0,0,1,0,0,1,0,0,0,0,0,1,0,0,0,1,0,0,0,1,0,0,0,0,1,0,0,0,0,0,0,0,0,0,0,0,0,0,1,0,0,0,0,0,0.5563025007672873,Imdevimab,S:19R+452R+478K+484K+490S+501Y+523N+614G+681R+950N
0,0,1,0,0,0,0,0,0,0,0,0,0,0,0,0,0,0,0,0,0,0,0,0,0,0,0,0,0,0,0,0,0,0,0,0,0,0,0,0,0,0,0,0,0,0,0,0,0,0,0,0,0,1,0,0,0,0,0,0,0,0,0,0,0,0,0,0,0,0,1,0,0,0,0,1,0,0,0,0,0,0,0,0,0,0,0,0,0,0,0,1,0,0,0,1.8515437067218627,Imdevimab,S:95I+142D+154K+452R+484Q+614G+681R+1071H
0,0,0,0,0,0,0,0,0,0,0,0,0,0,0,0,0,0,0,0,0,0,0,0,0,0,0,0,0,0,0,0,0,0,0,0,0,0,0,0,0,0,0,0,0,0,0,0,0,0,0,0,0,0,0,0,0,0,0,0,0,0,0,1,0,0,0,0,0,0,0,0,0,0,0,0,0,0,0,0,0,0,0,0,0,0,0,0,0,0,0,0,0,0,0,0.7970365945440174,Imdevimab,S:493R
0,0,0,0,0,0,0,0,0,0,0,0,1,0,0,0,0,1,0,0,0,0,0,0,0,0,0,0,0,0,0,0,0,0,0,0,0,0,0,0,0,0,0,0,0,1,0,0,0,0,0,0,0,1,0,0,1,0,0,0,0,0,0,0,0,0,0,0,0,0,1,0,0,0,0,1,0,0,0,0,0,0,0,0,0,0,0,0,0,1,0,0,0,0,0,0.8061799739838871,Imdevimab,S:19R+70F+156G+157del+158del+222V+417N+452R+478K+614G+681R+950N
0,0,0,0,0,0,0,0,0,0,0,0,0,0,0,0,0,0,0,0,0,0,0,1,1,1,1,0,0,0,0,0,0,0,0,0,0,0,0,0,0,0,0,0,0,1,0,0,0,0,0,0,0,0,0,0,0,0,1,0,0,0,0,0,0,0,1,0,0,0,1,0,0,0,0,0,0,1,0,0,0,0,0,1,0,0,0,0,0,0,0,0,0,0,0,0.5697639361180475,Imdevimab,S:80A+215G+241del+242del+243del+417N+484K+501Y+614G+701V
0,0,0,1,0,1,0,0,0,0,0,0,0,0,0,0,0,0,0,0,0,0,0,0,0,0,0,0,0,0,0,0,0,0,0,0,0,0,0,0,0,0,0,0,0,0,0,0,0,0,0,0,0,0,0,0,1,1,0,0,0,0,0,0,0,0,1,0,0,0,1,0,0,0,0,0,0,0,0,0,0,0,0,0,0,0,0,0,0,0,0,0,0,0,0,0.5399120845791179,Imdevimab,hCoV-19/USA/MA-JLL-D152/2020 Spike:+Y489H
0,0,0,1,0,1,0,0,0,0,0,0,0,0,0,0,0,0,0,0,0,0,0,0,0,0,0,0,0,0,0,0,0,0,0,0,0,0,0,0,0,0,0,0,0,0,0,0,0,0,0,0,0,0,0,0,1,0,1,0,0,0,0,0,0,0,1,0,0,0,1,0,0,0,0,0,0,0,0,0,0,0,0,0,0,0,0,0,0,0,0,0,0,0,0,0.3553876579865738,Imdevimab,hCoV-19/USA/MA-JLL-D146/2020 Spike:+E484K+Y489H-N440D
0,0,0,1,0,1,0,0,0,0,0,0,0,0,0,0,0,0,0,0,0,0,0,0,0,0,0,0,0,0,0,0,0,0,0,0,0,0,0,0,0,0,0,0,0,1,0,0,0,0,0,0,0,0,0,0,1,0,1,0,0,0,0,0,0,0,1,0,0,0,1,0,0,0,0,0,0,0,0,0,0,0,0,0,0,0,0,0,0,0,0,0,0,0,0,0.40369233756112877,Imdevimab,hCoV-19/USA/MA-JLL-D146/2020 Spike:+K417N+E484K+Y489H-N440D
0,0,0,1,0,1,0,0,0,0,0,0,0,0,0,0,0,0,0,0,0,0,0,0,0,0,0,0,0,0,0,0,0,0,0,0,0,0,0,0,0,0,0,0,0,0,0,0,0,0,0,0,0,0,0,0,1,0,0,0,0,0,0,0,0,0,1,0,0,0,1,0,0,0,0,0,0,0,0,0,0,0,0,0,0,0,0,0,0,0,0,0,0,0,0,2.380211241711606,Imdevimab,hCoV-19/USA/MA-JLL-D146/2020 Spike:+Y489H
0,0,0,0,0,0,0,0,0,0,0,0,0,0,0,0,0,0,0,0,0,0,0,1,0,1,1,1,0,0,0,0,0,0,0,0,0,0,0,0,0,0,0,0,0,1,0,0,0,0,0,0,0,1,0,0,0,0,1,0,0,0,0,0,0,0,1,0,0,0,1,0,0,0,0,0,0,1,0,0,0,0,0,1,0,0,0,0,0,0,0,0,0,0,0,1.8316565189450587,Imdevimab,hCoV-19/South Africa/Tygerberg-461/2020 Spike:+N439K+L452R
0,0,0,0,1,0,0,0,0,0,0,0,0,0,0,0,0,0,0,0,0,0,0,0,0,0,0,0,0,0,0,0,0,0,0,1,0,0,0,0,0,0,0,0,0,0,0,0,1,0,0,0,0,0,1,0,1,0,0,0,0,0,0,0,0,0,0,0,0,0,0,0,0,0,0,0,0,0,0,0,0,0,1,0,0,0,0,0,0,0,0,0,0,0,0,4.1249387366083,Imdevimab,SARS-CoV Spike:+359A
0,0,0,0,0,0,0,0,0,0,0,0,0,0,1,1,0,0,0,0,0,0,0,0,0,0,0,0,0,0,0,0,0,0,0,0,0,0,0,0,0,0,0,0,0,0,0,0,0,0,0,0,0,0,0,0,0,0,1,0,0,0,0,0,0,0,1,0,0,0,1,1,0,0,0,0,0,0,0,0,0,0,0,0,0,0,0,0,0,0,0,0,0,0,0,0.2244415601946359,Casirivimab,hCoV-19/Japan/TY7-501/2021
0,0,1,0,0,0,0,0,0,0,1,0,1,1,0,0,0,1,0,0,0,0,0,0,0,0,0,0,0,0,0,0,0,0,0,0,0,0,0,0,0,0,0,0,0,0,0,0,0,0,0,0,0,1,0,0,1,0,0,0,0,0,0,0,0,0,0,0,0,0,1,0,0,0,0,1,0,0,0,0,0,0,0,0,0,0,0,0,0,1,0,0,0,0,0,0.4147732583649275,Casirivimab,hCoV-19/Japan/TY11-927-P1/2021
0,0,0,0,0,0,0,0,0,0,0,0,0,0,1,1,0,0,0,0,0,0,0,0,0,0,0,0,0,0,0,0,0,0,0,0,0,0,0,0,0,0,0,0,0,0,0,0,0,0,0,0,0,0,0,0,0,0,1,0,0,0,0,0,0,0,1,0,0,0,1,1,0,0,0,0,0,0,0,0,0,0,0,0,0,0,0,0,0,0,0,0,0,0,0,0.03875258899201661,Imdevimab,hCoV-19/Japan/TY7-501/2021
0,0,1,0,0,0,0,0,0,0,1,0,1,1,0,0,0,1,0,0,0,0,0,0,0,0,0,0,0,0,0,0,0,0,0,0,0,0,0,0,0,0,0,0,0,0,0,0,0,0,0,0,0,1,0,0,1,0,0,0,0,0,0,0,0,0,0,0,0,0,1,0,0,0,0,1,0,0,0,0,0,0,0,0,0,0,0,0,0,1,0,0,0,0,0,0.587336734507256,Imdevimab,hCoV-19/Japan/TY11-927-P1/2021
0,0,0,0,0,0,0,1,0,0,0,0,0,0,0,0,0,0,0,0,0,0,0,0,0,0,0,0,0,0,0,0,0,0,0,0,0,0,0,0,0,0,0,0,0,0,0,0,0,0,0,0,0,0,0,0,0,0,1,0,0,0,0,0,0,0,0,0,0,0,1,0,0,1,0,0,1,0,0,1,0,0,0,0,0,0,0,0,0,0,0,0,0,0,0,0.8186762140106418,Casirivimab,B.1.525 Spike
0,0,0,0,0,0,0,0,0,0,0,0,0,0,0,0,0,0,0,0,0,0,0,0,0,0,0,0,0,0,0,0,0,0,0,0,0,0,0,0,0,0,0,0,0,0,0,0,0,0,0,0,0,1,0,0,0,0,0,0,0,0,0,0,0,0,0,0,0,0,1,0,0,0,0,0,0,0,0,0,0,0,0,0,0,0,0,0,0,0,0,0,0,0,0,0.5096772886753853,Casirivimab,B.1.427/9 Spike
0,0,0,0,0,0,0,1,0,0,0,0,0,0,0,0,0,0,0,0,0,0,0,0,0,0,0,0,0,0,0,0,0,0,0,0,0,0,0,0,0,0,0,0,0,0,0,0,0,0,0,0,0,0,0,0,0,0,1,0,0,0,0,0,0,0,0,0,0,0,1,0,0,1,0,0,1,0,0,1,0,0,0,0,0,0,0,0,0,0,0,0,0,0,0,0.4673614174305061,Imdevimab,B.1.525 Spike
0,0,0,0,0,0,0,0,0,0,0,0,0,0,0,0,0,0,0,0,0,0,0,0,0,0,0,0,0,0,0,0,0,0,0,0,0,0,0,0,0,0,0,0,0,0,0,0,0,0,0,0,0,1,0,0,0,0,0,0,0,0,0,0,0,0,0,0,0,0,1,0,0,0,0,0,0,0,0,0,0,0,0,0,0,0,0,0,0,0,0,0,0,0,0,0.3802112417116059,Imdevimab,B.1.427/9 Spike
0,0,0,0,0,0,0,0,0,0,0,0,0,0,0,0,0,0,0,0,0,0,0,0,0,0,0,0,0,0,0,0,0,0,0,0,0,0,0,0,0,0,0,0,0,0,0,0,0,0,0,0,0,0,0,0,0,0,0,0,0,0,0,0,0,0,0,0,0,0,1,0,0,0,0,0,0,0,0,0,0,0,0,0,0,0,0,0,0,0,0,0,0,0,0,-0.6912375541053282,Casirivimab,hCoV-19/France/GES-1973/2020
0,0,0,0,0,0,0,0,0,0,0,0,0,0,0,0,0,0,0,0,0,0,0,0,0,0,0,0,0,0,0,0,0,0,0,0,0,0,0,0,0,0,0,0,0,0,0,0,0,0,0,0,0,0,0,0,0,0,0,0,0,0,0,0,0,0,0,0,0,0,1,0,0,0,0,0,0,0,0,0,0,0,0,0,0,0,0,0,0,0,0,0,0,0,0,-0.5528419686577808,Imdevimab,hCoV-19/France/GES-1973/2020
0,0,0,0,0,0,0,0,0,0,0,0,1,0,0,0,0,1,0,0,0,0,0,0,0,0,0,0,0,0,0,0,0,0,0,0,0,0,0,0,0,0,0,0,0,0,0,0,0,0,0,0,0,1,0,0,1,0,0,0,0,0,0,0,0,0,0,0,0,0,1,0,0,0,0,1,0,0,0,0,0,0,0,0,0,0,0,0,0,1,0,0,0,0,0,-0.6206564798196208,Casirivimab,B.1.617.2 Spike:+E406D
0,0,0,0,0,0,0,0,0,0,0,0,1,0,0,0,0,1,0,0,0,0,0,0,0,0,0,0,0,0,0,0,0,0,0,0,0,0,0,0,0,0,0,0,0,0,0,0,0,0,0,0,0,1,0,0,1,0,0,0,0,0,0,0,0,0,0,0,0,0,1,0,0,0,0,1,0,0,0,0,0,0,0,0,0,0,0,0,0,1,0,0,0,0,0,0.2244415601946359,Casirivimab,B.1.617.2 Spike:+E406Q
0,0,0,0,0,0,0,0,0,0,0,0,1,0,0,0,0,1,0,0,0,0,0,0,0,0,0,0,0,0,0,0,0,0,0,0,0,0,0,0,0,0,0,0,0,0,0,0,0,0,1,0,0,1,0,0,1,0,0,0,0,0,0,0,0,0,0,0,0,0,1,0,0,0,0,1,0,0,0,0,0,0,0,0,0,0,0,0,0,1,0,0,0,0,0,-0.921686475483602,Casirivimab,B.1.617.2 Spike:+G446S
0,0,0,0,0,0,0,0,0,0,0,0,1,0,0,0,0,1,0,0,0,0,0,0,0,0,0,0,0,0,0,0,0,0,0,0,0,0,0,0,0,0,0,0,0,0,0,0,0,0,0,0,0,1,0,0,1,0,0,0,0,0,0,0,0,0,0,0,0,0,1,0,0,0,0,1,0,0,0,0,0,0,0,0,0,0,0,0,0,1,0,0,0,0,0,-0.921686475483602,Casirivimab,B.1.617.2 Spike:+G446V
0,0,0,0,0,0,0,0,0,0,0,0,1,0,0,0,0,1,0,0,0,0,0,0,0,0,0,0,0,0,0,0,0,0,0,0,0,0,0,0,0,0,0,0,0,0,0,0,0,0,0,0,0,1,0,0,1,0,0,0,0,0,0,0,0,0,0,0,0,0,1,0,0,0,0,1,0,0,0,0,0,0,0,0,0,0,0,0,0,1,0,0,0,0,0,0.28243350717232274,Casirivimab,B.1.617.2 Spike:+Y453F
0,0,0,0,0,0,0,0,0,0,0,0,1,0,0,0,0,1,0,0,0,0,0,0,0,0,0,0,0,0,0,0,0,0,0,0,0,0,0,0,0,0,0,0,0,0,0,0,0,0,0,0,0,1,0,0,1,0,0,0,0,0,0,0,0,0,0,0,0,0,1,0,0,0,0,1,0,0,0,0,0,0,0,0,0,0,0,0,0,1,0,0,0,0,0,0.30876244589467183,Casirivimab,B.1.617.2 Spike:+L455F
0,0,0,0,0,0,0,0,0,0,0,0,1,0,0,0,0,1,0,0,0,0,0,0,0,0,0,0,0,0,0,0,0,0,0,0,0,0,0,0,0,0,0,0,0,0,0,0,0,0,0,0,0,1,0,0,1,0,0,0,0,0,0,0,0,0,0,0,0,0,1,0,0,0,0,1,0,0,0,0,0,0,0,0,0,0,0,0,0,1,0,0,0,0,0,1.2686452226866893,Casirivimab,B.1.617.2 Spike:+L455S
0,0,0,0,0,0,0,0,0,0,0,0,1,0,0,0,0,1,0,0,0,0,0,0,0,0,0,0,0,0,0,0,0,0,0,0,0,0,0,0,0,0,0,0,0,0,0,0,0,0,0,0,0,1,0,0,1,0,0,0,0,0,0,0,0,0,0,0,0,0,1,0,0,0,0,1,0,0,0,0,0,0,0,0,0,0,0,0,0,1,0,0,0,0,0,1.8748878577268275,Casirivimab,B.1.617.2 Spike:+G446V+Y453F
0,0,0,0,0,0,0,0,0,0,0,0,1,0,0,0,0,1,0,0,0,0,0,0,0,0,0,0,0,0,0,0,0,0,0,0,0,0,0,0,0,0,0,0,0,0,0,0,0,0,0,0,0,1,0,0,1,0,0,0,0,0,0,0,0,0,0,0,0,0,1,0,0,0,0,1,0,0,0,0,0,0,0,0,0,0,0,0,0,1,0,0,0,0,0,1.1889032348156467,Casirivimab,B.1.617.2 Spike:+G446V+L455F
0,0,0,0,0,0,0,0,0,0,0,0,1,0,0,0,0,1,0,0,0,0,0,0,0,0,0,0,0,0,0,0,0,0,0,0,0,0,0,0,0,0,0,0,0,0,0,0,0,0,0,0,0,1,0,0,1,0,0,0,0,0,0,0,0,0,0,0,0,0,1,0,0,0,0,1,0,0,0,0,0,0,0,0,0,0,0,0,0,1,0,0,0,0,0,0.16633142176652504,Imdevimab,B.1.617.2 Spike:+E406D
0,0,0,0,0,0,0,0,0,0,0,0,1,0,0,0,0,1,0,0,0,0,0,0,0,0,0,0,0,0,0,0,0,0,0,0,0,0,0,0,0,0,0,0,0,0,0,0,0,0,0,0,0,1,0,0,1,0,0,0,0,0,0,0,0,0,0,0,0,0,1,0,0,0,0,1,0,0,0,0,0,0,0,0,0,0,0,0,0,1,0,0,0,0,0,0.30102999566398125,Imdevimab,B.1.617.2 Spike:+E406Q
0,0,0,0,0,0,0,0,0,0,0,0,1,0,0,0,0,1,0,0,0,0,0,0,0,0,0,0,0,0,0,0,0,0,0,0,0,0,0,0,0,0,0,0,0,0,0,0,0,0,1,0,0,1,0,0,1,0,0,0,0,0,0,0,0,0,0,0,0,0,1,0,0,0,0,1,0,0,0,0,0,0,0,0,0,0,0,0,0,1,0,0,0,0,0,3.1249387366083,Imdevimab,B.1.617.2 Spike:+G446S
0,0,0,0,0,0,0,0,0,0,0,0,1,0,0,0,0,1,0,0,0,0,0,0,0,0,0,0,0,0,0,0,0,0,0,0,0,0,0,0,0,0,0,0,0,0,0,0,0,0,0,0,0,1,0,0,1,0,0,0,0,0,0,0,0,0,0,0,0,0,1,0,0,0,0,1,0,0,0,0,0,0,0,0,0,0,0,0,0,1,0,0,0,0,0,3.1249387366083,Imdevimab,B.1.617.2 Spike:+G446V
0,0,0,0,0,0,0,0,0,0,0,0,1,0,0,0,0,1,0,0,0,0,0,0,0,0,0,0,0,0,0,0,0,0,0,0,0,0,0,0,0,0,0,0,0,0,0,0,0,0,0,0,0,1,0,0,1,0,0,0,0,0,0,0,0,0,0,0,0,0,1,0,0,0,0,1,0,0,0,0,0,0,0,0,0,0,0,0,0,1,0,0,0,0,0,0.2041199826559248,Imdevimab,B.1.617.2 Spike:+Y453F
0,0,0,0,0,0,0,0,0,0,0,0,1,0,0,0,0,1,0,0,0,0,0,0,0,0,0,0,0,0,0,0,0,0,0,0,0,0,0,0,0,0,0,0,0,0,0,0,0,0,0,0,0,1,0,0,1,0,0,0,0,0,0,0,0,0,0,0,0,0,1,0,0,0,0,1,0,0,0,0,0,0,0,0,0,0,0,0,0,1,0,0,0,0,0,-0.17609125905568124,Imdevimab,B.1.617.2 Spike:+L455F
0,0,0,0,0,0,0,0,0,0,0,0,1,0,0,0,0,1,0,0,0,0,0,0,0,0,0,0,0,0,0,0,0,0,0,0,0,0,0,0,0,0,0,0,0,0,0,0,0,0,0,0,0,1,0,0,1,0,0,0,0,0,0,0,0,0,0,0,0,0,1,0,0,0,0,1,0,0,0,0,0,0,0,0,0,0,0,0,0,1,0,0,0,0,0,-0.2730012720637377,Imdevimab,B.1.617.2 Spike:+L455S
0,0,0,0,0,0,0,0,0,0,0,0,1,0,0,0,0,1,0,0,0,0,0,0,0,0,0,0,0,0,0,0,0,0,0,0,0,0,0,0,0,0,0,0,0,0,0,0,0,0,0,0,0,1,0,0,1,0,0,0,0,0,0,0,0,0,0,0,0,0,1,0,0,0,0,1,0,0,0,0,0,0,0,0,0,0,0,0,0,1,0,0,0,0,0,3.1249387366083,Imdevimab,B.1.617.2 Spike:+G446V+Y453F
0,0,0,0,0,0,0,0,0,0,0,0,1,0,0,0,0,1,0,0,0,0,0,0,0,0,0,0,0,0,0,0,0,0,0,0,0,0,0,0,0,0,0,0,0,0,0,0,0,0,0,0,0,1,0,0,1,0,0,0,0,0,0,0,0,0,0,0,0,0,1,0,0,0,0,1,0,0,0,0,0,0,0,0,0,0,0,0,0,1,0,0,0,0,0,3.1249387366083,Imdevimab,B.1.617.2 Spike:+G446V+L455F
0,0,0,0,0,0,0,0,0,0,0,0,1,0,0,0,0,1,0,0,0,0,0,0,0,0,0,0,0,0,0,0,0,0,0,0,0,0,0,0,0,0,0,0,0,0,0,0,0,0,0,0,0,1,0,0,1,0,0,0,0,0,0,0,0,0,0,0,0,0,1,0,0,0,0,1,0,0,0,0,0,0,0,0,0,0,0,0,0,1,0,0,0,0,0,-0.9542425094393249,Casirivimab+Imdevimab,B.1.617.2 Spike
0,0,0,0,0,0,0,0,0,0,0,0,1,0,0,0,0,1,0,0,0,0,0,0,0,0,0,0,0,0,0,0,0,0,0,0,0,0,0,0,0,0,0,0,0,0,0,0,0,0,0,0,0,1,0,0,1,0,0,0,0,0,0,0,0,0,0,0,0,0,1,0,0,0,0,1,0,0,0,0,0,0,0,0,0,0,0,0,0,1,0,0,0,0,0,-0.6532125137753437,Casirivimab+Imdevimab,B.1.617.2 Spike:+E406D
0,0,0,0,0,0,0,0,0,0,0,0,1,0,0,0,0,1,0,0,0,0,0,0,0,0,0,0,0,0,0,0,0,0,0,0,0,0,0,0,0,0,0,0,0,0,0,0,0,0,0,0,0,1,0,0,1,0,0,0,0,0,0,0,0,0,0,0,0,0,1,0,0,0,0,1,0,0,0,0,0,0,0,0,0,0,0,0,0,1,0,0,0,0,0,-0.17609125905568124,Casirivimab+Imdevimab,B.1.617.2 Spike:+E406Q
0,0,0,0,0,0,0,0,0,0,0,0,1,0,0,0,0,1,0,0,0,0,0,0,0,0,0,0,0,0,0,0,0,0,0,0,0,0,0,0,0,0,0,0,0,0,0,0,0,0,1,0,0,1,0,0,1,0,0,0,0,0,0,0,0,0,0,0,0,0,1,0,0,0,0,1,0,0,0,0,0,0,0,0,0,0,0,0,0,1,0,0,0,0,0,-0.6532125137753437,Casirivimab+Imdevimab,B.1.617.2 Spike:+G446S
0,0,0,0,0,0,0,0,0,0,0,0,1,0,0,0,0,1,0,0,0,0,0,0,0,0,0,0,0,0,0,0,0,0,0,0,0,0,0,0,0,0,0,0,0,0,0,0,0,0,0,0,0,1,0,0,1,0,0,0,0,0,0,0,0,0,0,0,0,0,1,0,0,0,0,1,0,0,0,0,0,0,0,0,0,0,0,0,0,1,0,0,0,0,0,-0.6532125137753437,Casirivimab+Imdevimab,B.1.617.2 Spike:+G446V
0,0,0,0,0,0,0,0,0,0,0,0,1,0,0,0,0,1,0,0,0,0,0,0,0,0,0,0,0,0,0,0,0,0,0,0,0,0,0,0,0,0,0,0,0,0,0,0,0,0,0,0,0,1,0,0,1,0,0,0,0,0,0,0,0,0,0,0,0,0,1,0,0,0,0,1,0,0,0,0,0,0,0,0,0,0,0,0,0,1,0,0,0,0,0,0.08715017571890027,Casirivimab+Imdevimab,B.1.617.2 Spike:+Y453F
0,0,0,0,0,0,0,0,0,0,0,0,1,0,0,0,0,1,0,0,0,0,0,0,0,0,0,0,0,0,0,0,0,0,0,0,0,0,0,0,0,0,0,0,0,0,0,0,0,0,0,0,0,1,0,0,1,0,0,0,0,0,0,0,0,0,0,0,0,0,1,0,0,0,0,1,0,0,0,0,0,0,0,0,0,0,0,0,0,1,0,0,0,0,0,-0.255272505103306,Casirivimab+Imdevimab,B.1.617.2 Spike:+L455F
0,0,0,0,0,0,0,0,0,0,0,0,1,0,0,0,0,1,0,0,0,0,0,0,0,0,0,0,0,0,0,0,0,0,0,0,0,0,0,0,0,0,0,0,0,0,0,0,0,0,0,0,0,1,0,0,1,0,0,0,0,0,0,0,0,0,0,0,0,0,1,0,0,0,0,1,0,0,0,0,0,0,0,0,0,0,0,0,0,1,0,0,0,0,0,-0.47712125471966244,Casirivimab+Imdevimab,B.1.617.2 Spike:+L455S
0,0,0,0,0,0,0,0,0,0,0,0,1,0,0,0,0,1,0,0,0,0,0,0,0,0,0,0,0,0,0,0,0,0,0,0,0,0,0,0,0,0,0,0,0,0,0,0,0,0,0,0,0,1,0,0,1,0,0,0,0,0,0,0,0,0,0,0,0,0,1,0,0,0,0,1,0,0,0,0,0,0,0,0,0,0,0,0,0,1,0,0,0,0,0,2.0859641181353865,Casirivimab+Imdevimab,B.1.617.2 Spike:+G446V+Y453F
0,0,0,0,0,0,0,0,0,0,0,0,1,0,0,0,0,1,0,0,0,0,0,0,0,0,0,0,0,0,0,0,0,0,0,0,0,0,0,0,0,0,0,0,0,0,0,0,0,0,0,0,0,1,0,0,1,0,0,0,0,0,0,0,0,0,0,0,0,0,1,0,0,0,0,1,0,0,0,0,0,0,0,0,0,0,0,0,0,1,0,0,0,0,0,1.5481846105451078,Casirivimab+Imdevimab,B.1.617.2 Spike:+G446V+L455F
0,0,1,1,0,1,0,1,0,0,0,0,0,0,0,0,0,0,0,0,0,0,0,0,0,0,0,0,0,0,0,0,0,0,1,0,0,0,0,1,1,1,0,0,0,1,0,1,0,0,1,0,0,0,0,1,1,1,0,0,0,0,0,0,1,1,1,1,1,0,1,1,1,1,1,0,1,0,0,1,0,1,1,0,0,1,0,0,0,0,1,1,1,1,0,2.078313524516398,Casirivimab,BA.1 Spike:493K
0,0,1,1,0,1,0,1,0,0,0,0,0,0,0,0,0,0,0,0,0,0,0,0,0,0,0,0,0,0,0,0,0,0,1,0,0,0,0,1,1,1,0,0,0,1,0,1,0,0,1,0,0,0,0,1,1,1,0,0,0,0,0,0,1,1,1,1,1,0,1,1,1,1,1,0,1,0,0,1,0,1,1,0,0,1,0,0,0,0,1,1,1,1,0,2.1249387366083,Imdevimab,BA.1 Spike:493K
0,0,0,0,0,0,0,0,0,0,0,0,0,0,0,0,0,0,0,0,0,0,0,0,0,0,0,0,0,0,0,0,0,0,0,0,0,0,0,0,0,0,0,0,0,0,0,0,0,0,0,0,0,0,0,0,0,0,0,0,0,0,0,0,0,0,0,0,0,0,1,0,0,0,0,0,0,0,0,0,0,0,0,0,0,0,0,0,0,0,0,0,0,0,0,1.8109484920555938,Casirivimab,S:406W+614G
0,0,0,0,0,0,0,0,0,0,0,0,0,0,0,0,0,0,0,0,0,0,0,0,0,0,0,0,0,0,0,0,0,0,0,0,0,0,0,0,0,0,0,0,0,0,0,0,0,0,0,0,0,0,0,0,0,0,0,0,0,0,0,0,0,0,0,0,0,0,1,0,0,0,0,0,0,0,0,0,0,0,0,0,0,0,0,0,0,0,0,0,0,0,0,-0.17739349236092583,Casirivimab,S:439K+614G
0,0,0,0,0,0,0,0,0,0,0,0,0,0,0,0,0,0,0,0,0,0,0,0,0,0,0,0,0,0,0,0,0,0,0,0,0,0,0,0,0,0,0,0,0,0,0,0,0,0,0,0,0,0,0,0,0,0,0,0,0,0,0,0,0,0,0,0,0,0,1,0,0,0,0,0,0,0,0,0,0,0,0,0,0,0,0,0,0,0,0,0,0,0,0,-0.45928847758464597,Casirivimab,S:444Q+614G
0,0,0,0,0,0,0,0,0,0,0,0,0,0,0,0,0,0,0,0,0,0,0,0,0,0,0,0,0,0,0,0,0,0,0,0,0,0,0,0,0,0,0,0,0,0,0,0,0,0,0,0,0,0,0,0,0,0,0,0,0,0,0,0,0,0,0,0,0,0,1,0,0,0,0,0,0,0,0,0,0,0,0,0,0,0,0,0,0,0,0,0,0,0,0,2.8564647749000414,Casirivimab,S:486K+614G
0,0,0,0,0,0,0,0,0,0,0,0,0,0,0,0,0,0,0,0,0,0,0,0,0,0,0,0,0,0,0,0,0,0,0,0,0,0,0,0,0,0,0,0,0,0,0,0,0,0,0,0,0,0,0,0,0,0,0,0,0,0,0,0,0,0,0,0,0,0,1,0,0,0,0,0,0,0,0,0,0,0,0,0,0,0,0,0,0,0,0,0,0,0,0,2.004091982792546,Imdevimab,S:406W+614G
0,0,0,0,0,0,0,0,0,0,0,0,0,0,0,0,0,0,0,0,0,0,0,0,0,0,0,0,0,0,0,0,0,0,0,0,0,0,0,0,0,0,0,0,0,0,0,0,0,0,0,0,0,0,0,0,0,0,0,0,0,0,0,0,0,0,0,0,0,0,1,0,0,0,0,0,0,0,0,0,0,0,0,0,0,0,0,0,0,0,0,0,0,0,0,2.1771708268606345,Imdevimab,S:439K+614G
0,0,0,0,0,0,0,0,0,0,0,0,0,0,0,0,0,0,0,0,0,0,0,0,0,0,0,0,0,0,0,0,0,0,0,0,0,0,0,0,0,0,0,0,0,0,0,0,0,0,0,0,0,0,0,0,0,0,0,0,0,0,0,0,0,0,0,0,0,0,1,0,0,0,0,0,0,0,0,0,0,0,0,0,0,0,0,0,0,0,0,0,0,0,0,2.9030899869919433,Imdevimab,S:444Q+614G
0,0,0,0,0,0,0,0,0,0,0,0,0,0,0,0,0,0,0,0,0,0,0,0,0,0,0,0,0,0,0,0,0,0,0,0,0,0,0,0,0,0,0,0,0,0,0,0,0,0,0,0,0,0,0,0,0,0,0,0,0,0,0,0,0,0,0,0,0,0,1,0,0,0,0,0,0,0,0,0,0,0,0,0,0,0,0,0,0,0,0,0,0,0,0,-0.3836995695574274,Imdevimab,S:486K+614G
0,0,1,0,0,0,0,0,0,0,0,0,1,0,0,0,0,0,0,0,0,0,0,0,0,0,0,0,0,0,0,0,0,0,0,0,0,0,0,0,0,0,0,0,0,0,0,0,0,0,0,0,0,1,0,0,1,0,0,0,0,0,0,0,0,0,0,0,0,0,1,0,0,1,0,1,0,0,0,0,0,0,0,0,0,0,0,0,0,1,0,0,0,0,0,0.40053281925031725,Casirivimab,S:67V+142D+156G+157del+158del+452R+478K+614G+681R+950N
0,0,1,0,0,0,0,0,0,0,0,0,1,0,0,0,0,0,0,0,0,0,0,0,0,0,0,0,0,0,0,0,0,0,0,0,0,0,0,0,0,0,0,0,0,0,0,0,0,0,0,0,0,1,0,0,1,0,0,0,0,0,0,0,0,0,0,0,0,0,1,0,0,1,0,1,0,0,0,0,0,0,0,0,0,0,0,0,0,1,0,0,0,0,0,1.2218487496163561,Imdevimab,S:67V+142D+156G+157del+158del+452R+478K+614G+681R+950N
0,0,0,0,0,0,0,0,0,0,0,0,0,0,0,0,0,0,0,0,0,0,0,0,0,0,0,0,0,0,0,0,0,0,0,0,0,0,0,0,0,0,0,0,0,0,0,0,0,0,0,0,0,0,0,0,0,0,0,0,0,0,0,0,0,0,1,0,0,0,0,0,0,0,1,0,1,0,0,1,0,0,0,0,0,0,0,0,0,0,0,0,0,0,0,0.0025928105782796473,Casirivimab,S:69del+70del+501Y+681H
0,0,0,0,0,0,0,0,0,0,0,0,0,0,0,0,0,0,0,0,0,0,0,0,0,0,0,0,0,0,0,0,0,0,0,0,0,0,0,0,0,0,0,0,0,0,0,0,0,0,0,0,0,0,0,0,0,0,0,0,0,0,0,0,0,0,0,0,0,0,0,0,0,0,0,0,1,0,0,1,0,0,0,0,0,0,0,0,0,0,0,0,0,0,0,0.0332792555748187,Casirivimab,S:69del+70del
0,0,0,0,0,1,0,0,0,0,0,0,0,0,0,0,0,0,0,0,0,0,0,0,0,0,0,0,0,0,0,0,0,0,0,0,0,0,0,0,0,0,0,0,0,0,0,0,0,0,0,0,0,0,0,0,0,0,0,0,0,0,0,0,0,0,0,0,0,0,0,0,0,0,0,0,0,0,0,0,0,0,0,0,0,0,0,0,0,0,0,0,0,0,0,-0.07938934115553686,Casirivimab,S:144del
0,0,0,0,0,0,0,0,0,0,0,0,0,0,0,0,0,0,0,0,0,0,0,0,0,0,0,0,0,0,0,0,0,0,0,0,0,0,0,0,0,0,0,0,0,0,0,0,0,0,0,0,0,0,0,0,0,0,0,0,0,0,0,0,0,0,0,0,0,0,0,0,0,0,1,0,0,0,0,0,0,0,0,0,0,0,0,0,0,0,0,0,0,0,0,-0.11686579676243969,Casirivimab,S:681H
0,0,0,0,0,0,0,0,0,0,0,0,0,0,0,0,0,0,0,0,0,0,0,0,0,0,0,0,0,0,0,0,0,0,0,0,0,0,0,0,0,0,0,0,0,0,0,0,0,0,0,0,0,0,0,0,0,0,0,0,0,0,0,0,0,0,0,0,0,0,0,0,0,0,0,0,0,0,0,0,1,0,0,0,0,0,0,0,0,0,0,0,0,0,0,-0.6761738076694521,Casirivimab,S:716I
0,0,0,0,0,0,0,0,0,0,0,0,0,0,1,0,0,0,0,0,0,0,0,0,0,0,0,0,0,0,0,0,0,0,0,0,0,0,0,0,0,0,0,0,0,0,0,0,0,0,0,0,0,0,0,0,0,0,0,0,0,0,0,0,0,0,0,0,0,0,0,0,0,0,0,0,0,0,0,0,0,0,0,0,0,0,0,0,0,0,0,0,0,0,0,-0.3587990941897228,Casirivimab,S:18F
0,0,0,0,0,0,0,0,0,0,0,0,0,0,0,0,0,0,0,0,0,0,0,0,0,0,0,0,0,0,0,0,0,0,0,0,0,0,0,0,0,0,0,0,0,0,0,0,0,0,0,0,0,0,0,0,0,0,0,0,0,0,0,0,0,0,0,0,0,0,0,0,0,0,0,0,0,0,0,0,0,0,0,1,0,0,0,0,0,0,0,0,0,0,0,-0.3174604223991321,Casirivimab,S:80A
0,0,0,0,0,0,0,0,0,0,0,0,0,0,0,0,0,0,0,0,0,0,0,1,0,0,0,0,0,0,0,0,0,0,0,0,0,0,0,0,0,0,0,0,0,0,0,0,0,0,0,0,0,0,0,0,0,0,0,0,0,0,0,0,0,0,0,0,0,0,0,0,0,0,0,0,0,0,0,0,0,0,0,0,0,0,0,0,0,0,0,0,0,0,0,0.010787289193551208,Casirivimab,S:215G
0,0,0,0,0,0,0,0,0,0,0,0,0,0,0,0,0,0,0,0,0,0,0,0,0,1,1,1,0,0,0,0,0,0,0,0,0,0,0,0,0,0,0,0,0,0,0,0,0,0,0,0,0,0,0,0,0,0,0,0,0,0,0,0,0,0,0,0,0,0,0,0,0,0,0,0,0,0,0,0,0,0,0,0,0,0,0,0,0,0,0,0,0,0,0,-0.15975863706307303,Casirivimab,S:242del+243del+244del
0,0,0,0,0,0,0,0,0,0,0,0,0,0,0,0,0,0,0,0,0,0,0,0,0,0,0,0,0,0,0,0,0,0,0,0,0,0,0,0,0,0,0,0,0,0,0,0,0,0,0,0,0,0,0,0,0,0,0,0,0,0,0,0,0,0,0,0,0,0,0,0,0,0,0,0,0,1,0,0,0,0,0,0,0,0,0,0,0,0,0,0,0,0,0,-0.18688664589475512,Casirivimab,S:701V
0,0,0,0,0,0,0,0,0,0,0,0,0,0,0,0,0,0,0,0,0,0,0,0,0,0,0,0,0,0,0,0,0,0,0,0,0,0,0,0,0,0,0,0,0,0,0,0,0,0,0,0,0,0,0,0,0,0,0,0,0,0,0,0,0,0,0,0,0,0,1,0,0,0,0,0,1,0,0,1,0,0,0,0,0,0,0,0,0,0,0,0,0,0,0,2.2821619882626325,Casirivimab,Mink Cluster 5 Spike
0,0,0,0,0,0,0,0,0,0,0,0,0,0,0,0,0,0,0,0,0,0,0,0,0,0,0,0,0,0,0,0,0,0,0,0,0,0,0,0,0,0,0,0,0,0,0,0,0,0,0,0,0,0,0,0,0,0,0,0,0,0,0,0,0,0,1,0,0,0,1,0,0,0,0,0,0,0,0,0,0,0,0,0,0,0,0,0,0,0,0,0,0,0,0,-0.14498529149519113,Casirivimab,S:501Y+614G+677H
0,0,0,0,0,0,0,0,0,0,0,0,0,0,0,0,0,0,0,0,0,0,0,0,0,0,0,0,0,0,0,0,0,0,0,0,0,0,0,0,0,0,0,0,0,0,0,0,0,0,0,0,0,0,0,0,0,0,0,0,1,0,0,0,0,0,0,0,0,0,0,0,0,0,0,0,0,0,0,0,0,0,0,0,0,0,0,0,0,0,0,0,0,0,0,2.379343520180379,Casirivimab,S:486S
0,0,0,0,0,0,0,0,0,0,0,0,0,0,0,0,0,0,0,0,0,0,0,0,0,0,0,0,0,0,0,0,0,0,0,0,0,0,0,0,0,0,0,0,0,0,0,0,0,0,0,0,0,0,0,0,0,0,0,0,0,0,0,0,0,0,1,0,0,0,0,0,0,0,1,0,1,0,0,1,0,0,0,0,0,0,0,0,0,0,0,0,0,0,0,0.2992893340876799,Imdevimab,S:69del+70del+501Y+681H
0,0,0,0,0,0,0,0,0,0,0,0,0,0,0,0,0,0,0,0,0,0,0,0,0,0,0,0,0,0,0,0,0,0,0,0,0,0,0,0,0,0,0,0,0,0,0,0,0,0,0,0,0,0,0,0,0,0,0,0,0,0,0,0,0,0,0,0,0,0,0,0,0,0,0,0,1,0,0,1,0,0,0,0,0,0,0,0,0,0,0,0,0,0,0,0.005466514807105138,Imdevimab,S:69del+70del
0,0,0,0,0,1,0,0,0,0,0,0,0,0,0,0,0,0,0,0,0,0,0,0,0,0,0,0,0,0,0,0,0,0,0,0,0,0,0,0,0,0,0,0,0,0,0,0,0,0,0,0,0,0,0,0,0,0,0,0,0,0,0,0,0,0,0,0,0,0,0,0,0,0,0,0,0,0,0,0,0,0,0,0,0,0,0,0,0,0,0,0,0,0,0,0.19479175772192447,Imdevimab,S:144del
0,0,0,0,0,0,0,0,0,0,0,0,0,0,0,0,0,0,0,0,0,0,0,0,0,0,0,0,0,0,0,0,0,0,0,0,0,0,0,0,0,0,0,0,0,0,0,0,0,0,0,0,0,0,0,0,0,0,0,0,0,0,0,0,0,0,0,0,0,0,0,0,0,0,1,0,0,0,0,0,0,0,0,0,0,0,0,0,0,0,0,0,0,0,0,0.14962959896373063,Imdevimab,S:681H
0,0,0,0,0,0,0,0,0,0,0,0,0,0,0,0,0,0,0,0,0,0,0,0,0,0,0,0,0,0,0,0,0,0,0,0,0,0,0,0,0,0,0,0,0,0,0,0,0,0,0,0,0,0,0,0,0,0,0,0,0,0,0,0,0,0,0,0,0,0,0,0,0,0,0,0,0,0,0,0,1,0,0,0,0,0,0,0,0,0,0,0,0,0,0,-0.28344022517838097,Imdevimab,S:716I
0,0,0,0,0,0,0,0,0,0,0,0,0,0,1,0,0,0,0,0,0,0,0,0,0,0,0,0,0,0,0,0,0,0,0,0,0,0,0,0,0,0,0,0,0,0,0,0,0,0,0,0,0,0,0,0,0,0,0,0,0,0,0,0,0,0,0,0,0,0,0,0,0,0,0,0,0,0,0,0,0,0,0,0,0,0,0,0,0,0,0,0,0,0,0,-0.02748860424958799,Imdevimab,S:18F
0,0,0,0,0,0,0,0,0,0,0,0,0,0,0,0,0,0,0,0,0,0,0,0,0,0,0,0,0,0,0,0,0,0,0,0,0,0,0,0,0,0,0,0,0,0,0,0,0,0,0,0,0,0,0,0,0,0,0,0,0,0,0,0,0,0,0,0,0,0,0,0,0,0,0,0,0,0,0,0,0,0,0,1,0,0,0,0,0,0,0,0,0,0,0,0.1841233542396712,Imdevimab,S:80A
0,0,0,0,0,0,0,0,0,0,0,0,0,0,0,0,0,0,0,0,0,0,0,1,0,0,0,0,0,0,0,0,0,0,0,0,0,0,0,0,0,0,0,0,0,0,0,0,0,0,0,0,0,0,0,0,0,0,0,0,0,0,0,0,0,0,0,0,0,0,0,0,0,0,0,0,0,0,0,0,0,0,0,0,0,0,0,0,0,0,0,0,0,0,0,0.23384186427561326,Imdevimab,S:215G
0,0,0,0,0,0,0,0,0,0,0,0,0,0,0,0,0,0,0,0,0,0,0,0,0,1,1,1,0,0,0,0,0,0,0,0,0,0,0,0,0,0,0,0,0,0,0,0,0,0,0,0,0,0,0,0,0,0,0,0,0,0,0,0,0,0,0,0,0,0,0,0,0,0,0,0,0,0,0,0,0,0,0,0,0,0,0,0,0,0,0,0,0,0,0,-0.31996681481338096,Imdevimab,S:242del+243del+244del
0,0,0,0,0,0,0,0,0,0,0,0,0,0,0,0,0,0,0,0,0,0,0,0,0,0,0,0,0,0,0,0,0,0,0,0,0,0,0,0,0,0,0,0,0,0,0,0,0,0,0,0,0,0,0,0,0,0,0,0,0,0,0,0,0,0,0,0,0,0,0,0,0,0,0,0,0,1,0,0,0,0,0,0,0,0,0,0,0,0,0,0,0,0,0,0.3004505499717476,Imdevimab,S:701V
0,0,0,0,0,0,0,0,0,0,0,0,0,0,0,0,0,0,0,0,0,0,0,0,0,0,0,0,0,0,0,0,0,0,0,0,0,0,0,0,0,0,0,0,0,0,0,0,0,0,0,0,0,0,0,0,0,0,0,0,0,0,0,0,0,0,0,0,0,0,1,0,0,0,0,0,1,0,0,1,0,0,0,0,0,0,0,0,0,0,0,0,0,0,0,0.8599784416420206,Imdevimab,Mink Cluster 5 Spike
0,0,0,0,0,0,0,0,0,0,0,0,0,0,0,0,0,0,0,0,0,0,0,0,0,0,0,0,0,0,0,0,0,0,0,0,0,0,0,0,0,0,0,0,0,0,0,0,0,0,0,0,0,0,0,0,0,0,0,0,0,0,0,0,0,0,1,0,0,0,1,0,0,0,0,0,0,0,0,0,0,0,0,0,0,0,0,0,0,0,0,0,0,0,0,-0.17957958690150266,Imdevimab,S:501Y+614G+677H
0,0,0,0,0,0,0,0,0,0,0,0,0,0,0,0,0,0,0,0,0,0,0,0,0,0,0,0,0,0,0,0,0,0,0,0,0,0,0,0,0,0,0,0,0,0,0,0,0,0,0,0,0,0,0,0,0,0,0,0,1,0,0,0,0,0,0,0,0,0,0,0,0,0,0,0,0,0,0,0,0,0,0,0,0,0,0,0,0,0,0,0,0,0,0,0.053846426852252605,Imdevimab,S:486S
0,0,1,0,0,0,0,0,0,0,0,0,0,0,0,0,0,0,0,0,0,0,0,0,0,0,0,0,0,0,0,0,0,0,0,0,0,0,0,0,0,0,0,0,0,0,0,0,0,0,0,0,0,1,0,0,0,0,0,0,0,0,0,0,0,0,0,0,0,0,1,0,0,0,0,1,0,0,0,0,0,0,0,0,0,0,0,0,0,0,0,1,0,0,0,0.9748397420059534,Casirivimab,B.1.617 Spike
0,0,1,0,0,0,0,0,0,0,0,0,0,0,0,0,0,0,0,0,0,0,0,0,0,0,0,0,0,0,0,0,0,0,0,0,0,0,0,0,0,0,0,0,0,0,0,0,0,0,0,0,0,1,0,0,0,0,0,0,0,0,0,0,0,0,0,0,0,0,1,0,0,0,0,1,0,0,0,0,0,0,0,0,0,0,0,0,0,0,0,1,0,0,0,1.3059243173950303,Imdevimab,B.1.617 Spike
0,0,0,0,0,0,0,1,0,0,0,0,0,0,0,0,0,0,0,0,0,0,0,0,0,0,0,0,0,0,0,0,0,0,0,0,0,0,0,0,0,0,0,0,0,0,0,0,0,0,0,0,0,0,0,0,0,0,1,0,0,0,0,0,0,0,0,0,0,0,1,0,0,0,0,0,0,0,0,0,0,0,0,0,0,0,0,0,0,0,0,0,0,0,0,1.2238206959260607,Casirivimab,S:145del+146del+484K+614G
0,0,0,0,0,0,0,1,0,0,0,0,0,0,0,0,0,0,0,0,0,0,0,0,0,0,0,0,0,0,0,0,0,0,0,0,0,0,0,0,0,0,0,0,0,0,0,0,0,0,0,0,0,0,0,0,0,0,1,0,0,0,0,0,0,0,0,0,0,0,1,0,0,0,0,0,0,0,0,0,0,0,0,0,0,0,0,0,0,0,0,0,0,0,0,0.6218683846815147,Imdevimab,S:145del+146del+484K+614G
0,0,0,0,0,0,0,0,0,0,0,0,0,0,0,0,0,0,0,0,0,0,0,0,0,0,0,0,0,0,0,0,0,0,0,0,0,0,0,0,0,0,0,0,0,0,0,1,0,0,0,0,0,0,0,0,0,0,0,0,0,0,0,0,0,0,0,0,0,0,1,0,0,0,0,0,0,0,0,0,0,0,0,0,0,0,0,0,0,0,0,0,0,0,0,-0.7755584398053641,Casirivimab,S:440K+614G
0,0,0,0,0,0,0,0,0,0,0,0,0,0,0,0,0,0,0,0,0,0,0,0,0,0,0,0,0,0,0,0,0,0,0,0,0,0,0,0,0,0,0,0,0,0,0,1,0,0,0,0,0,0,0,0,0,0,0,0,0,0,0,0,0,0,0,0,0,0,1,0,0,0,0,0,0,0,0,0,0,0,0,0,0,0,0,0,0,0,0,0,0,0,0,-0.7289332277134621,Imdevimab,S:440K+614G
0,0,0,0,0,0,0,0,0,0,0,0,0,0,0,0,0,0,0,0,0,0,0,0,0,0,0,0,0,0,0,0,0,0,0,0,0,0,0,0,0,0,0,0,0,0,0,0,0,0,0,0,0,0,0,0,0,0,0,0,0,0,0,0,0,0,0,0,0,0,0,0,0,0,0,1,0,0,0,0,0,0,0,0,0,0,0,0,0,0,0,0,0,0,0,-0.35348475141660707,Casirivimab,S:681R
0,0,0,0,0,0,0,0,0,0,0,0,0,0,0,0,0,0,0,0,0,0,0,0,0,0,0,0,0,0,0,0,0,0,0,0,0,0,0,0,0,0,0,0,0,0,0,0,0,0,0,0,0,0,0,0,0,0,0,0,0,0,0,0,0,0,0,0,0,0,0,0,0,0,0,1,0,0,0,0,0,0,0,0,0,0,0,0,0,0,0,0,0,0,0,0.764425225876886,Imdevimab,S:681R
0,0,0,0,0,0,0,1,0,0,0,0,0,0,0,0,0,0,0,0,0,0,0,0,0,0,0,0,0,0,0,0,0,0,0,0,0,0,0,0,0,0,0,0,0,0,0,0,0,0,0,0,0,0,0,0,0,0,0,0,0,0,0,0,0,0,0,0,0,0,0,0,0,0,0,0,0,0,0,0,0,0,0,0,0,0,0,0,0,0,0,0,0,0,0,-0.5237464668115644,Casirivimab,S:145del+146del
0,0,0,0,0,0,0,1,0,0,0,0,0,0,0,0,0,0,0,0,0,0,0,0,0,0,0,0,0,0,0,0,0,0,0,0,0,0,0,0,0,0,0,0,0,0,0,0,0,0,0,0,0,0,0,0,0,0,0,0,0,0,0,0,0,0,0,0,0,0,0,0,0,0,0,0,0,0,0,0,0,0,0,0,0,0,0,0,0,0,0,0,0,0,0,0.9438241512023098,Imdevimab,S:145del+146del
0,0,0,0,0,0,0,0,0,0,0,0,0,0,0,0,0,0,0,0,0,0,0,0,0,0,0,0,0,0,0,0,0,0,0,0,0,0,0,0,0,0,0,0,0,0,0,0,0,0,0,0,1,0,0,0,0,0,0,0,0,0,0,0,0,0,0,0,0,0,0,0,0,0,0,0,0,0,0,0,0,0,0,0,0,0,0,0,0,0,0,0,0,0,0,0.3638708335241718,Casirivimab,S:452Q
0,0,0,0,0,0,0,0,0,0,0,0,0,0,0,0,0,0,0,0,0,0,0,0,0,0,0,0,0,0,0,0,0,0,0,0,0,0,0,0,0,0,0,0,0,0,0,0,0,0,0,0,1,0,0,0,0,0,0,0,0,0,0,0,0,0,0,0,0,0,0,0,0,0,0,0,0,0,0,0,0,0,0,0,0,0,0,0,0,0,0,0,0,0,0,0.7323937598229684,Imdevimab,S:452Q
0,0,0,0,0,0,0,0,0,0,0,0,0,0,0,0,0,0,0,0,0,0,0,0,0,0,0,0,0,0,0,0,0,0,0,0,0,0,0,0,0,0,0,0,0,0,0,0,0,0,0,0,0,0,0,0,0,0,0,0,0,0,0,0,0,0,0,0,0,0,0,0,0,0,0,0,0,0,0,0,0,0,0,0,0,0,1,0,0,0,0,0,0,0,0,-0.2882180199040155,Casirivimab,S:859N
0,0,0,0,0,0,0,0,0,0,0,0,0,0,0,0,0,0,0,0,0,0,0,0,0,0,0,0,0,0,0,0,0,0,0,0,0,0,0,0,0,0,0,0,0,0,0,0,0,0,0,0,0,0,0,0,0,0,0,0,0,0,0,0,0,0,0,0,0,0,0,0,0,0,0,0,0,0,0,0,0,0,0,0,0,0,1,0,0,0,0,0,0,0,0,0.1856365769619115,Imdevimab,S:859N
0,0,0,0,0,0,0,0,0,0,0,0,0,0,0,0,0,0,0,0,0,0,0,0,0,0,0,0,0,0,0,0,0,0,0,0,0,0,0,0,0,0,0,0,0,0,0,0,0,0,0,0,1,0,0,0,0,0,0,0,0,0,1,0,0,0,0,0,0,0,1,0,0,0,0,0,0,0,0,0,0,0,0,0,0,0,0,0,0,0,0,0,0,0,0,-0.45928847758464597,Casirivimab,S:75V+76I+246del+247del+248del+249del+250del+251del+252del+452Q+490S+614G+859N
0,0,0,0,0,0,0,0,0,0,0,0,0,0,0,0,0,0,0,0,0,0,0,0,0,0,0,0,0,0,0,0,0,0,0,0,0,0,0,0,0,0,0,0,0,0,0,0,0,0,0,0,1,0,0,0,0,0,0,0,0,0,1,0,0,0,0,0,0,0,1,0,0,0,0,0,0,0,0,0,0,0,0,0,0,0,0,0,0,0,0,0,0,0,0,0.6525686374796387,Imdevimab,S:75V+76I+246del+247del+248del+249del+250del+251del+252del+452Q+490S+614G+859N
0,0,0,0,0,0,0,0,0,0,0,0,0,0,0,0,0,0,0,0,0,0,0,0,0,0,0,0,0,0,0,0,0,0,0,0,0,0,0,0,0,0,0,0,0,0,0,0,0,0,0,0,0,0,0,0,1,0,0,0,0,0,0,0,0,0,0,0,0,0,0,0,0,0,0,0,0,0,0,0,0,0,0,0,0,0,0,0,0,0,0,0,0,0,0,0.05603712980524567,Casirivimab,S:478K
0,0,0,0,0,0,0,0,0,0,0,0,0,0,0,0,0,0,0,0,0,0,0,0,0,0,0,0,0,0,0,0,0,0,0,0,0,0,0,0,0,0,0,0,0,0,0,0,0,0,0,0,0,0,0,0,1,0,0,0,0,0,0,0,0,0,0,0,0,0,0,0,0,0,0,0,0,0,0,0,0,0,0,0,0,0,0,0,0,0,0,0,0,0,0,0.23888208891513663,Imdevimab,S:478K
0,0,1,1,0,1,0,1,0,0,0,0,0,0,0,0,0,0,0,0,0,0,0,0,0,0,0,0,0,0,0,0,0,0,1,0,0,0,0,1,1,1,0,0,0,1,0,1,0,0,1,0,0,0,0,1,1,1,0,0,0,0,0,0,1,1,1,1,1,0,1,1,1,1,1,0,1,0,0,1,0,1,1,0,0,1,0,0,0,0,1,1,1,1,0,2.7772835288524167,Casirivimab,BA.1 Spike:Q493K
0,0,1,1,0,1,0,1,0,0,0,0,0,0,0,0,0,0,0,0,0,0,0,0,0,0,0,0,0,0,0,0,0,0,1,0,0,0,0,1,1,1,0,0,0,1,0,1,0,0,1,0,0,0,0,1,1,1,0,0,0,0,0,0,1,1,1,1,1,0,1,1,1,1,1,0,1,0,0,1,0,1,1,0,0,1,0,0,0,0,1,1,1,1,0,2.8239087409443187,Imdevimab,BA.1 Spike:Q493K
0,0,0,0,0,1,0,1,0,0,0,0,0,0,0,0,0,0,0,0,0,0,0,0,0,0,0,0,0,0,0,0,0,0,0,0,0,0,0,0,0,0,0,0,0,0,0,0,0,0,0,0,0,0,0,0,0,0,0,0,0,0,0,0,0,0,1,0,0,0,1,0,0,0,1,0,1,0,0,1,1,0,0,0,0,0,0,0,0,0,0,0,0,0,0,-0.6032196568552011,Imdevimab,SARS-CoV-2/UT-HP127-1Nf/Human/2021/Tokyo
0,0,0,0,0,1,0,1,0,0,0,0,0,0,0,0,0,0,0,0,0,0,0,0,0,0,0,0,0,0,0,0,0,0,0,0,0,0,0,0,0,0,0,0,0,0,0,0,0,0,0,0,0,0,0,0,0,0,0,0,0,0,0,0,0,0,1,0,0,0,1,0,0,0,1,0,1,0,0,1,1,0,0,0,0,0,0,0,0,0,0,0,0,0,0,-0.48393591266321406,Casirivimab,SARS-CoV-2/UT-HP127-1Nf/Human/2021/Tokyo
0,0,0,0,0,0,0,0,0,0,0,0,0,0,1,0,0,0,0,0,0,0,0,1,1,1,1,0,0,0,0,0,0,0,0,0,0,0,0,0,0,0,0,0,0,1,0,0,0,0,0,0,0,0,0,0,0,0,1,0,0,0,0,0,0,0,1,0,0,0,1,0,0,0,0,0,0,1,0,0,0,0,0,1,0,0,0,0,0,0,0,0,0,0,0,-0.5386015295431705,Imdevimab,hCoV-19/USA/MD-HP01542/2021
0,0,0,0,0,0,0,0,0,0,0,0,0,0,1,0,0,0,0,0,0,0,0,1,1,1,1,0,0,0,0,0,0,0,0,0,0,0,0,0,0,0,0,0,0,1,0,0,0,0,0,0,0,0,0,0,0,0,1,0,0,0,0,0,0,0,1,0,0,0,1,0,0,0,0,0,0,1,0,0,0,0,0,1,0,0,0,0,0,0,0,0,0,0,0,1.9574839792283565,Casirivimab,hCoV-19/USA/MD-HP01542/2021
0,0,1,0,0,0,0,0,0,0,0,0,1,0,0,0,0,1,0,0,0,0,0,0,0,0,0,0,0,0,0,0,0,0,0,0,0,0,0,0,0,0,0,0,0,0,0,0,0,0,0,0,0,1,0,0,1,0,0,0,0,0,0,0,0,0,0,0,0,0,1,0,0,0,0,1,0,0,0,0,0,0,0,0,0,0,0,0,0,1,0,1,0,0,0,-0.27846416776523986,Imdevimab,hCoV-19/USA/WI-UW-5250/2021
0,0,1,0,0,0,0,0,0,0,0,0,1,0,0,0,0,1,0,0,0,0,0,0,0,0,0,0,0,0,0,0,0,0,0,0,0,0,0,0,0,0,0,0,0,0,0,0,0,0,0,0,0,1,0,0,1,0,0,0,0,0,0,0,0,0,0,0,0,0,1,0,0,0,0,1,0,0,0,0,0,0,0,0,0,0,0,0,0,1,0,1,0,0,0,-0.46078863272705417,Casirivimab,hCoV-19/USA/WI-UW-5250/2021
0,0,1,1,0,1,0,1,0,0,0,0,0,0,0,0,0,0,0,0,0,0,0,0,0,0,0,0,0,0,0,0,0,0,1,0,0,0,0,1,1,1,0,0,0,1,0,1,0,0,1,0,0,0,0,1,1,1,0,0,0,0,0,1,1,1,1,1,1,0,1,1,1,1,1,0,1,0,0,1,0,1,1,0,0,1,0,0,0,0,1,1,1,1,0,3.8239087409443187,Imdevimab,hCoV-19/Japan/NC928-2N/2021
0,0,1,1,0,1,0,1,0,0,0,0,0,0,0,0,0,0,0,0,0,0,0,0,0,0,0,0,0,0,0,0,0,0,1,0,0,0,0,1,1,1,0,0,0,1,0,1,0,0,1,0,0,0,0,1,1,1,0,0,0,0,0,1,1,1,1,1,1,0,1,1,1,1,1,0,1,0,0,1,0,1,1,0,0,1,0,0,0,0,1,1,1,1,0,3.584214047655937,Casirivimab,hCoV-19/Japan/NC928-2N/2021
0,0,1,0,0,0,0,0,0,0,0,0,0,0,0,0,1,0,0,0,0,1,0,0,0,0,0,0,1,0,0,1,1,1,1,0,0,0,1,0,1,1,1,1,1,1,0,1,0,0,0,0,0,0,0,1,1,1,0,0,0,0,0,1,0,1,1,1,0,0,1,1,1,0,1,0,0,0,0,0,0,1,1,0,0,0,0,0,0,0,1,0,1,0,0,1.9335817627740535,Imdevimab,hCoV-19/Japan/UT-NCD1288-2N/2022
0,0,1,0,0,0,0,0,0,0,0,0,0,0,0,0,1,0,0,0,0,1,0,0,0,0,0,0,1,0,0,1,1,1,1,0,0,0,1,0,1,1,1,1,1,1,0,1,0,0,0,0,0,0,0,1,1,1,0,0,0,0,0,1,0,1,1,1,0,0,1,1,1,0,1,0,0,0,0,0,0,1,1,0,0,0,0,0,0,0,1,0,1,0,0,3.7772835288524167,Casirivimab,hCoV-19/Japan/UT-NCD1288-2N/2022
0,0,1,1,0,1,0,1,0,0,0,0,0,0,0,0,0,0,0,0,0,0,0,0,0,0,0,0,0,0,0,0,0,0,1,1,0,0,0,1,1,1,0,0,0,1,0,1,0,0,1,0,0,0,0,1,1,1,0,0,0,0,0,1,1,1,1,1,1,0,1,1,1,1,1,0,1,0,0,1,0,1,1,0,0,1,0,0,0,0,1,1,1,1,0,3.8239087409443187,Imdevimab,hCoV-19/Japan/NC929-1N/2021
0,0,1,1,0,1,0,1,0,0,0,0,0,0,0,0,0,0,0,0,0,0,0,0,0,0,0,0,0,0,0,0,0,0,1,1,0,0,0,1,1,1,0,0,0,1,0,1,0,0,1,0,0,0,0,1,1,1,0,0,0,0,0,1,1,1,1,1,1,0,1,1,1,1,1,0,1,0,0,1,0,1,1,0,0,1,0,0,0,0,1,1,1,1,0,3.7772835288524167,Casirivimab,hCoV-19/Japan/NC929-1N/2021
0,0,1,0,0,0,0,0,1,1,0,1,0,0,0,0,1,0,1,0,0,1,0,0,0,0,0,0,0,1,0,1,1,0,0,0,0,0,1,0,1,1,1,1,1,1,0,1,0,0,1,0,0,0,1,1,1,1,0,0,0,0,0,0,0,1,1,1,0,0,1,1,1,0,1,0,0,0,0,0,0,1,1,0,0,0,0,0,0,0,1,0,1,0,0,3.8239087409443187,Imdevimab,hCoV-19/Japan/TY41-716-P1/2022
0,0,1,0,0,0,0,0,1,1,0,1,0,0,0,0,1,0,1,0,0,1,0,0,0,0,0,0,0,1,0,1,1,0,0,0,0,0,1,0,1,1,1,1,1,1,0,1,0,0,1,0,0,0,1,1,1,1,0,0,0,0,0,0,0,1,1,1,0,0,1,1,1,0,1,0,0,0,0,0,0,1,1,0,0,0,0,0,0,0,1,0,1,0,0,2.1402143922217727,Casirivimab,hCoV-19/Japan/TY41-716-P1/2022
0,0,1,1,0,1,0,1,0,0,0,0,0,0,0,0,0,0,0,0,0,0,0,0,0,0,0,0,0,0,0,0,0,0,1,0,0,0,0,1,1,1,0,0,0,1,0,1,0,0,1,0,0,0,0,1,1,1,0,0,0,0,0,1,1,1,1,1,1,0,1,1,1,1,1,0,1,0,0,1,0,1,1,0,0,1,0,0,0,0,1,1,1,1,0,2.078313524516398,Casirivimab,hCoV-19/France/PAC-1514/2021
0,0,1,1,0,1,0,1,0,0,0,0,0,0,0,0,0,0,0,0,0,0,0,0,0,0,0,0,0,0,0,0,0,0,1,0,0,0,0,1,1,1,0,0,0,1,0,1,0,0,1,0,0,0,0,1,1,1,0,0,0,0,0,1,1,1,1,1,1,0,1,1,1,1,1,0,1,0,0,1,0,1,1,0,0,1,0,0,0,0,1,1,1,1,0,2.1249387366083,Imdevimab,hCoV-19/France/PAC-1514/2021
0,0,1,0,0,0,0,0,0,0,0,0,0,0,0,0,1,0,0,0,0,1,0,0,0,0,0,0,0,0,0,1,1,0,1,0,0,0,1,0,1,1,1,1,1,1,0,1,1,0,0,0,0,1,1,1,1,1,0,0,0,1,0,0,0,1,1,1,0,0,1,1,1,0,1,0,1,0,0,1,0,1,1,0,0,0,0,0,0,0,1,0,1,0,0,2.7772835288524167,Casirivimab,Omicron/BQ.1 full genome
0,0,1,0,0,1,0,0,0,0,0,0,0,0,0,0,1,0,0,0,0,0,0,0,0,0,0,0,0,0,0,1,1,0,0,0,1,1,1,0,1,1,1,1,1,1,0,1,0,1,1,0,0,0,1,1,1,1,0,0,1,0,1,0,0,1,1,1,0,0,1,1,1,0,1,0,0,0,0,0,0,1,1,0,1,0,0,0,0,0,1,0,1,0,0,4.183823709286372,Casirivimab,Omicron/XBB full genome
0,0,1,0,0,0,0,0,0,0,0,0,0,0,0,0,1,0,0,0,0,1,0,0,0,0,0,0,0,0,0,1,1,0,1,0,0,0,1,0,1,1,1,1,1,1,0,1,1,0,0,0,0,1,1,1,1,1,0,0,0,1,0,0,0,1,1,1,0,0,1,1,1,0,1,0,1,0,0,1,0,1,1,0,0,0,0,0,0,0,1,0,1,0,0,2.8239087409443187,Imdevimab,Omicron/BQ.1 full genome
0,0,1,0,0,1,0,0,0,0,0,0,0,0,0,0,1,0,0,0,0,0,0,0,0,0,0,0,0,0,0,1,1,0,0,0,1,1,1,0,1,1,1,1,1,1,0,1,0,1,1,0,0,0,1,1,1,1,0,0,1,0,1,0,0,1,1,1,0,0,1,1,1,0,1,0,0,0,0,0,0,1,1,0,1,0,0,0,0,0,1,0,1,0,0,4.230448921378274,Imdevimab,Omicron/XBB full genome
0,0,0,0,0,0,0,0,0,0,0,0,0,0,0,0,0,0,0,0,0,0,0,0,0,0,0,0,0,0,0,0,0,0,0,0,0,0,0,0,0,0,0,0,0,0,0,0,0,0,0,0,0,0,0,0,0,0,0,0,0,0,0,0,0,0,0,0,0,0,1,0,0,0,0,0,0,0,0,0,0,0,0,0,0,0,0,0,0,0,0,0,0,0,0,0.6163004304425725,Imdevimab,WA1+S:614G
0,0,0,0,0,0,0,0,0,0,0,0,0,0,0,0,0,0,0,0,0,0,0,0,0,0,0,0,0,0,0,0,0,0,0,0,0,0,0,0,0,0,0,0,0,0,0,0,0,0,0,0,0,0,0,0,0,0,0,0,0,0,0,0,0,0,0,0,0,0,1,0,0,0,0,0,0,0,0,0,0,0,0,0,0,0,0,0,0,0,0,0,0,0,0,0.11970620967462309,Casirivimab,WA1+S:614G
0,0,1,1,0,1,0,1,0,0,0,0,0,0,0,0,0,0,0,0,0,0,0,0,0,0,0,0,0,0,0,0,0,0,1,0,0,0,0,1,1,1,0,0,0,1,0,1,0,0,1,0,0,0,0,1,1,1,0,0,0,0,0,1,1,1,1,1,1,0,1,1,1,1,1,0,1,0,0,1,0,1,1,0,0,1,0,0,0,0,1,1,1,1,0,3.1249387366083,Imdevimab,hCoV-19/USA/WI-WSLH-221686/2021
0,0,1,1,0,1,0,1,0,0,0,0,0,0,0,0,0,0,0,0,0,0,0,0,0,0,0,0,0,0,0,0,0,0,1,0,0,0,0,1,1,1,0,0,0,1,0,1,0,0,1,0,0,0,0,1,1,1,0,0,0,0,0,1,1,1,1,1,1,0,1,1,1,1,1,0,1,0,0,1,0,1,1,0,0,1,0,0,0,0,1,1,1,1,0,3.078313524516398,Casirivimab,hCoV-19/USA/WI-WSLH-221686/2021
0,0,0,0,0,0,0,0,0,0,0,0,0,0,0,0,0,0,0,0,0,0,0,0,0,0,0,0,0,0,0,0,0,0,0,0,0,0,0,0,0,0,0,0,0,1,0,0,0,0,0,0,0,0,0,0,0,0,0,0,0,0,0,0,0,0,0,0,0,0,0,0,0,0,0,0,0,0,0,0,0,0,0,0,0,0,0,0,0,0,0,0,0,0,0,-0.47712125471966244,Casirivimab+Imdevimab,S:417N
0,0,0,0,0,0,0,0,0,0,0,0,0,0,0,0,0,0,0,0,0,0,0,0,0,0,0,0,0,0,0,0,0,0,0,0,0,0,0,0,0,0,0,0,0,0,0,1,0,0,0,0,0,0,0,0,0,0,0,0,0,0,0,0,0,0,0,0,0,0,0,0,0,0,0,0,0,0,0,0,0,0,0,0,0,0,0,0,0,0,0,0,0,0,0,2.0086001717619175,Imdevimab,S:440K
0,0,0,0,0,0,0,0,0,0,0,0,0,0,0,0,0,0,0,0,0,0,0,0,0,0,0,0,0,0,0,0,0,0,0,0,0,0,0,0,0,0,0,0,0,0,0,1,0,0,0,0,0,0,0,0,0,0,0,0,0,0,0,0,0,0,0,0,0,0,0,0,0,0,0,0,0,0,0,0,0,0,0,0,0,0,0,0,0,0,0,0,0,0,0,-0.4445652207639396,Casirivimab,S:440K
0,0,0,0,0,0,0,0,0,0,0,0,0,0,0,0,0,0,0,0,0,0,0,0,0,0,0,0,0,0,0,0,0,0,0,0,0,0,0,0,0,0,0,0,0,0,0,1,0,0,0,0,0,0,0,0,0,0,0,0,0,0,0,0,0,0,0,0,0,0,0,0,0,0,0,0,0,0,0,0,0,0,0,0,0,0,0,0,0,0,0,0,0,0,0,-0.17609125905568124,Casirivimab+Imdevimab,S:440K
0,0,0,0,0,0,0,0,0,0,0,0,0,0,0,0,0,0,0,0,0,0,0,0,0,0,0,0,0,0,0,0,0,0,0,0,0,0,0,0,0,0,0,0,0,0,0,0,0,0,0,0,0,0,0,0,0,0,0,0,0,0,0,0,0,0,1,0,0,0,0,0,0,0,0,0,0,0,0,0,0,0,0,0,0,0,0,0,0,0,0,0,0,0,0,-0.47712125471966244,Casirivimab+Imdevimab,S:501Y
0,0,0,0,0,0,0,0,0,0,0,0,0,0,0,0,0,0,0,0,0,0,0,0,0,0,0,0,0,0,0,0,0,0,0,0,0,0,0,0,0,0,0,0,0,0,0,0,0,0,0,0,0,0,0,0,0,0,1,0,0,0,0,0,0,0,0,0,0,0,0,0,0,0,0,0,0,0,0,0,0,0,0,0,0,0,0,0,0,0,0,0,0,0,0,0.0,Casirivimab+Imdevimab,S:484K
0,0,0,0,0,0,0,0,0,0,0,0,0,0,0,0,0,0,0,0,0,0,0,0,0,0,0,0,0,0,0,0,0,0,0,0,0,0,0,0,0,0,0,0,0,1,0,0,0,0,0,0,0,0,0,0,0,0,1,0,0,0,0,0,0,0,1,0,0,0,0,0,0,0,0,0,0,0,0,0,0,0,0,0,0,0,0,0,0,0,0,0,0,0,0,-0.3521825181113625,Casirivimab+Imdevimab,S:417N+484K+501Y
0,0,0,0,0,0,0,0,0,0,0,0,0,0,1,1,0,0,0,0,0,0,0,0,0,0,0,0,0,0,0,0,0,0,0,0,0,0,0,0,0,0,0,0,0,0,0,0,0,0,0,0,0,0,0,0,0,0,1,0,0,0,0,0,0,0,1,0,0,0,1,1,0,0,0,0,0,0,0,0,0,0,0,0,0,0,0,0,0,0,0,0,0,0,0,-1.4232748278674099,Imdevimab,S:18F+20N+26S+138Y+190S+417T+484K+501Y+614G+655Y
0,0,0,0,0,0,0,0,0,0,0,0,0,0,1,1,0,0,0,0,0,0,0,0,0,0,0,0,0,0,0,0,0,0,0,0,0,0,0,0,0,0,0,0,0,0,0,0,0,0,0,0,0,0,0,0,0,0,1,0,0,0,0,0,0,0,1,0,0,0,1,1,0,0,0,0,0,0,0,0,0,0,0,0,0,0,0,0,0,0,0,0,0,0,0,1.7683065909056697,Casirivimab,S:18F+20N+26S+138Y+190S+417T+484K+501Y+614G+655Y
0,0,0,0,0,0,0,0,0,0,0,0,0,0,0,0,0,0,0,0,0,0,0,0,0,0,0,0,0,0,0,0,0,0,0,0,0,0,0,0,0,0,0,0,0,0,0,0,0,0,0,0,0,0,0,0,0,0,0,0,0,0,0,0,0,0,0,0,0,0,1,0,0,0,0,0,0,0,0,0,0,0,0,0,0,0,0,0,0,0,0,0,0,0,0,-0.1658116198111106,Casirivimab,S:222V+614G
0,0,0,0,0,0,0,0,0,0,0,0,0,0,0,0,0,0,0,0,0,0,0,0,0,0,0,0,0,0,0,0,0,0,0,0,0,0,0,0,0,0,0,0,0,0,0,0,0,0,0,0,0,0,0,0,0,0,0,0,0,0,0,0,0,0,0,0,0,0,1,0,0,0,0,0,1,0,0,1,0,0,0,0,0,0,0,0,0,0,0,0,0,0,0,-0.4984406015467942,Casirivimab,S:69del+70del+614G
0,0,0,0,0,0,0,0,0,0,0,0,0,0,0,0,0,0,0,0,0,0,0,0,0,0,0,0,0,0,0,0,0,0,0,0,0,0,0,0,0,0,0,0,0,0,0,0,0,0,0,0,0,0,0,0,0,0,0,0,0,0,0,0,0,0,1,0,0,0,1,0,0,0,0,0,1,0,0,1,0,0,0,0,0,0,0,0,0,0,0,0,0,0,0,-0.0956116727827756,Casirivimab,S:69del+70del+501Y+614G
0,0,0,0,0,1,0,0,0,0,0,0,0,0,0,0,0,0,0,0,0,0,0,0,0,0,0,0,0,0,0,0,0,0,0,0,0,0,0,0,0,0,0,0,0,0,0,0,0,0,0,0,0,0,0,0,0,0,1,0,0,0,0,0,0,0,1,0,0,0,1,0,0,0,1,0,1,0,0,1,1,0,0,0,0,0,0,0,0,0,0,0,0,0,0,1.020321577538711,Casirivimab,S:69del+70del+144del+484K+501Y+570D+614G+681H+716I+982A+1118H
0,0,0,0,0,0,0,0,0,0,0,0,0,0,0,0,0,0,0,0,0,0,0,0,0,0,0,0,0,0,0,0,0,0,0,0,0,0,0,0,0,0,0,0,0,1,0,0,0,0,0,0,0,0,0,0,0,0,0,0,0,0,0,0,0,0,0,0,0,0,1,0,0,0,0,0,0,0,0,0,0,0,0,0,0,0,0,0,0,0,0,0,0,0,0,0.8107072843393666,Casirivimab,S:417N+614G
0,0,0,0,0,0,0,0,0,0,0,0,0,0,0,0,0,0,0,0,0,0,0,0,0,0,0,0,0,0,0,0,0,0,0,0,0,0,0,0,0,0,0,0,0,1,0,0,0,0,0,0,0,0,0,0,0,0,1,0,0,0,0,0,0,0,1,0,0,0,1,0,0,0,0,0,0,0,0,0,0,0,0,0,0,0,0,0,0,0,0,0,0,0,0,3.078313524516398,Casirivimab,S:417N+484K+501Y+614G
0,0,0,0,0,0,0,0,0,0,0,0,0,0,1,0,0,0,0,0,0,0,0,1,0,1,1,1,0,0,0,0,0,0,0,0,0,0,0,0,0,0,0,0,0,1,0,0,0,0,0,0,0,0,0,0,0,0,1,0,0,0,0,0,0,0,1,0,0,0,1,0,0,0,0,0,0,1,0,0,0,0,0,1,0,0,0,0,0,0,0,0,0,0,0,3.078313524516398,Casirivimab,S:18F+80A+215G+242del+243del+244del+417N+484K+501Y+614G+701V
0,0,0,0,0,0,0,0,0,0,0,0,0,0,0,0,0,0,0,0,0,0,0,0,0,0,0,0,0,0,0,0,0,0,0,0,0,0,0,0,0,0,0,0,0,0,0,0,0,0,0,0,0,1,0,0,0,0,0,0,0,0,0,0,0,0,0,0,0,0,1,0,0,0,0,0,0,0,0,0,0,0,0,0,0,0,0,0,0,0,0,0,0,0,0,-0.24499286585873548,Casirivimab,S:452R+614G
0,0,0,0,0,0,0,0,0,0,0,0,0,0,0,0,0,0,0,0,0,0,0,0,0,0,0,0,0,0,0,0,0,0,0,0,0,0,0,0,0,0,0,0,0,0,0,0,0,0,0,0,0,1,0,0,0,0,1,0,0,0,0,0,0,0,0,0,0,0,1,0,0,0,0,0,0,0,0,0,0,0,0,0,0,0,0,0,0,0,0,0,0,0,0,0.8741935418604732,Casirivimab,S:13I+152C+452R+484K+614G
0,0,0,0,0,0,0,0,0,0,0,0,0,0,1,1,0,0,0,0,0,0,0,0,0,0,0,0,0,0,0,0,0,0,0,0,0,0,0,0,0,0,0,0,0,0,0,0,0,0,0,0,0,0,0,0,0,0,1,0,0,0,0,0,0,0,1,0,0,0,1,1,0,0,0,0,0,0,0,0,0,0,0,0,0,0,0,0,0,0,0,0,0,0,0,2.264789555070456,Casirivimab,S:18F+20N+26S+138Y+190S+417T+484K+501Y+614G+655Y+1027I
0,0,0,0,0,0,0,0,0,0,0,0,0,0,0,0,0,0,0,0,0,0,0,0,0,0,0,0,0,0,0,0,0,0,0,0,0,0,0,0,0,0,0,0,0,0,0,0,0,0,0,0,0,0,0,0,0,0,1,0,0,0,0,0,0,0,0,0,0,0,1,0,0,0,0,0,0,0,0,0,0,0,0,0,0,0,0,0,0,0,0,0,0,0,0,0.828049840085459,Casirivimab,S:484K+614G+1176F
0,0,0,0,0,0,0,0,0,0,0,0,0,0,0,0,0,0,0,0,0,0,0,0,0,0,0,0,0,0,0,0,0,0,0,0,0,0,0,0,0,0,0,0,0,0,0,0,0,0,0,0,0,0,0,0,0,0,0,0,0,0,0,0,0,0,0,0,0,0,1,0,0,0,0,0,0,0,0,0,0,0,0,0,0,0,0,0,0,0,0,0,0,0,0,0.4194049627698928,Imdevimab,S:222V+614G
0,0,0,0,0,0,0,0,0,0,0,0,0,0,0,0,0,0,0,0,0,0,0,0,0,0,0,0,0,0,0,0,0,0,0,0,0,0,0,0,0,0,0,0,0,0,0,0,0,0,0,0,0,0,0,0,0,0,0,0,0,0,0,0,0,0,0,0,0,0,1,0,0,0,0,0,1,0,0,1,0,0,0,0,0,0,0,0,0,0,0,0,0,0,0,-0.23160858690551267,Imdevimab,S:69del+70del+614G
0,0,0,0,0,0,0,0,0,0,0,0,0,0,0,0,0,0,0,0,0,0,0,0,0,0,0,0,0,0,0,0,0,0,0,0,0,0,0,0,0,0,0,0,0,0,0,0,0,0,0,0,0,0,0,0,0,0,0,0,0,0,0,0,0,0,1,0,0,0,1,0,0,0,0,0,1,0,0,1,0,0,0,0,0,0,0,0,0,0,0,0,0,0,0,0.49968708261840367,Imdevimab,S:69del+70del+501Y+614G
0,0,0,0,0,1,0,0,0,0,0,0,0,0,0,0,0,0,0,0,0,0,0,0,0,0,0,0,0,0,0,0,0,0,0,0,0,0,0,0,0,0,0,0,0,0,0,0,0,0,0,0,0,0,0,0,0,0,1,0,0,0,0,0,0,0,1,0,0,0,1,0,0,0,1,0,1,0,0,1,1,0,0,0,0,0,0,0,0,0,0,0,0,0,0,0.1623652345489235,Imdevimab,S:69del+70del+144del+484K+501Y+570D+614G+681H+716I+982A+1118H
0,0,0,0,0,0,0,0,0,0,0,0,0,0,0,0,0,0,0,0,0,0,0,0,0,0,0,0,0,0,0,0,0,0,0,0,0,0,0,0,0,0,0,0,0,1,0,0,0,0,0,0,0,0,0,0,0,0,0,0,0,0,0,0,0,0,0,0,0,0,1,0,0,0,0,0,0,0,0,0,0,0,0,0,0,0,0,0,0,0,0,0,0,0,0,-0.12687323638549974,Imdevimab,S:417N+614G
0,0,0,0,0,0,0,0,0,0,0,0,0,0,0,0,0,0,0,0,0,0,0,0,0,0,0,0,0,0,0,0,0,0,0,0,0,0,0,0,0,0,0,0,0,1,0,0,0,0,0,0,0,0,0,0,0,0,1,0,0,0,0,0,0,0,1,0,0,0,1,0,0,0,0,0,0,0,0,0,0,0,0,0,0,0,0,0,0,0,0,0,0,0,0,0.546542663478131,Imdevimab,S:417N+484K+501Y+614G
0,0,0,0,0,0,0,0,0,0,0,0,0,0,1,0,0,0,0,0,0,0,0,1,0,1,1,1,0,0,0,0,0,0,0,0,0,0,0,0,0,0,0,0,0,1,0,0,0,0,0,0,0,0,0,0,0,0,1,0,0,0,0,0,0,0,1,0,0,0,1,0,0,0,0,0,0,1,0,0,0,0,0,1,0,0,0,0,0,0,0,0,0,0,0,0.5123285629470293,Imdevimab,S:18F+80A+215G+242del+243del+244del+417N+484K+501Y+614G+701V
0,0,0,0,0,0,0,0,0,0,0,0,0,0,0,0,0,0,0,0,0,0,0,0,0,0,0,0,0,0,0,0,0,0,0,0,0,0,0,0,0,0,0,0,0,0,0,0,0,0,0,0,0,1,0,0,0,0,0,0,0,0,0,0,0,0,0,0,0,0,1,0,0,0,0,0,0,0,0,0,0,0,0,0,0,0,0,0,0,0,0,0,0,0,0,0.5149902330672871,Imdevimab,S:452R+614G
0,0,0,0,0,0,0,0,0,0,0,0,0,0,0,0,0,0,0,0,0,0,0,0,0,0,0,0,0,0,0,0,0,0,0,0,0,0,0,0,0,0,0,0,0,0,0,0,0,0,0,0,0,1,0,0,0,0,1,0,0,0,0,0,0,0,0,0,0,0,1,0,0,0,0,0,0,0,0,0,0,0,0,0,0,0,0,0,0,0,0,0,0,0,0,1.1803170679833,Imdevimab,S:13I+152C+452R+484K+614G
0,0,0,0,0,0,0,0,0,0,0,0,0,0,1,1,0,0,0,0,0,0,0,0,0,0,0,0,0,0,0,0,0,0,0,0,0,0,0,0,0,0,0,0,0,0,0,0,0,0,0,0,0,0,0,0,0,0,1,0,0,0,0,0,0,0,1,0,0,0,1,1,0,0,0,0,0,0,0,0,0,0,0,0,0,0,0,0,0,0,0,0,0,0,0,-0.06214790674884452,Imdevimab,S:18F+20N+26S+138Y+190S+417T+484K+501Y+614G+655Y+1027I
0,0,0,0,0,0,0,0,0,0,0,0,0,0,0,0,0,0,0,0,0,0,0,0,0,0,0,0,0,0,0,0,0,0,0,0,0,0,0,0,0,0,0,0,0,0,0,0,0,0,0,0,0,0,0,0,0,0,1,0,0,0,0,0,0,0,0,0,0,0,1,0,0,0,0,0,0,0,0,0,0,0,0,0,0,0,0,0,0,0,0,0,0,0,0,0.655138434811382,Imdevimab,S:484K+614G+1176F
0,0,0,0,0,0,0,0,0,0,0,0,0,0,0,0,0,0,0,0,0,0,0,0,0,0,0,0,0,0,0,0,0,0,0,0,0,0,0,0,0,0,0,0,0,0,0,0,0,0,0,0,0,0,0,1,0,0,0,0,0,0,0,0,0,0,0,0,0,0,1,0,0,0,0,0,0,0,0,0,0,0,0,0,0,0,0,0,0,0,0,0,0,0,0,0.3036228062422608,Casirivimab,S:477N+614G
0,0,0,0,0,0,0,0,0,0,0,0,0,0,0,0,0,0,0,0,0,0,0,0,0,0,0,0,0,0,0,0,0,0,0,0,0,0,0,0,0,0,0,0,0,0,0,0,0,0,0,0,0,0,0,1,0,0,0,0,0,0,0,0,0,0,0,0,0,0,1,0,0,0,0,0,0,0,0,0,0,0,0,0,0,0,0,0,0,0,0,0,0,0,0,0.5932860670204572,Imdevimab,S:477N+614G
0,0,0,0,0,1,0,0,0,0,0,0,0,0,0,0,0,0,0,0,0,0,0,0,0,0,0,0,0,0,0,0,0,0,0,0,0,0,0,0,0,0,0,0,0,0,0,0,0,0,0,0,0,0,0,0,0,0,0,0,0,0,0,0,0,0,1,0,0,0,1,0,0,0,1,0,1,0,0,1,1,0,0,0,0,0,0,0,0,0,0,0,0,0,0,-0.5994671807496827,Casirivimab,B.1.1.7 Spike_601443
0,0,0,0,0,1,0,0,0,0,0,0,0,0,0,0,0,0,0,0,0,0,0,0,0,0,0,0,0,0,0,0,0,0,0,0,0,0,0,0,0,0,0,0,0,0,0,0,0,0,0,0,0,0,0,0,0,0,0,0,0,0,0,0,0,0,1,0,0,0,1,0,0,0,1,0,1,0,0,1,1,0,0,0,0,0,0,0,0,0,0,0,0,0,0,-0.6197887582883941,Imdevimab,B.1.1.7 Spike_601443
0,0,0,0,0,0,0,0,0,0,0,0,0,0,1,0,0,0,0,0,0,0,0,1,0,1,1,1,0,0,0,0,0,0,0,0,0,0,0,0,0,0,0,0,0,1,0,0,0,0,0,0,0,0,0,0,0,0,1,0,0,0,0,0,0,0,1,0,0,0,1,0,0,0,0,0,0,1,0,0,0,0,0,1,0,0,0,0,0,0,0,0,0,0,0,0.7168027814710354,Casirivimab,B.1.351_700450 Spike
0,0,0,0,0,0,0,0,0,0,0,0,0,0,1,0,0,0,0,0,0,0,0,1,0,1,1,1,0,0,0,0,0,0,0,0,0,0,0,0,0,0,0,0,0,1,0,0,0,0,0,0,0,0,0,0,0,0,1,0,0,0,0,0,0,0,1,0,0,0,1,0,0,0,0,0,0,1,0,0,0,0,0,1,0,0,0,0,0,0,0,0,0,0,0,-0.5326385825694938,Imdevimab,B.1.351_700450 Spike
0,0,0,0,0,0,0,0,0,0,0,0,0,0,1,1,0,0,0,0,0,0,0,0,0,0,0,0,0,0,0,0,0,0,0,0,0,0,0,0,0,0,0,0,0,0,0,0,0,0,0,0,0,0,0,0,0,0,1,0,0,0,0,0,0,0,1,0,0,0,1,1,0,0,0,0,0,0,0,0,0,0,0,0,0,0,0,0,0,0,0,0,0,0,0,0.5176462183466606,Casirivimab,P.1_792681 Spike
0,0,0,0,0,0,0,0,0,0,0,0,0,0,1,1,0,0,0,0,0,0,0,0,0,0,0,0,0,0,0,0,0,0,0,0,0,0,0,0,0,0,0,0,0,0,0,0,0,0,0,0,0,0,0,0,0,0,1,0,0,0,0,0,0,0,1,0,0,0,1,1,0,0,0,0,0,0,0,0,0,0,0,0,0,0,0,0,0,0,0,0,0,0,0,-0.6989700043360189,Imdevimab,P.1_792681 Spike
0,0,0,0,0,0,0,0,0,0,0,0,0,0,0,0,0,0,0,0,0,0,0,0,0,0,0,0,0,0,0,0,0,0,0,0,0,0,0,0,0,0,0,0,0,0,0,0,0,0,0,0,0,0,0,0,0,0,0,0,0,0,0,0,0,0,0,0,0,0,0,1,0,0,0,0,0,0,0,0,0,0,0,0,0,0,0,0,0,0,0,0,0,0,0,-0.31962648415563966,Casirivimab,S:655Y
0,0,0,0,0,0,0,0,0,0,0,0,0,0,0,0,0,0,0,0,0,0,0,0,0,0,0,0,0,0,0,0,0,0,0,0,0,0,0,0,0,0,0,0,0,0,0,0,0,0,0,0,0,0,0,0,0,0,0,0,0,0,0,0,0,0,0,0,0,0,0,1,0,0,0,0,0,0,0,0,0,0,0,0,0,0,0,0,0,0,0,0,0,0,0,-0.11918640771920863,Imdevimab,S:655Y
0,0,0,0,0,0,0,0,0,0,0,0,1,0,0,0,0,1,0,0,0,0,0,0,0,0,0,0,0,0,0,0,0,0,0,0,0,0,0,0,0,0,0,0,0,0,0,0,0,0,0,0,0,1,0,0,1,0,0,0,0,0,0,0,0,0,0,0,0,0,1,0,0,0,0,1,0,0,0,0,0,0,0,0,0,0,0,0,0,1,0,0,0,0,0,0.6421346345582741,Imdevimab,S:19R+157del+158del+452R+478K+614G+681R+950N
0,0,0,0,0,0,0,0,0,0,0,0,0,0,0,0,0,0,0,0,0,0,0,1,0,0,0,0,0,0,0,0,0,0,0,0,1,0,0,0,0,0,0,0,0,0,0,0,1,0,0,0,0,0,1,0,1,0,0,0,0,0,0,0,0,0,0,0,0,0,0,0,0,0,0,0,0,0,0,0,0,0,0,0,0,0,0,0,0,0,0,0,0,0,0,3.0,Imdevimab,WIV1 Spike
0,0,1,0,0,0,0,0,0,0,0,0,0,0,0,0,1,0,0,0,0,1,0,0,0,0,0,0,0,0,0,1,1,0,1,0,0,0,1,0,1,1,1,1,1,1,0,1,0,0,0,0,0,0,0,1,1,1,0,0,0,0,0,1,0,1,1,1,0,0,1,1,1,0,1,0,0,0,0,0,0,1,1,0,0,0,0,0,0,0,1,0,1,0,0,1.6102341753343885,Imdevimab,Omicron/BA.2 full genome
0,0,1,0,0,0,0,0,0,0,0,0,0,0,0,0,1,0,0,0,0,1,0,0,0,0,0,0,0,0,0,1,1,0,1,0,0,0,1,0,1,1,1,1,1,1,0,1,0,0,0,0,0,1,0,1,1,1,0,0,0,1,0,0,0,1,1,1,0,0,1,1,1,0,1,0,1,0,0,1,0,1,1,0,0,0,0,0,0,0,1,0,1,0,0,1.9323384493677853,Imdevimab,Omicron/BA.4 full genome
0,0,0,0,0,0,0,0,0,0,0,0,0,0,0,0,0,0,0,0,0,0,0,0,0,0,0,0,0,0,0,0,0,0,0,0,0,0,0,0,0,0,0,0,0,0,0,0,0,0,0,0,0,0,0,0,0,0,0,0,0,0,0,0,0,0,0,0,0,0,1,0,0,0,0,0,0,0,0,0,0,0,0,0,0,0,0,0,0,0,0,0,0,0,0,-0.6206564798196208,Casirivimab,S:452M+614G
0,0,0,0,0,0,0,0,0,0,0,0,0,0,0,0,0,0,0,0,0,0,0,0,0,0,0,0,0,0,0,0,0,0,0,0,0,0,0,0,0,0,0,0,0,0,0,0,0,0,0,0,1,0,0,0,0,0,0,0,0,0,0,0,0,0,0,0,0,0,1,0,0,0,0,0,0,0,0,0,0,0,0,0,0,0,0,0,0,0,0,0,0,0,0,-0.6206564798196208,Casirivimab,S:452Q+614G
0,0,0,0,0,0,0,0,0,0,0,0,0,0,0,0,0,0,0,0,0,0,0,0,0,0,0,0,0,0,0,0,0,0,0,0,0,0,0,0,0,0,0,0,0,0,0,0,0,0,0,0,0,0,0,0,0,0,0,0,0,1,0,0,0,0,0,0,0,0,1,0,0,0,0,0,0,0,0,0,0,0,0,0,0,0,0,0,0,0,0,0,0,0,0,3.078313524516398,Casirivimab,S:486V+614G
0,0,0,0,0,0,0,0,0,0,0,0,0,0,0,0,0,0,0,0,0,0,0,0,0,0,0,0,0,0,0,0,0,0,0,0,0,0,0,0,0,0,0,0,0,0,0,0,0,0,0,0,0,0,0,0,0,0,0,0,0,0,0,0,0,0,0,0,0,0,1,0,0,0,0,0,0,0,1,0,0,0,0,0,0,0,0,0,0,0,0,0,0,0,0,-0.921686475483602,Casirivimab,S:614G+704L
0,0,0,0,0,0,0,0,0,0,0,0,0,0,0,0,0,0,0,0,0,0,0,0,0,0,0,0,0,0,0,0,0,0,0,0,0,0,0,0,0,0,0,0,0,0,0,0,0,0,0,0,1,0,0,0,0,0,0,0,0,0,0,0,0,0,0,0,0,0,1,0,0,0,0,0,0,0,1,0,0,0,0,0,0,0,0,0,0,0,0,0,0,0,0,-0.07658843546934524,Casirivimab,S:452Q+614G+704L
0,0,0,0,0,0,0,0,0,0,0,0,0,0,0,0,0,0,0,0,0,0,0,0,0,0,0,0,0,0,0,0,0,0,0,0,0,0,0,0,0,0,0,0,0,0,0,0,0,0,0,0,0,0,0,0,0,0,0,0,0,0,0,0,0,0,0,0,0,0,1,0,0,0,0,0,0,0,0,0,0,0,0,0,0,0,0,0,0,0,0,0,0,0,0,-0.8750612633917001,Imdevimab,S:452M+614G
0,0,0,0,0,0,0,0,0,0,0,0,0,0,0,0,0,0,0,0,0,0,0,0,0,0,0,0,0,0,0,0,0,0,0,0,0,0,0,0,0,0,0,0,0,0,0,0,0,0,0,0,1,0,0,0,0,0,0,0,0,0,0,0,0,0,0,0,0,0,1,0,0,0,0,0,0,0,0,0,0,0,0,0,0,0,0,0,0,0,0,0,0,0,0,-0.2730012720637377,Imdevimab,S:452Q+614G
0,0,0,0,0,0,0,0,0,0,0,0,0,0,0,0,0,0,0,0,0,0,0,0,0,0,0,0,0,0,0,0,0,0,0,0,0,0,0,0,0,0,0,0,0,0,0,0,0,0,0,0,0,0,0,0,0,0,0,0,0,1,0,0,0,0,0,0,0,0,1,0,0,0,0,0,0,0,0,0,0,0,0,0,0,0,0,0,0,0,0,0,0,0,0,-0.8750612633917001,Imdevimab,S:486V+614G
0,0,0,0,0,0,0,0,0,0,0,0,0,0,0,0,0,0,0,0,0,0,0,0,0,0,0,0,0,0,0,0,0,0,0,0,0,0,0,0,0,0,0,0,0,0,0,0,0,0,0,0,0,0,0,0,0,0,0,0,0,0,0,0,0,0,0,0,0,0,1,0,0,0,0,0,0,0,1,0,0,0,0,0,0,0,0,0,0,0,0,0,0,0,0,-0.5740312677277188,Imdevimab,S:614G+704L
0,0,0,0,0,0,0,0,0,0,0,0,0,0,0,0,0,0,0,0,0,0,0,0,0,0,0,0,0,0,0,0,0,0,0,0,0,0,0,0,0,0,0,0,0,0,0,0,0,0,0,0,1,0,0,0,0,0,0,0,0,0,0,0,0,0,0,0,0,0,1,0,0,0,0,0,0,0,1,0,0,0,0,0,0,0,0,0,0,0,0,0,0,0,0,-0.2730012720637377,Imdevimab,S:452Q+614G+704L
0,0,1,0,0,0,0,0,0,0,0,0,0,0,0,0,1,0,0,0,0,1,0,0,0,0,0,0,0,0,0,1,1,0,1,0,0,0,1,0,1,1,1,1,1,1,0,1,0,0,0,0,0,0,0,1,1,1,0,0,0,0,0,1,0,1,1,1,0,0,1,1,1,0,1,0,1,0,0,1,0,1,1,0,0,0,0,0,0,0,1,0,1,0,0,3.5584426854766624,Casirivimab,BA.2 Spike:69del+70del
0,0,1,0,0,0,0,0,0,0,0,0,0,0,0,0,1,0,0,0,0,1,0,0,0,0,0,0,0,0,0,1,1,0,1,0,0,0,1,0,1,1,1,1,1,1,0,1,0,0,0,0,0,1,0,1,1,1,0,0,0,0,0,1,0,1,1,1,0,0,1,1,1,0,1,0,0,0,0,0,0,1,1,0,0,0,0,0,0,0,1,0,1,0,0,3.5584426854766624,Casirivimab,BA.2.11 Spike
0,0,1,0,0,0,0,0,0,0,0,0,0,0,0,0,1,0,0,0,0,1,0,0,0,0,0,0,0,0,0,1,1,0,1,0,0,0,1,0,1,1,1,1,1,1,0,1,0,0,0,0,1,0,0,1,1,1,0,0,0,0,0,1,0,1,1,1,0,0,1,1,1,0,1,0,0,0,0,0,0,1,1,0,0,0,0,0,0,0,1,0,1,0,0,3.5584426854766624,Casirivimab,BA.2 Spike:L452Q
0,0,1,0,0,0,0,0,0,0,0,0,0,0,0,0,1,0,0,0,0,1,0,0,0,0,0,0,0,0,0,1,1,0,1,0,0,0,1,0,1,1,1,1,1,1,0,1,0,0,0,0,0,0,0,1,1,1,0,0,0,1,0,1,0,1,1,1,0,0,1,1,1,0,1,0,0,0,0,0,0,1,1,0,0,0,0,0,0,0,1,0,1,0,0,3.5584426854766624,Casirivimab,BA.2 Spike:F486V
0,0,1,0,0,0,0,0,0,0,0,0,0,0,0,0,1,0,0,0,0,1,0,0,0,0,0,0,0,0,0,1,1,0,1,0,0,0,1,0,1,1,1,1,1,1,0,1,0,0,0,0,0,0,0,1,1,1,0,0,0,0,0,0,0,1,1,1,0,0,1,1,1,0,1,0,0,0,0,0,0,1,1,0,0,0,0,0,0,0,1,0,1,0,0,2.0605847575559664,Casirivimab,BA.2 Spike:R493Q
0,0,1,0,0,0,0,0,0,0,0,0,0,0,0,0,1,0,0,0,0,1,0,0,0,0,0,0,0,0,0,1,1,0,1,0,0,0,1,0,1,1,1,1,1,1,0,1,0,0,0,0,0,0,0,1,1,1,0,0,0,0,0,1,0,1,1,1,0,0,1,1,1,0,1,0,0,0,1,0,0,1,1,0,0,0,0,0,0,0,1,0,1,0,0,3.5584426854766624,Casirivimab,BA.2 Spike:S704L
0,0,1,0,0,0,0,0,0,0,0,0,0,0,0,0,1,0,0,0,0,1,0,0,0,0,0,0,0,0,0,1,1,0,1,0,0,0,1,0,1,1,1,1,1,1,0,1,0,0,0,0,0,0,0,1,1,1,0,0,0,1,0,0,0,1,1,1,0,0,1,1,1,0,1,0,0,0,0,0,0,1,1,0,0,0,0,0,0,0,1,0,1,0,0,3.078313524516398,Casirivimab,BA.2 Spike:F486V+R493Q
0,0,1,0,0,0,0,0,0,0,0,0,0,0,0,0,1,0,0,0,0,1,0,0,0,0,0,0,0,0,0,1,1,0,1,0,0,0,1,0,1,1,1,1,1,1,0,1,0,0,0,0,0,0,0,1,1,1,0,0,0,0,0,1,0,1,1,1,0,0,1,1,1,0,1,0,1,0,0,1,0,1,1,0,0,0,0,0,0,0,1,0,1,0,0,3.5254594574866784,Imdevimab,BA.2 Spike:69del+70del
0,0,1,0,0,0,0,0,0,0,0,0,0,0,0,0,1,0,0,0,0,1,0,0,0,0,0,0,0,0,0,1,1,0,1,0,0,0,1,0,1,1,1,1,1,1,0,1,0,0,0,0,0,1,0,1,1,1,0,0,0,0,0,1,0,1,1,1,0,0,1,1,1,0,1,0,0,0,0,0,0,1,1,0,0,0,0,0,0,0,1,0,1,0,0,3.546805792527018,Imdevimab,BA.2.11 Spike
0,0,1,0,0,0,0,0,0,0,0,0,0,0,0,0,1,0,0,0,0,1,0,0,0,0,0,0,0,0,0,1,1,0,1,0,0,0,1,0,1,1,1,1,1,1,0,1,0,0,0,0,1,0,0,1,1,1,0,0,0,0,0,1,0,1,1,1,0,0,1,1,1,0,1,0,0,0,0,0,0,1,1,0,0,0,0,0,0,0,1,0,1,0,0,3.5303875529198754,Imdevimab,BA.2 Spike:L452Q
0,0,1,0,0,0,0,0,0,0,0,0,0,0,0,0,1,0,0,0,0,1,0,0,0,0,0,0,0,0,0,1,1,0,1,0,0,0,1,0,1,1,1,1,1,1,0,1,0,0,0,0,0,0,0,1,1,1,0,0,0,1,0,1,0,1,1,1,0,0,1,1,1,0,1,0,0,0,0,0,0,1,1,0,0,0,0,0,0,0,1,0,1,0,0,3.53723964938104,Imdevimab,BA.2 Spike:F486V
0,0,1,0,0,0,0,0,0,0,0,0,0,0,0,0,1,0,0,0,0,1,0,0,0,0,0,0,0,0,0,1,1,0,1,0,0,0,1,0,1,1,1,1,1,1,0,1,0,0,0,0,0,0,0,1,1,1,0,0,0,0,0,0,0,1,1,1,0,0,1,1,1,0,1,0,0,0,0,0,0,1,1,0,0,0,0,0,0,0,1,0,1,0,0,1.9700367766225568,Imdevimab,BA.2 Spike:R493Q
0,0,1,0,0,0,0,0,0,0,0,0,0,0,0,0,1,0,0,0,0,1,0,0,0,0,0,0,0,0,0,1,1,0,1,0,0,0,1,0,1,1,1,1,1,1,0,1,0,0,0,0,0,0,0,1,1,1,0,0,0,0,0,1,0,1,1,1,0,0,1,1,1,0,1,0,0,0,1,0,0,1,1,0,0,0,0,0,0,0,1,0,1,0,0,3.5251485067703614,Imdevimab,BA.2 Spike:S704L
0,0,1,0,0,0,0,0,0,0,0,0,0,0,0,0,1,0,0,0,0,1,0,0,0,0,0,0,0,0,0,1,1,0,1,0,0,0,1,0,1,1,1,1,1,1,0,1,0,0,0,0,0,0,0,1,1,1,0,0,0,1,0,0,0,1,1,1,0,0,1,1,1,0,1,0,0,0,0,0,0,1,1,0,0,0,0,0,0,0,1,0,1,0,0,2.0040346161083726,Imdevimab,BA.2 Spike:F486V+R493Q
0,0,0,0,0,0,0,0,1,0,0,0,0,0,0,0,0,0,0,0,0,0,0,0,0,0,0,0,0,0,0,0,0,0,0,0,0,0,0,0,0,0,0,0,0,0,0,0,0,0,0,0,0,0,0,0,0,0,0,0,0,0,0,0,0,0,0,0,0,0,1,0,0,0,0,0,0,0,0,0,0,0,0,0,0,0,0,0,0,0,0,0,0,0,0,-0.4445652207639396,Casirivimab,S:K147E+614G
0,0,0,0,0,0,0,0,0,1,0,0,0,0,0,0,0,0,0,0,0,0,0,0,0,0,0,0,0,0,0,0,0,0,0,0,0,0,0,0,0,0,0,0,0,0,0,0,0,0,0,0,0,0,0,0,0,0,0,0,0,0,0,0,0,0,0,0,0,0,1,0,0,0,0,0,0,0,0,0,0,0,0,0,0,0,0,0,0,0,0,0,0,0,0,-0.4445652207639396,Casirivimab,S:W152R+614G
0,0,0,0,0,0,0,0,0,0,0,1,0,0,0,0,0,0,0,0,0,0,0,0,0,0,0,0,0,0,0,0,0,0,0,0,0,0,0,0,0,0,0,0,0,0,0,0,0,0,0,0,0,0,0,0,0,0,0,0,0,0,0,0,0,0,0,0,0,0,1,0,0,0,0,0,0,0,0,0,0,0,0,0,0,0,0,0,0,0,0,0,0,0,0,-0.6206564798196208,Casirivimab,S:F157L+614G
0,0,0,0,0,0,0,0,0,0,0,0,0,0,0,0,0,0,1,0,0,0,0,0,0,0,0,0,0,0,0,0,0,0,0,0,0,0,0,0,0,0,0,0,0,0,0,0,0,0,0,0,0,0,0,0,0,0,0,0,0,0,0,0,0,0,0,0,0,0,1,0,0,0,0,0,0,0,0,0,0,0,0,0,0,0,0,0,0,0,0,0,0,0,0,-0.4445652207639396,Casirivimab,S:I210V+614G
0,0,0,0,0,0,0,0,0,0,0,0,0,0,0,0,0,0,0,0,0,0,0,0,0,0,0,0,0,1,0,0,0,0,0,0,0,0,0,0,0,0,0,0,0,0,0,0,0,0,0,0,0,0,0,0,0,0,0,0,0,0,0,0,0,0,0,0,0,0,1,0,0,0,0,0,0,0,0,0,0,0,0,0,0,0,0,0,0,0,0,0,0,0,0,-0.4445652207639396,Casirivimab,S:G257S+614G
0,0,0,0,0,0,0,0,0,0,0,0,0,0,0,0,0,0,0,0,0,0,0,0,0,0,0,0,0,0,0,0,0,0,0,0,0,0,0,0,0,0,0,0,0,0,0,0,0,0,0,0,0,0,0,0,0,0,0,0,0,0,0,0,0,0,0,0,0,0,1,0,0,0,0,0,0,0,0,0,0,0,0,0,0,0,0,0,0,0,0,0,0,0,0,-0.4445652207639396,Casirivimab,S:G339H+614G
0,0,0,0,0,0,0,0,0,0,0,0,0,0,0,0,0,0,0,0,0,0,0,0,0,0,0,0,0,0,0,0,0,0,0,0,0,0,0,0,0,0,0,0,0,0,0,0,0,0,1,0,0,0,0,0,0,0,0,0,0,0,0,0,0,0,0,0,0,0,1,0,0,0,0,0,0,0,0,0,0,0,0,0,0,0,0,0,0,0,0,0,0,0,0,-0.4445652207639396,Casirivimab,S:G446S+614G
0,0,0,0,0,0,0,0,0,0,0,0,0,0,0,0,0,0,0,0,0,0,0,0,0,0,0,0,0,0,0,0,0,0,0,0,0,0,0,0,0,0,0,0,0,0,0,0,0,0,0,0,0,0,1,0,0,0,0,0,0,0,0,0,0,0,0,0,0,0,1,0,0,0,0,0,0,0,0,0,0,0,0,0,0,0,0,0,0,0,0,0,0,0,0,-0.31962648415563966,Casirivimab,S:460K+614G
0,0,1,0,0,0,0,0,1,0,0,0,0,0,0,0,1,0,0,0,0,1,0,0,0,0,0,0,0,0,0,1,1,0,1,0,0,0,1,0,1,1,1,1,1,1,0,1,0,0,0,0,0,0,0,1,1,1,0,0,0,0,0,1,0,1,1,1,0,0,1,1,1,0,1,0,0,0,0,0,0,1,1,0,0,0,0,0,0,0,1,0,1,0,0,3.078313524516398,Casirivimab,BA.2 Spike:K147E
0,0,1,0,0,0,0,0,0,1,0,0,0,0,0,0,1,0,0,0,0,1,0,0,0,0,0,0,0,0,0,1,1,0,1,0,0,0,1,0,1,1,1,1,1,1,0,1,0,0,0,0,0,0,0,1,1,1,0,0,0,0,0,1,0,1,1,1,0,0,1,1,1,0,1,0,0,0,0,0,0,1,1,0,0,0,0,0,0,0,1,0,1,0,0,3.078313524516398,Casirivimab,BA.2 Spike:W152R
0,0,1,0,0,0,0,0,0,0,0,1,0,0,0,0,1,0,0,0,0,1,0,0,0,0,0,0,0,0,0,1,1,0,1,0,0,0,1,0,1,1,1,1,1,1,0,1,0,0,0,0,0,0,0,1,1,1,0,0,0,0,0,1,0,1,1,1,0,0,1,1,1,0,1,0,0,0,0,0,0,1,1,0,0,0,0,0,0,0,1,0,1,0,0,3.078313524516398,Casirivimab,BA.2 Spike:F157L
0,0,1,0,0,0,0,0,0,0,0,0,0,0,0,0,1,0,1,0,0,1,0,0,0,0,0,0,0,0,0,1,1,0,1,0,0,0,1,0,1,1,1,1,1,1,0,1,0,0,0,0,0,0,0,1,1,1,0,0,0,0,0,1,0,1,1,1,0,0,1,1,1,0,1,0,0,0,0,0,0,1,1,0,0,0,0,0,0,0,1,0,1,0,0,3.078313524516398,Casirivimab,BA.2 Spike:I210V
0,0,1,0,0,0,0,0,0,0,0,0,0,0,0,0,1,0,0,0,0,1,0,0,0,0,0,0,0,1,0,1,1,0,1,0,0,0,1,0,1,1,1,1,1,1,0,1,0,0,0,0,0,0,0,1,1,1,0,0,0,0,0,1,0,1,1,1,0,0,1,1,1,0,1,0,0,0,0,0,0,1,1,0,0,0,0,0,0,0,1,0,1,0,0,3.078313524516398,Casirivimab,BA.2 Spike:G257S
0,0,1,0,0,0,0,0,0,0,0,0,0,0,0,0,1,0,0,0,0,1,0,0,0,0,0,0,0,0,0,1,1,0,0,0,0,0,1,0,1,1,1,1,1,1,0,1,0,0,0,0,0,0,0,1,1,1,0,0,0,0,0,1,0,1,1,1,0,0,1,1,1,0,1,0,0,0,0,0,0,1,1,0,0,0,0,0,0,0,1,0,1,0,0,3.078313524516398,Casirivimab,BA.2 Spike:D339H
0,0,1,0,0,0,0,0,0,0,0,0,0,0,0,0,1,0,0,0,0,1,0,0,0,0,0,0,0,0,0,1,1,0,1,0,0,0,1,0,1,1,1,1,1,1,0,1,0,0,0,0,0,0,1,1,1,1,0,0,0,0,0,1,0,1,1,1,0,0,1,1,1,0,1,0,0,0,0,0,0,1,1,0,0,0,0,0,0,0,1,0,1,0,0,3.078313524516398,Casirivimab,BA.2 Spike:N460K
0,0,0,0,0,0,0,0,1,0,0,0,0,0,0,0,0,0,0,0,0,0,0,0,0,0,0,0,0,0,0,0,0,0,0,0,0,0,0,0,0,0,0,0,0,0,0,0,0,0,0,0,0,0,0,0,0,0,0,0,0,0,0,0,0,0,0,0,0,0,1,0,0,0,0,0,0,0,0,0,0,0,0,0,0,0,0,0,0,0,0,0,0,0,0,-0.5740312677277188,Imdevimab,S:K147E+614G
0,0,0,0,0,0,0,0,0,1,0,0,0,0,0,0,0,0,0,0,0,0,0,0,0,0,0,0,0,0,0,0,0,0,0,0,0,0,0,0,0,0,0,0,0,0,0,0,0,0,0,0,0,0,0,0,0,0,0,0,0,0,0,0,0,0,0,0,0,0,1,0,0,0,0,0,0,0,0,0,0,0,0,0,0,0,0,0,0,0,0,0,0,0,0,-0.39794000867203766,Imdevimab,S:W152R+614G
0,0,0,0,0,0,0,0,0,0,0,1,0,0,0,0,0,0,0,0,0,0,0,0,0,0,0,0,0,0,0,0,0,0,0,0,0,0,0,0,0,0,0,0,0,0,0,0,0,0,0,0,0,0,0,0,0,0,0,0,0,0,0,0,0,0,0,0,0,0,1,0,0,0,0,0,0,0,0,0,0,0,0,0,0,0,0,0,0,0,0,0,0,0,0,-0.39794000867203766,Imdevimab,S:F157L+614G
0,0,0,0,0,0,0,0,0,0,0,0,0,0,0,0,0,0,1,0,0,0,0,0,0,0,0,0,0,0,0,0,0,0,0,0,0,0,0,0,0,0,0,0,0,0,0,0,0,0,0,0,0,0,0,0,0,0,0,0,0,0,0,0,0,0,0,0,0,0,1,0,0,0,0,0,0,0,0,0,0,0,0,0,0,0,0,0,0,0,0,0,0,0,0,-0.39794000867203766,Imdevimab,S:I210V+614G
0,0,0,0,0,0,0,0,0,0,0,0,0,0,0,0,0,0,0,0,0,0,0,0,0,0,0,0,0,1,0,0,0,0,0,0,0,0,0,0,0,0,0,0,0,0,0,0,0,0,0,0,0,0,0,0,0,0,0,0,0,0,0,0,0,0,0,0,0,0,1,0,0,0,0,0,0,0,0,0,0,0,0,0,0,0,0,0,0,0,0,0,0,0,0,-0.2730012720637377,Imdevimab,S:G257S+614G
0,0,0,0,0,0,0,0,0,0,0,0,0,0,0,0,0,0,0,0,0,0,0,0,0,0,0,0,0,0,0,0,0,0,0,0,0,0,0,0,0,0,0,0,0,0,0,0,0,0,0,0,0,0,0,0,0,0,0,0,0,0,0,0,0,0,0,0,0,0,1,0,0,0,0,0,0,0,0,0,0,0,0,0,0,0,0,0,0,0,0,0,0,0,0,-0.2730012720637377,Imdevimab,S:G339H+614G
0,0,0,0,0,0,0,0,0,0,0,0,0,0,0,0,0,0,0,0,0,0,0,0,0,0,0,0,0,0,0,0,0,0,0,0,0,0,0,0,0,0,0,0,0,0,0,0,0,0,1,0,0,0,0,0,0,0,0,0,0,0,0,0,0,0,0,0,0,0,1,0,0,0,0,0,0,0,0,0,0,0,0,0,0,0,0,0,0,0,0,0,0,0,0,2.9889155205126867,Imdevimab,S:G446S+614G
0,0,0,0,0,0,0,0,0,0,0,0,0,0,0,0,0,0,0,0,0,0,0,0,0,0,0,0,0,0,0,0,0,0,0,0,0,0,0,0,0,0,0,0,0,0,0,0,0,0,0,0,0,0,1,0,0,0,0,0,0,0,0,0,0,0,0,0,0,0,1,0,0,0,0,0,0,0,0,0,0,0,0,0,0,0,0,0,0,0,0,0,0,0,0,-0.2730012720637377,Imdevimab,S:460K+614G
0,0,1,0,0,0,0,0,1,0,0,0,0,0,0,0,1,0,0,0,0,1,0,0,0,0,0,0,0,0,0,1,1,0,1,0,0,0,1,0,1,1,1,1,1,1,0,1,0,0,0,0,0,0,0,1,1,1,0,0,0,0,0,1,0,1,1,1,0,0,1,1,1,0,1,0,0,0,0,0,0,1,1,0,0,0,0,0,0,0,1,0,1,0,0,2.335792101923193,Imdevimab,BA.2 Spike:K147E
0,0,1,0,0,0,0,0,0,1,0,0,0,0,0,0,1,0,0,0,0,1,0,0,0,0,0,0,0,0,0,1,1,0,1,0,0,0,1,0,1,1,1,1,1,1,0,1,0,0,0,0,0,0,0,1,1,1,0,0,0,0,0,1,0,1,1,1,0,0,1,1,1,0,1,0,0,0,0,0,0,1,1,0,0,0,0,0,0,0,1,0,1,0,0,2.0080320951839896,Imdevimab,BA.2 Spike:W152R
0,0,1,0,0,0,0,0,0,0,0,1,0,0,0,0,1,0,0,0,0,1,0,0,0,0,0,0,0,0,0,1,1,0,1,0,0,0,1,0,1,1,1,1,1,1,0,1,0,0,0,0,0,0,0,1,1,1,0,0,0,0,0,1,0,1,1,1,0,0,1,1,1,0,1,0,0,0,0,0,0,1,1,0,0,0,0,0,0,0,1,0,1,0,0,1.8898617212581885,Imdevimab,BA.2 Spike:F157L
0,0,1,0,0,0,0,0,0,0,0,0,0,0,0,0,1,0,1,0,0,1,0,0,0,0,0,0,0,0,0,1,1,0,1,0,0,0,1,0,1,1,1,1,1,1,0,1,0,0,0,0,0,0,0,1,1,1,0,0,0,0,0,1,0,1,1,1,0,0,1,1,1,0,1,0,0,0,0,0,0,1,1,0,0,0,0,0,0,0,1,0,1,0,0,2.265132415186931,Imdevimab,BA.2 Spike:I210V
0,0,1,0,0,0,0,0,0,0,0,0,0,0,0,0,1,0,0,0,0,1,0,0,0,0,0,0,0,1,0,1,1,0,1,0,0,0,1,0,1,1,1,1,1,1,0,1,0,0,0,0,0,0,0,1,1,1,0,0,0,0,0,1,0,1,1,1,0,0,1,1,1,0,1,0,0,0,0,0,0,1,1,0,0,0,0,0,0,0,1,0,1,0,0,2.165541076722373,Imdevimab,BA.2 Spike:G257S
0,0,1,0,0,0,0,0,0,0,0,0,0,0,0,0,1,0,0,0,0,1,0,0,0,0,0,0,0,0,0,1,1,0,0,0,0,0,1,0,1,1,1,1,1,1,0,1,0,0,0,0,0,0,0,1,1,1,0,0,0,0,0,1,0,1,1,1,0,0,1,1,1,0,1,0,0,0,0,0,0,1,1,0,0,0,0,0,0,0,1,0,1,0,0,2.17260293120986,Imdevimab,BA.2 Spike:D339H
0,0,1,0,0,0,0,0,0,0,0,0,0,0,0,0,1,0,0,0,0,1,0,0,0,0,0,0,0,0,0,1,1,0,1,0,0,0,1,0,1,1,1,1,1,1,0,1,0,0,0,0,0,0,1,1,1,1,0,0,0,0,0,1,0,1,1,1,0,0,1,1,1,0,1,0,0,0,0,0,0,1,1,0,0,0,0,0,0,0,1,0,1,0,0,2.6062380099411557,Imdevimab,BA.2 Spike:N460K
0,0,1,1,0,1,0,1,0,0,0,0,0,0,0,0,0,0,0,0,0,0,0,0,0,0,0,0,0,0,0,0,0,0,1,0,0,0,0,1,1,1,0,0,0,1,0,1,0,0,1,0,0,0,0,1,1,1,0,0,0,0,0,1,1,1,1,1,1,0,1,1,1,1,1,0,1,0,0,1,0,1,1,0,0,1,0,0,0,0,1,1,1,1,0,3.078313524516398,Casirivimab,B.1.1.529 Spike
0,0,1,1,0,1,0,1,0,0,0,0,0,0,0,0,0,0,0,0,0,0,0,0,0,0,0,0,0,0,0,0,0,0,1,0,0,0,0,1,1,1,0,0,0,1,0,1,0,0,1,0,0,0,0,1,1,1,0,0,0,0,0,1,1,1,1,1,1,0,1,1,1,1,1,0,1,0,0,1,0,1,1,0,0,1,0,0,0,0,1,1,1,1,0,3.1249387366083,Imdevimab,B.1.1.529 Spike
0,0,1,1,0,1,0,1,0,0,0,0,0,0,0,0,0,0,0,0,0,0,0,0,0,0,0,0,0,0,0,0,0,0,1,0,0,0,0,1,1,1,0,0,0,1,0,1,0,0,1,0,0,0,0,1,1,1,0,0,0,0,0,1,1,1,1,1,1,0,1,1,1,1,1,0,1,0,0,1,0,1,1,0,0,1,0,0,0,0,1,1,1,1,0,2.3467874862246565,Casirivimab+Imdevimab,hCoV-19/Germany/HE-FFM-30286807/2021
0,0,1,0,0,0,0,0,0,0,0,0,0,0,0,0,1,0,0,0,0,1,0,0,0,0,0,0,0,0,0,1,1,0,1,0,0,0,1,0,1,1,1,1,1,1,0,1,0,0,0,0,0,1,0,1,1,1,0,0,0,1,0,0,0,1,1,1,0,0,1,1,1,0,1,0,1,0,0,1,0,1,1,0,0,0,0,0,0,0,1,0,1,0,0,4.476253533188435,Casirivimab,Omicron/BA.5 full genome
0,0,1,0,0,1,0,0,0,0,0,0,0,0,0,0,1,0,0,0,0,0,0,0,0,0,0,0,0,0,0,1,1,0,0,0,1,1,1,0,1,1,1,1,1,1,0,1,0,1,1,0,0,0,1,1,1,1,0,0,0,0,1,0,0,1,1,1,0,0,1,1,1,0,1,0,0,0,0,0,0,1,1,0,1,0,0,0,0,0,1,0,1,0,0,4.476253533188435,Casirivimab,Omicron/XBB.1.5 full genome
0,0,1,0,0,0,0,0,0,0,0,0,0,0,0,0,1,0,0,0,0,1,0,0,0,0,0,0,0,0,0,1,1,0,1,0,0,0,1,0,1,1,1,1,1,1,0,1,0,0,0,0,0,1,0,1,1,1,0,0,0,1,0,0,0,1,1,1,0,0,1,1,1,0,1,0,1,0,0,1,0,1,1,0,0,0,0,0,0,0,1,0,1,0,0,1.591361459042092,Imdevimab,Omicron/BA.5 full genome
0,0,1,0,0,1,0,0,0,0,0,0,0,0,0,0,1,0,0,0,0,0,0,0,0,0,0,0,0,0,0,1,1,0,0,0,1,1,1,0,1,1,1,1,1,1,0,1,0,1,1,0,0,0,1,1,1,1,0,0,0,0,1,0,0,1,1,1,0,0,1,1,1,0,1,0,0,0,0,0,0,1,1,0,1,0,0,0,0,0,1,0,1,0,0,4.522878745280337,Imdevimab,Omicron/XBB.1.5 full genome
0,0,1,0,0,1,0,0,0,0,0,0,0,0,0,0,1,0,0,0,0,0,0,0,0,0,0,0,0,0,0,1,1,0,0,0,1,1,1,0,1,1,1,1,1,1,0,1,0,1,1,0,0,0,1,1,1,1,0,0,0,0,1,0,0,1,1,1,0,0,1,1,1,0,1,0,0,0,0,0,0,1,1,0,1,0,0,0,0,0,1,0,1,0,0,2.7809163658568252,Casirivimab,XBB.1.5 Spike
0,0,1,0,0,1,0,0,0,0,0,0,0,0,0,0,1,0,0,0,0,0,0,0,0,0,0,0,0,0,0,1,1,0,0,0,1,1,1,0,1,1,1,1,1,1,0,1,0,1,1,0,0,0,1,1,1,1,0,0,0,0,1,0,0,1,1,1,0,0,1,1,1,0,1,0,0,0,0,0,0,1,1,0,1,0,0,0,0,0,1,0,1,0,0,2.8239087409443187,Imdevimab,XBB.1.5 Spike
0,0,1,0,0,1,0,0,0,0,0,0,0,0,0,0,1,0,0,0,0,0,0,0,0,0,0,0,0,0,0,1,1,0,0,0,1,1,1,0,1,1,1,1,1,1,0,1,0,1,1,0,0,0,1,1,1,1,0,0,0,0,1,0,0,1,1,1,0,0,1,1,1,0,1,0,0,0,0,0,0,1,1,0,1,0,0,0,0,0,1,0,1,0,0,2.7809163658568252,Casirivimab,XBB.1.5 Spike:E180V
0,0,1,0,0,1,0,0,0,0,0,0,0,0,0,0,1,0,0,0,0,0,0,0,0,0,0,0,0,0,0,1,1,0,0,0,1,1,1,0,1,1,1,1,1,1,0,1,0,1,1,0,0,0,1,1,1,1,0,0,0,0,1,0,0,1,1,1,0,0,1,1,1,0,1,0,0,0,0,0,0,1,1,0,1,0,0,0,0,0,1,0,1,0,0,2.8239087409443187,Imdevimab,XBB.1.5 Spike:E180V
0,0,1,0,0,1,0,0,0,0,0,0,0,0,0,0,1,0,0,0,0,0,0,0,0,0,0,0,0,0,0,1,1,0,0,0,1,1,1,0,1,1,1,1,1,1,0,1,0,1,1,0,0,0,1,1,0,1,0,0,0,0,1,0,0,1,1,1,0,0,1,1,1,0,1,0,0,0,0,0,0,1,1,0,1,0,0,0,0,0,1,0,1,0,0,2.7809163658568252,Casirivimab,XBB.1.5 Spike:T478R
0,0,1,0,0,1,0,0,0,0,0,0,0,0,0,0,1,0,0,0,0,0,0,0,0,0,0,0,0,0,0,1,1,0,0,0,1,1,1,0,1,1,1,1,1,1,0,1,0,1,1,0,0,0,1,1,0,1,0,0,0,0,1,0,0,1,1,1,0,0,1,1,1,0,1,0,0,0,0,0,0,1,1,0,1,0,0,0,0,0,1,0,1,0,0,2.8239087409443187,Imdevimab,XBB.1.5 Spike:T478R
0,0,1,0,0,1,0,0,0,0,0,0,0,0,0,0,1,0,0,0,0,0,0,0,0,0,0,0,0,0,0,1,1,0,0,0,1,1,1,0,1,1,1,1,1,1,0,1,0,1,1,0,0,0,1,1,0,1,0,0,0,0,1,0,0,1,1,1,0,0,1,1,1,0,1,0,0,0,0,0,0,1,1,0,1,0,0,0,0,0,1,0,1,0,0,2.7809163658568252,Casirivimab,XBB.1.16 Spike
0,0,1,0,0,1,0,0,0,0,0,0,0,0,0,0,1,0,0,0,0,0,0,0,0,0,0,0,0,0,0,1,1,0,0,0,1,1,1,0,1,1,1,1,1,1,0,1,0,1,1,0,0,0,1,1,0,1,0,0,0,0,1,0,0,1,1,1,0,0,1,1,1,0,1,0,0,0,0,0,0,1,1,0,1,0,0,0,0,0,1,0,1,0,0,2.8239087409443187,Imdevimab,XBB.1.16 Spike
0,0,0,0,0,0,0,0,0,0,0,0,0,0,0,0,0,0,0,0,0,0,0,0,0,0,0,0,0,0,0,0,0,0,0,0,0,0,0,0,0,0,0,0,0,0,0,0,0,0,0,0,0,0,0,0,0,0,0,0,0,0,0,0,0,0,1,0,0,0,0,0,0,0,0,0,1,0,0,1,0,0,0,0,0,0,0,0,0,0,0,0,0,0,0,0.161098894832848,Casirivimab,S:69del+70del+501Y
0,0,0,0,0,0,0,0,0,0,0,0,0,0,0,0,0,0,0,0,0,0,0,0,0,0,0,0,0,0,0,0,0,0,0,0,0,0,0,0,0,0,0,0,0,0,0,0,0,0,0,0,0,0,0,0,0,0,0,0,0,0,0,0,0,0,1,0,0,0,0,0,0,0,0,0,1,0,0,1,0,0,0,0,0,0,0,0,0,0,0,0,0,0,0,0.2952004520032574,Imdevimab,S:69del+70del+501Y
0,0,0,0,0,0,0,0,0,0,0,0,0,0,0,0,0,0,0,0,0,0,0,0,0,0,0,0,0,0,0,0,0,0,0,0,0,0,0,0,0,0,0,0,0,0,0,0,0,0,0,0,0,0,0,0,0,0,1,0,0,0,0,0,0,0,1,0,0,0,0,0,0,0,0,0,0,0,0,0,0,0,0,0,0,0,0,0,0,0,0,0,0,0,0,2.6803735158443605,Casirivimab,S:417T+484K+501Y
0,0,0,0,0,0,0,0,0,0,0,0,0,0,0,0,0,0,0,0,0,0,0,0,0,0,0,0,0,0,0,0,0,0,0,0,0,0,0,0,0,0,0,0,0,0,0,0,0,0,0,0,0,0,0,0,0,0,1,0,0,0,0,0,0,0,1,0,0,0,0,0,0,0,0,0,0,0,0,0,0,0,0,0,0,0,0,0,0,0,0,0,0,0,0,-0.17609125905568124,Imdevimab,S:417T+484K+501Y
0,0,0,0,0,1,0,0,0,0,0,0,0,0,0,0,0,0,0,0,0,0,0,0,0,0,0,0,0,0,0,0,0,0,0,0,0,0,0,0,0,0,0,0,0,0,0,0,0,0,0,0,0,0,0,0,0,0,0,0,0,0,0,0,0,0,1,0,0,0,1,0,0,0,0,0,1,0,0,1,1,0,0,0,0,0,0,0,0,0,0,0,0,0,0,-0.2227164711475832,Casirivimab,S:69del+70del+144del+501Y+570D+614G+716I+982A+1118H
0,0,0,0,0,1,0,0,0,0,0,0,0,0,0,0,0,0,0,0,0,0,0,0,0,0,0,0,0,0,0,0,0,0,0,0,0,0,0,0,0,0,0,0,0,0,0,0,0,0,0,0,0,0,0,0,0,0,0,0,0,0,0,0,0,0,1,0,0,0,1,0,0,0,0,0,1,0,0,1,1,0,0,0,0,0,0,0,0,0,0,0,0,0,0,-0.17609125905568124,Imdevimab,S:69del+70del+144del+501Y+570D+614G+716I+982A+1118H
0,0,1,0,0,0,0,0,0,0,0,0,0,0,0,0,0,0,0,0,0,0,0,0,0,0,0,0,0,0,0,0,0,0,0,0,0,0,0,0,0,0,0,0,0,0,0,0,0,0,0,0,0,1,0,0,0,0,0,0,0,0,0,0,0,0,0,0,0,0,1,0,0,0,0,0,0,0,0,0,0,0,0,0,0,0,0,0,0,0,0,1,0,0,0,1.0592254622932415,Casirivimab,S:95I+142D+154K+452R+484Q+614G+1071H
0,0,1,0,0,0,0,0,0,0,0,0,0,0,0,0,0,0,0,0,0,0,0,0,0,0,0,0,0,0,0,0,0,0,0,0,0,0,0,0,0,0,0,0,0,0,0,0,0,0,0,0,0,1,0,0,0,0,0,0,0,0,0,0,0,0,0,0,0,0,1,0,0,0,0,0,0,0,0,0,0,0,0,0,0,0,0,0,0,0,0,1,0,0,0,0.2772270809913564,Imdevimab,S:95I+142D+154K+452R+484Q+614G+1071H
0,0,1,0,0,0,0,0,0,0,1,0,1,1,0,0,0,1,0,0,0,0,0,0,0,0,0,0,0,0,0,0,0,0,0,0,0,0,0,0,0,0,0,0,0,0,0,0,0,0,0,0,0,1,0,0,1,0,0,0,0,0,0,0,0,0,0,0,0,0,1,0,0,0,0,0,0,0,0,0,0,0,0,0,0,0,0,0,0,1,0,0,0,0,0,-0.2227164711475832,Casirivimab,S:19R+142D+156del+157del+158G+452R+478K+614G+950N
0,0,1,0,0,0,0,0,0,0,1,0,1,1,0,0,0,1,0,0,0,0,0,0,0,0,0,0,0,0,0,0,0,0,0,0,0,0,0,0,0,0,0,0,0,0,0,0,0,0,0,0,0,1,0,0,1,0,0,0,0,0,0,0,0,0,0,0,0,0,1,0,0,0,0,0,0,0,0,0,0,0,0,0,0,0,0,0,0,1,0,0,0,0,0,0.6134894531087443,Imdevimab,S:19R+142D+156del+157del+158G+452R+478K+614G+950N
0,0,0,0,0,0,0,0,0,0,0,0,0,0,0,0,0,0,0,0,0,0,0,0,0,0,0,0,0,0,0,0,0,0,0,1,0,0,0,0,0,0,0,0,0,0,0,1,0,0,0,0,0,0,1,0,0,0,0,1,0,0,0,0,0,0,0,0,0,0,0,0,0,0,0,0,0,0,0,0,0,0,0,0,0,0,0,0,0,0,0,0,0,0,0,2.7772835288524167,Casirivimab,Pang17 Spike
0,0,0,0,0,0,0,0,0,0,0,0,0,0,0,0,0,0,0,0,0,0,0,0,0,0,0,0,0,0,0,0,0,0,0,1,0,0,0,0,0,0,0,0,0,0,0,1,0,0,0,0,0,0,1,0,0,0,0,1,0,0,0,0,0,0,0,0,0,0,0,0,0,0,0,0,0,0,0,0,0,0,0,0,0,0,0,0,0,0,0,0,0,0,0,2.8239087409443187,Imdevimab,Pang17 Spike
0,0,0,0,0,0,0,0,0,0,0,0,0,0,0,0,0,0,0,0,0,0,0,1,0,0,0,0,0,0,0,0,0,0,0,0,1,0,0,0,0,0,0,0,0,0,0,0,1,0,0,0,0,0,1,0,1,0,0,0,0,0,0,0,0,0,0,0,0,0,0,0,0,0,0,0,0,0,0,0,0,0,0,0,0,0,0,0,0,0,0,0,0,0,0,2.7772835288524167,Casirivimab,WIV1 Spike
0,0,0,0,0,0,0,0,0,0,0,0,0,0,0,0,0,0,0,0,0,0,0,0,0,0,0,0,0,0,0,0,0,0,1,0,0,0,0,1,1,1,0,0,0,1,0,1,0,0,1,0,0,0,0,1,1,1,0,0,0,0,0,1,1,1,1,1,0,0,0,0,0,0,0,0,0,0,0,0,0,0,0,0,0,0,0,0,0,0,0,0,0,0,0,2.425968732272281,Imdevimab,BA.1 RBD
0,0,0,0,0,0,0,0,0,0,0,0,0,0,0,0,0,0,0,0,0,0,0,0,0,0,0,0,0,0,0,0,0,0,1,0,0,0,0,1,1,1,0,0,0,1,0,1,0,0,1,0,0,0,0,1,1,1,0,0,0,0,0,1,1,1,1,1,0,0,0,0,0,0,0,0,0,0,0,0,0,0,0,0,0,0,0,0,0,0,0,0,0,0,0,2.379343520180379,Casirivimab,BA.1 RBD
